2025-04-30 13:16:26,512 [INFO] Activator:176 - 


2025-04-30 13:16:26,514 [INFO] Activator:177 - !SESSION log4j initialized
2025-04-30 13:16:30,018 [INFO] LogOutputStream:77 - [STDOUT_REDIRECT] 
2025-04-30 13:16:35,940 [INFO] ApplicationProperties:184 - Using Application install path: G:\stm32cubeide\Install\STM32CubeIDE_1.18.0\STM32CubeIDE\plugins\com.st.stm32cube.common.mx_6.14.0.202502271554
2025-04-30 13:16:35,954 [INFO] DbMcusXml:78 - Set database path to: G:\stm32cubeide\Install\STM32CubeIDE_1.18.0\STM32CubeIDE\plugins\com.st.stm32cube.common.mx_6.14.0.202502271554\\db\/mcu/
2025-04-30 13:16:35,954 [INFO] ApiDb:274 - Set plugin database path to: G:\stm32cubeide\Install\STM32CubeIDE_1.18.0\STM32CubeIDE\plugins\com.st.stm32cube.common.mx_6.14.0.202502271554\\db\/plugins/boardmanager/
2025-04-30 13:16:35,954 [WARN] ApiDb:259 - Overriding images path with different value:  => G:\stm32cubeide\Install\STM32CubeIDE_1.18.0\STM32CubeIDE\plugins\com.st.stm32cube.common.mx_6.14.0.202502271554\\db\/plugins/mcufinder/images/
2025-04-30 13:16:35,959 [INFO] ApiDb:250 - Set database path to: C:\Users\Nghia\.stmcufinder\plugins\mcufinder//mcu/
2025-04-30 13:16:35,960 [INFO] DbMcusAds:125 - Set database path to: C:\Users\Nghia\.stmcufinder\plugins\mcufinder//mcu/
2025-04-30 13:16:35,962 [INFO] CrossReferenceDbSqlite:203 - Set database path to: C:\Users\Nghia\.stmcufinder\plugins\mcufinder//mcu/cs/
2025-04-30 13:16:36,053 [INFO] RulesReader:64 - Compatibility file has been processed (301 Rules)
2025-04-30 13:16:36,125 [INFO] DbMcusXml:78 - Set database path to: G:\stm32cubeide\Install\STM32CubeIDE_1.18.0\STM32CubeIDE\plugins\com.st.stm32cube.common.mx_6.14.0.202502271554\\db\/mcu/
2025-04-30 13:16:36,126 [INFO] ApiDb:274 - Set plugin database path to: G:\stm32cubeide\Install\STM32CubeIDE_1.18.0\STM32CubeIDE\plugins\com.st.stm32cube.common.mx_6.14.0.202502271554\\db\/plugins/boardmanager/
2025-04-30 13:16:36,126 [INFO] ApiDb:261 - Set plugin images path to: G:\stm32cubeide\Install\STM32CubeIDE_1.18.0\STM32CubeIDE\plugins\com.st.stm32cube.common.mx_6.14.0.202502271554\\db\/plugins/mcufinder/images/
2025-04-30 13:16:36,126 [WARN] DbFile:41 - Overriding database path with different value: C:\Users\Nghia\.stmcufinder\plugins\mcufinder/ => C:\Users\Nghia\.stmcufinder\plugins\mcufinder
2025-04-30 13:16:36,126 [INFO] ApiDb:250 - Set database path to: C:\Users\Nghia\.stmcufinder\plugins\mcufinder//mcu/
2025-04-30 13:16:36,126 [WARN] DbFile:41 - Overriding database path with different value: C:\Users\Nghia\.stmcufinder\plugins\mcufinder/ => C:\Users\Nghia\.stmcufinder\plugins\mcufinder
2025-04-30 13:16:36,126 [INFO] DbMcusAds:125 - Set database path to: C:\Users\Nghia\.stmcufinder\plugins\mcufinder//mcu/
2025-04-30 13:16:36,126 [WARN] DbFile:41 - Overriding database path with different value: C:\Users\Nghia\.stmcufinder\plugins\mcufinder/ => C:\Users\Nghia\.stmcufinder\plugins\mcufinder
2025-04-30 13:16:36,126 [WARN] DbFile:41 - Overriding database path with different value: C:\Users\Nghia\.stmcufinder\plugins\mcufinder/ => C:\Users\Nghia\.stmcufinder\plugins\mcufinder
2025-04-30 13:16:36,126 [INFO] CrossReferenceDbSqlite:203 - Set database path to: C:\Users\Nghia\.stmcufinder\plugins\mcufinder//mcu/cs/
2025-04-30 13:16:36,196 [INFO] MainPanel:272 - HeapMemory: 268435456
2025-04-30 13:16:36,286 [INFO] DbMcusXml:78 - Set database path to: G:\stm32cubeide\Install\STM32CubeIDE_1.18.0\STM32CubeIDE\plugins\com.st.stm32cube.common.mx_6.14.0.202502271554\\db\/mcu/
2025-04-30 13:16:36,286 [INFO] ApiDb:274 - Set plugin database path to: G:\stm32cubeide\Install\STM32CubeIDE_1.18.0\STM32CubeIDE\plugins\com.st.stm32cube.common.mx_6.14.0.202502271554\\db\/plugins/boardmanager/
2025-04-30 13:16:36,286 [INFO] ApiDb:261 - Set plugin images path to: G:\stm32cubeide\Install\STM32CubeIDE_1.18.0\STM32CubeIDE\plugins\com.st.stm32cube.common.mx_6.14.0.202502271554\\db\/plugins/mcufinder/images/
2025-04-30 13:16:36,286 [WARN] DbFile:41 - Overriding database path with different value: C:\Users\Nghia\.stmcufinder\plugins\mcufinder/ => C:\Users\Nghia\.stmcufinder\plugins\mcufinder
2025-04-30 13:16:36,286 [INFO] ApiDb:250 - Set database path to: C:\Users\Nghia\.stmcufinder\plugins\mcufinder//mcu/
2025-04-30 13:16:36,286 [WARN] DbFile:41 - Overriding database path with different value: C:\Users\Nghia\.stmcufinder\plugins\mcufinder/ => C:\Users\Nghia\.stmcufinder\plugins\mcufinder
2025-04-30 13:16:36,286 [INFO] DbMcusAds:125 - Set database path to: C:\Users\Nghia\.stmcufinder\plugins\mcufinder//mcu/
2025-04-30 13:16:36,287 [WARN] DbFile:41 - Overriding database path with different value: C:\Users\Nghia\.stmcufinder\plugins\mcufinder/ => C:\Users\Nghia\.stmcufinder\plugins\mcufinder
2025-04-30 13:16:36,287 [WARN] DbFile:41 - Overriding database path with different value: C:\Users\Nghia\.stmcufinder\plugins\mcufinder/ => C:\Users\Nghia\.stmcufinder\plugins\mcufinder
2025-04-30 13:16:36,287 [INFO] CrossReferenceDbSqlite:203 - Set database path to: C:\Users\Nghia\.stmcufinder\plugins\mcufinder//mcu/cs/
2025-04-30 13:16:36,303 [INFO] ApplicationProperties:184 - Using Application install path: G:\stm32cubeide\Install\STM32CubeIDE_1.18.0\STM32CubeIDE\plugins\com.st.stm32cube.common.mx_6.14.0.202502271554
2025-04-30 13:16:36,304 [INFO] PluginManage:196 - Search for loadable plugins [exclusion list=, ]
2025-04-30 13:16:36,305 [INFO] PluginManage:310 - Check plugin analytics
2025-04-30 13:16:41,499 [INFO] AnalyticsPlugin:253 - Accepted Software Licenses: STM32CubeMX.6.8.0,STM32CubeMX.6.1.1
2025-04-30 13:16:41,500 [INFO] AnalyticsPlugin:255 - Accepted CMSIS Pack Licenses: 
2025-04-30 13:16:41,500 [INFO] AnalyticsPlugin:257 - Accepted Firmware Licenses: FW.F4.1.27.0,FW.F4.1.28.0
2025-04-30 13:16:41,502 [INFO] PluginManage:359 - Loaded plugin analytics (category:tool,tabindex:-1)
2025-04-30 13:16:41,502 [INFO] PluginManage:310 - Check plugin cadmodel
2025-04-30 13:16:41,506 [INFO] CADModel:105 - Init CAD model plugin
2025-04-30 13:16:41,506 [INFO] PluginManage:359 - Loaded plugin cadmodel (category:power,tabindex:5)
2025-04-30 13:16:41,506 [INFO] PluginManage:310 - Check plugin clock
2025-04-30 13:16:41,516 [INFO] PluginManage:359 - Loaded plugin clock (category:base,tabindex:2)
2025-04-30 13:16:41,516 [INFO] PluginManage:310 - Check plugin ddr
2025-04-30 13:16:41,518 [INFO] PluginManage:359 - Loaded plugin ddr (category:tool,tabindex:6)
2025-04-30 13:16:41,519 [INFO] PluginManage:310 - Check plugin filemanager
2025-04-30 13:16:41,701 [INFO] PluginManage:359 - Loaded plugin filemanager (category:base,tabindex:10)
2025-04-30 13:16:41,701 [INFO] PluginManage:310 - Check plugin ipmanager
2025-04-30 13:16:41,710 [INFO] PluginManage:359 - Loaded plugin ipmanager (category:base,tabindex:5)
2025-04-30 13:16:41,710 [INFO] PluginManage:310 - Check plugin lpbam
2025-04-30 13:16:41,717 [INFO] PluginManage:359 - Loaded plugin lpbam (category:base,tabindex:0)
2025-04-30 13:16:41,717 [INFO] PluginManage:310 - Check plugin memorymap
2025-04-30 13:16:41,729 [INFO] PluginManage:359 - Loaded plugin memorymap (category:base,tabindex:4)
2025-04-30 13:16:41,729 [INFO] PluginManage:310 - Check plugin pinoutandconfiguration
2025-04-30 13:16:41,736 [INFO] PluginManage:359 - Loaded plugin pinoutandconfiguration (category:base,tabindex:1)
2025-04-30 13:16:41,736 [INFO] PluginManage:310 - Check plugin pinoutconfig
2025-04-30 13:16:41,815 [WARN] SupportedApi:132 - Cannot load RTOS API schema: s4s-elt-must-match.1: The content of 'definitions' must match (annotation?, (simpleType | complexType)?, (unique | key | keyref)*)). A problem was found starting at: attribute.
2025-04-30 13:16:41,947 [INFO] PluginManage:359 - Loaded plugin pinoutconfig (category:base,tabindex:0)
2025-04-30 13:16:41,947 [INFO] PluginManage:310 - Check plugin power
2025-04-30 13:16:41,964 [INFO] PluginManage:359 - Loaded plugin power (category:power,tabindex:4)
2025-04-30 13:16:41,964 [INFO] PluginManage:310 - Check plugin projectmanager
2025-04-30 13:16:41,986 [INFO] PluginManage:359 - Loaded plugin projectmanager (category:projectmanager,tabindex:4)
2025-04-30 13:16:41,986 [INFO] PluginManage:310 - Check plugin rif
2025-04-30 13:16:42,004 [INFO] PluginManage:359 - Loaded plugin rif (category:base,tabindex:3)
2025-04-30 13:16:42,004 [INFO] PluginManage:310 - Check plugin thirdparty
2025-04-30 13:16:42,150 [WARN] IntegrityCheckThread:84 - waiting for thirdparty lock release [integrity check]
2025-04-30 13:16:42,150 [INFO] PluginManage:359 - Loaded plugin thirdparty (category:base,tabindex:-1)
2025-04-30 13:16:42,150 [INFO] IntegrityCheckThread:86 - entering critical section [integrity check]
2025-04-30 13:16:42,150 [INFO] PluginManage:310 - Check plugin tools
2025-04-30 13:16:42,150 [INFO] ThirdPartyUpdaterWithRetryManager:70 - Updater plugin not ready yet. [1/15]
2025-04-30 13:16:42,153 [INFO] PluginManage:359 - Loaded plugin tools (category:base,tabindex:7)
2025-04-30 13:16:42,153 [INFO] PluginManage:310 - Check plugin tutovideos
2025-04-30 13:16:42,339 [INFO] PluginManage:359 - Loaded plugin tutovideos (category:base,tabindex:-1)
2025-04-30 13:16:42,340 [INFO] PluginManage:310 - Check plugin updater
2025-04-30 13:16:42,362 [INFO] PluginManage:359 - Loaded plugin updater (category:base,tabindex:12)
2025-04-30 13:16:42,362 [INFO] PluginManage:310 - Check plugin userauth
2025-04-30 13:16:42,367 [INFO] UserAuth:118 - Init User Auth plugin
2025-04-30 13:16:42,368 [INFO] PluginManage:359 - Loaded plugin userauth (category:base,tabindex:14)
2025-04-30 13:16:42,369 [INFO] PluginManage:283 - PluginManage : Loaded plugins [18]
2025-04-30 13:16:42,588 [INFO] PinOutPanel:1589 - setPackage(No Configuration,No Configuration)
2025-04-30 13:16:42,669 [INFO] CADModel:165 - CPN selected for project level
2025-04-30 13:16:42,669 [INFO] CADModel:114 - Register for checkConnection events
2025-04-30 13:16:42,683 [INFO] IPUIPlugin:80 - create IPUIPlugin
2025-04-30 13:16:42,683 [INFO] PluginManager:220 - loadIPPluginJar : add adc
2025-04-30 13:16:42,686 [INFO] IPUIPlugin:80 - create IPUIPlugin
2025-04-30 13:16:42,686 [INFO] PluginManager:220 - loadIPPluginJar : add aes
2025-04-30 13:16:42,688 [INFO] IPUIPlugin:80 - create IPUIPlugin
2025-04-30 13:16:42,689 [INFO] PluginManager:220 - loadIPPluginJar : add can
2025-04-30 13:16:42,690 [INFO] IPUIPlugin:80 - create IPUIPlugin
2025-04-30 13:16:42,690 [INFO] PluginManager:220 - loadIPPluginJar : add comp
2025-04-30 13:16:42,692 [INFO] IPUIPlugin:80 - create IPUIPlugin
2025-04-30 13:16:42,692 [INFO] PluginManager:220 - loadIPPluginJar : add cryp
2025-04-30 13:16:42,695 [INFO] IPUIPlugin:80 - create IPUIPlugin
2025-04-30 13:16:42,695 [INFO] PluginManager:220 - loadIPPluginJar : add ddr_ctrl_phy
2025-04-30 13:16:42,697 [INFO] IPUIPlugin:80 - create IPUIPlugin
2025-04-30 13:16:42,697 [INFO] PluginManager:220 - loadIPPluginJar : add dfsdm
2025-04-30 13:16:42,701 [INFO] IPUIPlugin:80 - create IPUIPlugin
2025-04-30 13:16:42,701 [INFO] PluginManager:220 - loadIPPluginJar : add dma
2025-04-30 13:16:42,704 [INFO] IPUIPlugin:80 - create IPUIPlugin
2025-04-30 13:16:42,704 [INFO] PluginManager:220 - loadIPPluginJar : add dma3
2025-04-30 13:16:42,706 [INFO] IPUIPlugin:80 - create IPUIPlugin
2025-04-30 13:16:42,706 [INFO] PluginManager:220 - loadIPPluginJar : add extmemmanager
2025-04-30 13:16:42,707 [INFO] IPUIPlugin:80 - create IPUIPlugin
2025-04-30 13:16:42,707 [INFO] PluginManager:220 - loadIPPluginJar : add fatfs
2025-04-30 13:16:42,710 [INFO] IPUIPlugin:80 - create IPUIPlugin
2025-04-30 13:16:42,710 [INFO] PluginManager:220 - loadIPPluginJar : add fmc
2025-04-30 13:16:42,715 [INFO] IPUIPlugin:80 - create IPUIPlugin
2025-04-30 13:16:42,715 [INFO] PluginManager:220 - loadIPPluginJar : add freertos
2025-04-30 13:16:42,716 [INFO] IPUIPlugin:80 - create IPUIPlugin
2025-04-30 13:16:42,716 [INFO] PluginManager:220 - loadIPPluginJar : add genericplugin
2025-04-30 13:16:42,718 [INFO] IPUIPlugin:80 - create IPUIPlugin
2025-04-30 13:16:42,718 [INFO] PluginManager:220 - loadIPPluginJar : add gfxmmu
2025-04-30 13:16:42,721 [INFO] IPUIPlugin:80 - create IPUIPlugin
2025-04-30 13:16:42,722 [INFO] PluginManager:220 - loadIPPluginJar : add gic
2025-04-30 13:16:42,724 [INFO] IPUIPlugin:80 - create IPUIPlugin
2025-04-30 13:16:42,724 [INFO] PluginManager:220 - loadIPPluginJar : add gpio
2025-04-30 13:16:42,726 [INFO] IPUIPlugin:80 - create IPUIPlugin
2025-04-30 13:16:42,726 [INFO] PluginManager:220 - loadIPPluginJar : add gtzc
2025-04-30 13:16:42,728 [INFO] IPUIPlugin:80 - create IPUIPlugin
2025-04-30 13:16:42,728 [INFO] PluginManager:220 - loadIPPluginJar : add hash
2025-04-30 13:16:42,730 [INFO] IPUIPlugin:80 - create IPUIPlugin
2025-04-30 13:16:42,730 [INFO] PluginManager:220 - loadIPPluginJar : add i2c
2025-04-30 13:16:42,732 [INFO] IPUIPlugin:80 - create IPUIPlugin
2025-04-30 13:16:42,732 [INFO] PluginManager:220 - loadIPPluginJar : add i2s
2025-04-30 13:16:42,734 [INFO] IPUIPlugin:80 - create IPUIPlugin
2025-04-30 13:16:42,734 [INFO] PluginManager:220 - loadIPPluginJar : add i3c
2025-04-30 13:16:42,737 [INFO] IPUIPlugin:80 - create IPUIPlugin
2025-04-30 13:16:42,737 [INFO] PluginManager:220 - loadIPPluginJar : add ipddr
2025-04-30 13:16:42,744 [INFO] IPUIPlugin:80 - create IPUIPlugin
2025-04-30 13:16:42,744 [INFO] PluginManager:220 - loadIPPluginJar : add linkedlist
2025-04-30 13:16:42,746 [INFO] IPUIPlugin:80 - create IPUIPlugin
2025-04-30 13:16:42,747 [INFO] PluginManager:220 - loadIPPluginJar : add lorawan
2025-04-30 13:16:42,748 [INFO] IPUIPlugin:80 - create IPUIPlugin
2025-04-30 13:16:42,748 [INFO] PluginManager:220 - loadIPPluginJar : add ltdc
2025-04-30 13:16:42,754 [INFO] IPUIPlugin:80 - create IPUIPlugin
2025-04-30 13:16:42,754 [INFO] PluginManager:220 - loadIPPluginJar : add mdma
2025-04-30 13:16:42,757 [INFO] IPUIPlugin:80 - create IPUIPlugin
2025-04-30 13:16:42,757 [INFO] PluginManager:220 - loadIPPluginJar : add nvic
2025-04-30 13:16:42,760 [INFO] IPUIPlugin:80 - create IPUIPlugin
2025-04-30 13:16:42,760 [INFO] PluginManager:220 - loadIPPluginJar : add opamp
2025-04-30 13:16:42,763 [INFO] IPUIPlugin:80 - create IPUIPlugin
2025-04-30 13:16:42,763 [INFO] PluginManager:220 - loadIPPluginJar : add openamp
2025-04-30 13:16:42,766 [INFO] IPUIPlugin:80 - create IPUIPlugin
2025-04-30 13:16:42,766 [INFO] PluginManager:220 - loadIPPluginJar : add pdm2pcm
2025-04-30 13:16:42,771 [INFO] IPUIPlugin:80 - create IPUIPlugin
2025-04-30 13:16:42,773 [INFO] PluginManager:220 - loadIPPluginJar : add plateformsettings
2025-04-30 13:16:42,775 [INFO] IPUIPlugin:80 - create IPUIPlugin
2025-04-30 13:16:42,775 [INFO] PluginManager:220 - loadIPPluginJar : add quadspi
2025-04-30 13:16:42,777 [INFO] IPUIPlugin:80 - create IPUIPlugin
2025-04-30 13:16:42,778 [INFO] PluginManager:220 - loadIPPluginJar : add radio
2025-04-30 13:16:42,780 [INFO] IPUIPlugin:80 - create IPUIPlugin
2025-04-30 13:16:42,780 [INFO] PluginManager:220 - loadIPPluginJar : add resmgrutility
2025-04-30 13:16:42,786 [INFO] IPUIPlugin:80 - create IPUIPlugin
2025-04-30 13:16:42,786 [INFO] PluginManager:220 - loadIPPluginJar : add sai
2025-04-30 13:16:42,789 [INFO] IPUIPlugin:80 - create IPUIPlugin
2025-04-30 13:16:42,789 [INFO] PluginManager:220 - loadIPPluginJar : add spi
2025-04-30 13:16:42,794 [INFO] IPUIPlugin:80 - create IPUIPlugin
2025-04-30 13:16:42,794 [INFO] PluginManager:220 - loadIPPluginJar : add stm32_wpan
2025-04-30 13:16:42,796 [INFO] IPUIPlugin:80 - create IPUIPlugin
2025-04-30 13:16:42,796 [INFO] PluginManager:220 - loadIPPluginJar : add tim
2025-04-30 13:16:42,799 [INFO] IPUIPlugin:80 - create IPUIPlugin
2025-04-30 13:16:42,799 [INFO] PluginManager:220 - loadIPPluginJar : add touchsensing
2025-04-30 13:16:42,801 [INFO] IPUIPlugin:80 - create IPUIPlugin
2025-04-30 13:16:42,801 [INFO] PluginManager:220 - loadIPPluginJar : add tracer_emb
2025-04-30 13:16:42,803 [INFO] IPUIPlugin:80 - create IPUIPlugin
2025-04-30 13:16:42,803 [INFO] PluginManager:220 - loadIPPluginJar : add ts
2025-04-30 13:16:42,805 [INFO] IPUIPlugin:80 - create IPUIPlugin
2025-04-30 13:16:42,805 [INFO] PluginManager:220 - loadIPPluginJar : add tsc
2025-04-30 13:16:42,808 [INFO] IPUIPlugin:80 - create IPUIPlugin
2025-04-30 13:16:42,808 [INFO] PluginManager:220 - loadIPPluginJar : add ucpd
2025-04-30 13:16:42,811 [INFO] IPUIPlugin:80 - create IPUIPlugin
2025-04-30 13:16:42,812 [INFO] PluginManager:220 - loadIPPluginJar : add usart
2025-04-30 13:16:42,814 [INFO] IPUIPlugin:80 - create IPUIPlugin
2025-04-30 13:16:42,815 [INFO] PluginManager:220 - loadIPPluginJar : add usbx
2025-04-30 13:16:42,946 [FATAL] Updater:351 - Updater called before beeing initialized
2025-04-30 13:16:42,972 [INFO] RulesReader:64 - Compatibility file has been processed (301 Rules)
2025-04-30 13:16:42,983 [INFO] RulesReader:64 - Compatibility file has been processed (301 Rules)
2025-04-30 13:16:42,992 [INFO] CADModel:165 - CPN selected for project level
2025-04-30 13:16:42,992 [INFO] CADModel:114 - Register for checkConnection events
2025-04-30 13:16:42,992 [FATAL] Updater:351 - Updater called before beeing initialized
2025-04-30 13:16:42,993 [ERROR] CADModel:125 - Updater not yet initialized, retry later 
2025-04-30 13:16:43,132 [FATAL] Updater:351 - Updater called before beeing initialized
2025-04-30 13:16:43,134 [INFO] CADModel:165 - CPN selected for project level
2025-04-30 13:16:43,134 [INFO] CADModel:114 - Register for checkConnection events
2025-04-30 13:16:43,134 [FATAL] Updater:351 - Updater called before beeing initialized
2025-04-30 13:16:43,134 [ERROR] CADModel:125 - Updater not yet initialized, retry later 
2025-04-30 13:16:43,137 [FATAL] Updater:351 - Updater called before beeing initialized
2025-04-30 13:16:43,230 [FATAL] Updater:351 - Updater called before beeing initialized
2025-04-30 13:16:43,234 [INFO] DbMcusAds:53 - JSON generation date=Thu Mar 06 21:54:22 ICT 2025 (1741272862078)
2025-04-30 13:16:43,234 [FATAL] Updater:351 - Updater called before beeing initialized
2025-04-30 13:16:43,267 [WARN] DetailPanel:346 - Failed to get advertising image, set to default
2025-04-30 13:16:43,493 [FATAL] Updater:351 - Updater called before beeing initialized
2025-04-30 13:16:43,495 [FATAL] Updater:351 - Updater called before beeing initialized
2025-04-30 13:16:43,495 [FATAL] Updater:351 - Updater called before beeing initialized
2025-04-30 13:16:43,496 [WARN] DetailPanel:346 - Failed to get advertising image, set to default
2025-04-30 13:16:43,496 [FATAL] Updater:351 - Updater called before beeing initialized
2025-04-30 13:16:43,541 [ERROR] Updater:1198 - MainUpdater not yet initialized. External WinMGr cannot be set.
2025-04-30 13:16:43,543 [INFO] Updater:1134 - Updater Version found : 6.14.0
2025-04-30 13:16:43,561 [INFO] ApplicationProperties:184 - Using Application install path: G:\stm32cubeide\Install\STM32CubeIDE_1.18.0\STM32CubeIDE\plugins\com.st.stm32cube.common.mx_6.14.0.202502271554
2025-04-30 13:16:43,960 [INFO] MainUpdater:2872 - connection check result : 10
2025-04-30 13:16:43,961 [INFO] MainUpdater:289 - Updater Check For Update Now.
2025-04-30 13:16:43,961 [INFO] MicroXplorer:498 - Change Database Version : DB.6.0.140
2025-04-30 13:16:43,969 [INFO] McuFinderGlobals:63 - Set McuFinder mode to 2 (CubeIDE integrated)
2025-04-30 13:16:43,971 [INFO] UserAuth:486 - Internet connection configuration mode: 1
2025-04-30 13:16:43,998 [INFO] JxBrowserEngine:152 - Initiate JxBrowser Engine with user profile folder
2025-04-30 13:16:44,170 [INFO] CheckServerUpdateThread:120 - End of CheckServer Thread
2025-04-30 13:16:44,180 [INFO] MainUpdater:2872 - connection check result : 10
2025-04-30 13:16:44,745 [INFO] ApiDb:581 - Connected to CubeFinder SQLite database (C:\Users\Nghia\.stmcufinder\plugins\mcufinder\mcu\cube-finder-db.db)
2025-04-30 13:16:44,938 [INFO] ApiDb:668 - CubeFinder database Data Model version=2.1
2025-04-30 13:16:44,939 [INFO] ApiDb:669 - CubeFinder database Configuration version=3.0.39
2025-04-30 13:16:44,939 [INFO] ApiDb:670 - CubeFinder database generation date=2025-04-23 (1745419778)
2025-04-30 13:16:44,939 [INFO] ApiDb:671 - CubeFinder database FW Pack versions=[FP-ATR-ASTRA1_V2.0.0, FP-SNS-FLIGHT1_V5.1.0, FP-SNS-MOTENV1_V5.0.0, FP-SNS-MOTENVWB1_V1.4.0, FP-SNS-SMARTAG2_V1.2.0, FP-SNS-STBOX1_V2.0.0, STM32Cube_FW_C0_V1.4.0, STM32Cube_FW_F4_V1.28.1, STM32Cube_FW_F7_V1.17.2, STM32Cube_FW_G0_V1.6.2, STM32Cube_FW_G4_V1.6.1, STM32Cube_FW_H5_V1.5.0, STM32Cube_FW_H7RS_V1.2.0, STM32Cube_FW_H7_V1.12.1, STM32Cube_FW_L0_V1.12.2, STM32Cube_FW_L4_V1.18.1, STM32Cube_FW_L5_V1.5.1, STM32Cube_FW_N6_V1.1.1, STM32Cube_FW_U0_V1.2.0, STM32Cube_FW_U3_V1.1.0, STM32Cube_FW_U5_V1.7.0, STM32Cube_FW_WB0_V1.2.0, STM32Cube_FW_WBA_V1.6.0, STM32Cube_FW_WB_V1.22.0, STM32Cube_FW_WL3_V1.1.0, STM32Cube_FW_WL_V1.3.1, X-CUBE-ALGOBUILD_V1.4.0, X-CUBE-ALS_V1.0.2, X-CUBE-AZRTOS-F4_V1.1.0, X-CUBE-AZRTOS-F7_V1.1.0, X-CUBE-AZRTOS-G0_V1.1.0, X-CUBE-AZRTOS-G4_V2.0.0, X-CUBE-AZRTOS-H7RS_V1.1.0, X-CUBE-AZRTOS-H7_V3.3.0, X-CUBE-AZRTOS-L4_V2.0.0, X-CUBE-AZRTOS-L5_V2.0.0, X-CUBE-AZRTOS-WB_V2.0.0, X-CUBE-AZRTOS-WL_V2.0.0, X-CUBE-BLE1_V7.1.0, X-CUBE-BLE2_V3.3.0, X-CUBE-BLEMGR_V4.0.0, X-CUBE-EEPRMA1_V5.1.0, X-CUBE-FREERTOS_V1.3.0, X-CUBE-GNSS1_V6.0.0, X-CUBE-MEMS1_V11.2.0, X-CUBE-NFC4_V3.0.0, X-CUBE-NFC7_V1.0.1, X-CUBE-SFXS2LP1_V4.0.0, X-CUBE-SUBG2_V5.0.0, X-CUBE-TOF1_V3.4.3]
2025-04-30 13:16:45,092 [INFO] DbBoardsSqlite:226 - include board P-NUCLEO-WB55-NUCLEO as a kit item of type 'Nucleo-64'
2025-04-30 13:16:45,093 [INFO] DbBoardsSqlite:226 - include board P-NUCLEO-WB55-USBDONGLE as a kit item of type 'Nucleo USB Dongle'
2025-04-30 13:16:45,094 [INFO] DbBoardsSqlite:226 - include board STEVAL-IDP005V1 as a kit item of type 'Evaluation Board'
2025-04-30 13:16:45,095 [INFO] DbBoardsSqlite:226 - include board STEVAL-IDP005V2 as a kit item of type 'Evaluation Board'
2025-04-30 13:16:45,101 [INFO] WebApp:169 - Instantiating new browser for Auth
2025-04-30 13:16:45,577 [WARN] PackLoader:240 - Cannot read IP mode file for STMicroelectronics.FP-SNS-MOTENVWB1.1.4.0
2025-04-30 13:16:45,595 [WARN] PackLoader:240 - Cannot read IP mode file for STMicroelectronics.FP-ATR-ASTRA1.2.0.2
2025-04-30 13:16:45,620 [WARN] PackLoader:240 - Cannot read IP mode file for STMicroelectronics.X-CUBE-SMBUS.2.1.0
2025-04-30 13:16:45,632 [WARN] PackLoader:240 - Cannot read IP mode file for STMicroelectronics.X-CUBE-WB05N.1.1.0
2025-04-30 13:16:45,686 [WARN] PackLoader:240 - Cannot read IP mode file for STMicroelectronics.X-CUBE-AZRTOS-F7.1.1.0
2025-04-30 13:16:45,704 [WARN] PackLoader:240 - Cannot read IP mode file for STMicroelectronics.FP-SNS-FLIGHT1.5.0.2
2025-04-30 13:16:45,721 [WARN] PackLoader:240 - Cannot read IP mode file for STMicroelectronics.X-CUBE-DISPLAY.3.0.0
2025-04-30 13:16:45,738 [WARN] PackLoader:240 - Cannot read IP mode file for STMicroelectronics.X-CUBE-BLE1.7.0.0
2025-04-30 13:16:45,748 [WARN] PackLoader:240 - Cannot read IP mode file for STMicroelectronics.X-CUBE-NFC10.1.0.0
2025-04-30 13:16:45,769 [WARN] PackLoader:240 - Cannot read IP mode file for STMicroelectronics.X-CUBE-BLEMGR.4.0.0
2025-04-30 13:16:45,786 [WARN] PackLoader:240 - Cannot read IP mode file for emotas.I-CUBE-CANOPEN.1.3.0
2025-04-30 13:16:45,795 [WARN] ConditionMgr:438 - getConditionDescription Invalid condition id : Cortex-A Device cause : null
2025-04-30 13:16:45,836 [WARN] ConditionMgr:1044 - genDependencies : Invalid condition id : Cortex-A Device cause : null
2025-04-30 13:16:45,836 [WARN] ConditionMgr:1044 - genDependencies : Invalid condition id : Cortex-A Device cause : null
2025-04-30 13:16:45,836 [WARN] ConditionMgr:1044 - genDependencies : Invalid condition id : Cortex-A Device cause : null
2025-04-30 13:16:45,849 [WARN] PackLoader:240 - Cannot read IP mode file for STMicroelectronics.X-CUBE-BLEMGR.3.1.0
2025-04-30 13:16:45,859 [WARN] PackLoader:240 - Cannot read IP mode file for STMicroelectronics.X-CUBE-AI.10.0.0
2025-04-30 13:16:45,866 [WARN] PackLoader:240 - Cannot read IP mode file for STMicroelectronics.FP-SNS-SMARTAG2.1.2.0
2025-04-30 13:16:45,873 [WARN] PackLoader:240 - Cannot read IP mode file for STMicroelectronics.FP-SNS-FLIGHT1.5.1.0
2025-04-30 13:16:45,962 [WARN] PackLoader:240 - Cannot read IP mode file for STMicroelectronics.X-CUBE-MEMS1.11.1.0
2025-04-30 13:16:46,118 [INFO] ApiDb:240 - Found 895 in-development CPN: [B-G473E-ZEST1S, B-WB1M-WPAN1, B-WBA5M-WPAN, B-WL5M-SUBG1, NUCLEO-C031C6, NUCLEO-C051C8, NUCLEO-C071RB, NUCLEO-C092RC, NUCLEO-H503RB, NUCLEO-H533RE, NUCLEO-H563ZI, NUCLEO-H7S3L8, NUCLEO-N657X0-Q, NUCLEO-U031R8, NUCLEO-U083RC, NUCLEO-U385RG-Q, NUCLEO-U545RE-Q, NUCLEO-U5A5ZJ-Q, NUCLEO-WB05KZ, NUCLEO-WB07CC, NUCLEO-WB09KE, NUCLEO-WBA52CG, NUCLEO-WBA55CG, NUCLEO-WBA65RI, NUCLEO-WL33CC1, NUCLEO-WL33CC2, STEVAL-PROTEUS1, STEVAL-SMARTAG2, STEVAL-STWINBX1, STM320518-EVAL, STM32C0116-DK, STM32C011D6Y3TR, STM32C011D6Y6TR, STM32C011F4P3, STM32C011F4P6, STM32C011F4U3, STM32C011F4U6TR, STM32C011F6P3, STM32C011F6P6, STM32C011F6U3, STM32C011F6U6TR, STM32C011J4M3, STM32C011J4M6, STM32C011J6M3, STM32C011J6M6, STM32C0316-DK, STM32C031C4T3, STM32C031C4T6, STM32C031C4U3, STM32C031C4U6, STM32C031C6T3, STM32C031C6T6, STM32C031C6U3, STM32C031C6U6, STM32C031F4P3, STM32C031F4P6, STM32C031F6P3, STM32C031F6P6, STM32C031G4U3, STM32C031G4U6, STM32C031G6U3, STM32C031G6U6, STM32C031K4T3, STM32C031K4T6, STM32C031K4U3, STM32C031K4U6, STM32C031K6T3, STM32C031K6T6, STM32C031K6U3, STM32C031K6U6, STM32C051C6T6, STM32C051C6U6, STM32C051C8T6, STM32C051C8U6, STM32C051D8Y6TR, STM32C051F6P6, STM32C051F8P6, STM32C051G6U6, STM32C051G8U6, STM32C051K6T6, STM32C051K6U6, STM32C051K8T6, STM32C071C8T6, STM32C071C8T6N, STM32C071C8U6, STM32C071C8U6N, STM32C071CBT6, STM32C071CBT6N, STM32C071CBU6, STM32C071CBU6N, STM32C071F8P6, STM32C071F8P6N, STM32C071FBP6, STM32C071FBP6N, STM32C071FBY6TR, STM32C071G8U6, STM32C071G8U6N, STM32C071GBU6, STM32C071GBU6N, STM32C071K8T6, STM32C071K8T6N, STM32C071K8U6, STM32C071K8U6N, STM32C071KBT6, STM32C071KBT6N, STM32C071KBU6, STM32C071KBU6N, STM32C071R8T6, STM32C071R8T6N, STM32C071RBI6N, STM32C071RBT6, STM32C071RBT6N, STM32C091CBT6, STM32C091CBU6, STM32C091CCT6, STM32C091CCU6, STM32C091ECY6TR, STM32C091FBP6, STM32C091FCP6, STM32C091GBU6, STM32C091GCU6, STM32C091KBT6, STM32C091KBU6, STM32C091KCT6, STM32C091KCU6, STM32C091RBT6, STM32C091RCI6, STM32C091RCT6, STM32C092CBT6, STM32C092CBU6, STM32C092CCT6, STM32C092CCU6, STM32C092ECY6TR, STM32C092FBP6, STM32C092FCP6, STM32C092GBU6, STM32C092GCU6, STM32C092KBT6, STM32C092KBU6, STM32C092KCT6, STM32C092KCU6, STM32C092RBT6, STM32C092RCI6, STM32C092RCT6, STM32G071K8TXN, STM32G071K8UXN, STM32G081GBU6N, STM32G081KBT6N, STM32G081KBUXN, STM32G0B1CCT6N, STM32G0B1KCT6, STM32G0B1NEY6TR, STM32G0B1RCT6N, STM32G0C1CCT6, STM32G0C1CCT6N, STM32G0C1CCU6N, STM32G0C1CET6N, STM32G0C1CEU6N, STM32G0C1KCT6, STM32G0C1NEY6TR, STM32G0C1RCI6N, STM32G0C1RCT6N, STM32G0C1REI6N, STM32G0C1RET6N, STM32G0C1VCI6, STM32G0C1VEI6, STM32G411C6T3, STM32G411C6T6, STM32G411C6U3, STM32G411C6U6, STM32G411C8T3, STM32G411C8T6, STM32G411C8U3, STM32G411C8U6, STM32G411CBT3, STM32G411CBT6, STM32G411CBU3, STM32G411CBU6, STM32G411CCT3, STM32G411CCT6, STM32G411CCU3, STM32G411CCU6, STM32G411K6T3, STM32G411K6T6, STM32G411K6U3, STM32G411K6U6, STM32G411K8T3, STM32G411K8T6, STM32G411K8U3, STM32G411K8U6, STM32G411KBT3, STM32G411KBT6, STM32G411KBU3, STM32G411KBU6, STM32G411M6T3, STM32G411M6T6, STM32G411M8T3, STM32G411M8T6, STM32G411MBT3, STM32G411MBT6, STM32G411MCT3, STM32G411MCT6, STM32G411R6T3, STM32G411R6T6, STM32G411R8T3, STM32G411R8T6, STM32G411RBT3, STM32G411RBT6, STM32G411RCT3, STM32G411RCT6, STM32G414CBT3, STM32G414CBT6, STM32G414CBU3, STM32G414CBU6, STM32G414CCT3, STM32G414CCT6, STM32G414CCU3, STM32G414CCU6, STM32G414MBT3, STM32G414MBT6, STM32G414MCT3, STM32G414MCT6, STM32G414RBT3, STM32G414RBT6, STM32G414RCT3, STM32G414RCT6, STM32G414VBT3, STM32G414VBT6, STM32G414VCT3, STM32G414VCT6, STM32G431CBT3Z, STM32G431RBT3Z, STM32G471CCT6, STM32G471CCU6, STM32G471CET3, STM32G471CET6, STM32G471CEU3, STM32G471CEU6, STM32G471MCT6, STM32G471MET3, STM32G471MET6, STM32G471MEY6TR, STM32G471QCT6, STM32G471QET3, STM32G471RCT6, STM32G471RET3, STM32G471RET6, STM32G471VCH6, STM32G471VCI6, STM32G471VCT6, STM32G471VEH3, STM32G471VEH6, STM32G471VEI3, STM32G471VEI6, STM32G471VET3, STM32G471VET6, STM32G473QET3Z, STM32G473RET3Z, STM32G474CCT6, STM32G491RET3Z, STM32H503CBT6, STM32H503CBU6, STM32H503EBY6TR, STM32H503KBU6, STM32H503RBT6, STM32H523CCT6, STM32H523CCU6, STM32H523CET6, STM32H523CEU6, STM32H523HEY6TR, STM32H523RCT6, STM32H523RET6, STM32H523VCI6, STM32H523VCT6, STM32H523VEI6, STM32H523VET6, STM32H523ZCJ6, STM32H523ZCT6, STM32H523ZEJ6, STM32H523ZET6, STM32H533CET6, STM32H533CEU6, STM32H533HEY6TR, STM32H533RET6, STM32H533VEI6, STM32H533VET6, STM32H533ZEJ6, STM32H533ZET6, STM32H562AGI6, STM32H562AII6, STM32H562IGK6, STM32H562IGT6, STM32H562IIK6, STM32H562IIT6, STM32H562RGT6, STM32H562RGV6, STM32H562RIT6, STM32H562RIV6, STM32H562VGT6, STM32H562VIT6, STM32H562ZGT6, STM32H562ZIT6, STM32H563AGI6, STM32H563AII3Q, STM32H563AII6, STM32H563IGK6, STM32H563IGT6, STM32H563IIK3Q, STM32H563IIK6, STM32H563IIT3Q, STM32H563IIT6, STM32H563MIY3QTR, STM32H563RGT6, STM32H563RGV6, STM32H563RIT6, STM32H563RIV6, STM32H563VGT6, STM32H563VIT3Q, STM32H563VIT6, STM32H563ZGT6, STM32H563ZIT3Q, STM32H563ZIT6, STM32H573AII3Q, STM32H573AII6, STM32H573I-DK, STM32H573IIK3Q, STM32H573IIK6, STM32H573IIT3Q, STM32H573IIT6, STM32H573MIY3QTR, STM32H573RIT6, STM32H573RIV6, STM32H573VIT3Q, STM32H573VIT6, STM32H573ZIT3Q, STM32H573ZIT6, STM32H7R3A8I6, STM32H7R3I8K6, STM32H7R3I8T6, STM32H7R3L8H6, STM32H7R3L8H6H, STM32H7R3R8V6, STM32H7R3V8H6, STM32H7R3V8T6, STM32H7R3V8Y6TR, STM32H7R3Z8J6, STM32H7R3Z8T6, STM32H7R7A8I6, STM32H7R7I8K6, STM32H7R7I8T6, STM32H7R7L8H6, STM32H7R7L8H6H, STM32H7R7Z8J6, STM32H7S3A8I6, STM32H7S3I8K6, STM32H7S3I8T6, STM32H7S3L8H6, STM32H7S3L8H6H, STM32H7S3R8V6, STM32H7S3V8H6, STM32H7S3V8T6, STM32H7S3V8Y6TR, STM32H7S3Z8J6, STM32H7S3Z8T6, STM32H7S78-DK, STM32H7S7A8I6, STM32H7S7I8K6, STM32H7S7I8T6, STM32H7S7L8H6, STM32H7S7L8H6H, STM32H7S7Z8J6, STM32L4R5QGI6STR, STM32MP131AAE3, STM32MP131AAF3, STM32MP131AAG3, STM32MP131CAE3, STM32MP131CAF3, STM32MP131CAG3, STM32MP131DAE7, STM32MP131DAF7, STM32MP131DAG7, STM32MP131FAE7, STM32MP131FAF7, STM32MP131FAG7, STM32MP133AAE3, STM32MP133AAF3, STM32MP133AAG3, STM32MP133CAE3, STM32MP133CAF3, STM32MP133CAG3, STM32MP133DAE7, STM32MP133DAF7, STM32MP133DAG7, STM32MP133FAE7, STM32MP133FAF7, STM32MP133FAG7, STM32MP135AAE3, STM32MP135AAF3, STM32MP135AAG3, STM32MP135CAE3, STM32MP135CAF3, STM32MP135CAG3, STM32MP135DAE7, STM32MP135DAF7, STM32MP135DAG7, STM32MP135F-DK, STM32MP135FAE7, STM32MP135FAF7, STM32MP135FAF7T, STM32MP135FAF7U, STM32MP135FAG7, STM32MP231AAJ3, STM32MP231AAK3, STM32MP231AAL3, STM32MP231CAJ3, STM32MP231CAK3, STM32MP231CAL3, STM32MP231DAJ3, STM32MP231DAK3, STM32MP231DAL3, STM32MP231FAJ3, STM32MP231FAK3, STM32MP231FAL3, STM32MP233AAJ3, STM32MP233AAK3, STM32MP233AAL3, STM32MP233CAJ3, STM32MP233CAK3, STM32MP233CAL3, STM32MP233DAJ3, STM32MP233DAK3, STM32MP233DAL3, STM32MP233FAJ3, STM32MP233FAK3, STM32MP233FAL3, STM32MP235AAJ3, STM32MP235AAK3, STM32MP235AAL3, STM32MP235CAJ3, STM32MP235CAK3, STM32MP235CAL3, STM32MP235DAJ3, STM32MP235DAK3, STM32MP235DAL3, STM32MP235FAJ3, STM32MP235FAK3, STM32MP235FAL3, STM32MP251AAI3, STM32MP251AAJ3, STM32MP251AAK3, STM32MP251AAL3, STM32MP251CAI3, STM32MP251CAJ3, STM32MP251CAK3, STM32MP251CAL3, STM32MP251DAI3, STM32MP251DAJ3, STM32MP251DAK3, STM32MP251DAL3, STM32MP251FAI3, STM32MP251FAJ3, STM32MP251FAK3, STM32MP251FAL3, STM32MP253AAI3, STM32MP253AAJ3, STM32MP253AAK3, STM32MP253AAL3, STM32MP253CAI3, STM32MP253CAJ3, STM32MP253CAK3, STM32MP253CAL3, STM32MP253DAI3, STM32MP253DAJ3, STM32MP253DAK3, STM32MP253DAL3, STM32MP253FAI3, STM32MP253FAJ3, STM32MP253FAK3, STM32MP253FAL3, STM32MP255AAI3, STM32MP255AAJ3, STM32MP255AAK3, STM32MP255AAL3, STM32MP255CAI3, STM32MP255CAJ3, STM32MP255CAK3, STM32MP255CAL3, STM32MP255DAI3, STM32MP255DAJ3, STM32MP255DAK3, STM32MP255DAL3, STM32MP255FAI3, STM32MP255FAJ3, STM32MP255FAK3, STM32MP255FAL3, STM32MP257AAI3, STM32MP257AAJ3, STM32MP257AAK3, STM32MP257AAL3, STM32MP257CAI3, STM32MP257CAJ3, STM32MP257CAK3, STM32MP257CAL3, STM32MP257DAI3, STM32MP257DAJ3, STM32MP257DAK3, STM32MP257DAL3, STM32MP257F-DK, STM32MP257F-EV1, STM32MP257FAI3, STM32MP257FAJ3, STM32MP257FAK3, STM32MP257FAL3, STM32N645A0H3Q, STM32N645B0H3Q, STM32N645I0H3Q, STM32N645L0H3Q, STM32N645X0H3Q, STM32N645Z0H3Q, STM32N647A0H3Q, STM32N647B0H3Q, STM32N647I0H3Q, STM32N647L0H3Q, STM32N647X0H3Q, STM32N647Z0H3Q, STM32N655A0H3Q, STM32N655B0H3Q, STM32N655I0H3Q, STM32N655L0H3Q, STM32N655X0H3Q, STM32N655Z0H3Q, STM32N6570-DK, STM32N657A0H3Q, STM32N657B0H3Q, STM32N657I0H3Q, STM32N657L0H3Q, STM32N657X0H3Q, STM32N657Z0H3Q, STM32U031C6T6, STM32U031C6U6, STM32U031C8T6, STM32U031C8U6, STM32U031F4P6, STM32U031F6P6, STM32U031F8P6, STM32U031G6Y6TR, STM32U031G8Y6TR, STM32U031K4U6, STM32U031K6U6, STM32U031K8U6, STM32U031R6I6, STM32U031R6T6, STM32U031R8I6, STM32U031R8T6, STM32U073C8T6, STM32U073C8U6, STM32U073CBT6, STM32U073CBU6, STM32U073CCT6, STM32U073CCU6, STM32U073H8Y6TR, STM32U073HBY6TR, STM32U073HCY6TR, STM32U073K8U6, STM32U073KBU6, STM32U073KCU6, STM32U073M8I6, STM32U073M8T6, STM32U073MBI6, STM32U073MBT6, STM32U073MCI6, STM32U073MCT6, STM32U073R8I6, STM32U073R8T6, STM32U073RBI6, STM32U073RBT6, STM32U073RCI6, STM32U073RCT6, STM32U083C-DK, STM32U083CCT6, STM32U083CCU6, STM32U083HCY6TR, STM32U083KCU6, STM32U083MCI6, STM32U083MCT6, STM32U083RCI6, STM32U083RCT6, STM32U375CET6, STM32U375CET6Q, STM32U375CEU6, STM32U375CEU6Q, STM32U375CEY6QTR, STM32U375CGT6, STM32U375CGT6Q, STM32U375CGU6, STM32U375CGU6Q, STM32U375CGY6QTR, STM32U375KEU6, STM32U375KGU6, STM32U375REI6, STM32U375REI6Q, STM32U375RET6, STM32U375RET6Q, STM32U375REY6GTR, STM32U375REY6QTR, STM32U375RGI6, STM32U375RGI6Q, STM32U375RGT6, STM32U375RGT6Q, STM32U375RGY6GTR, STM32U375RGY6QTR, STM32U375VEI6, STM32U375VEI6Q, STM32U375VET6, STM32U375VET6Q, STM32U375VGI6, STM32U375VGI6Q, STM32U375VGT6, STM32U375VGT6Q, STM32U385CGT6, STM32U385CGT6Q, STM32U385CGU6, STM32U385CGU6Q, STM32U385CGY6QTR, STM32U385KGU6, STM32U385RGI6, STM32U385RGI6Q, STM32U385RGT6, STM32U385RGT6Q, STM32U385RGY6GTR, STM32U385RGY6QTR, STM32U385VGI6, STM32U385VGI6Q, STM32U385VGT6, STM32U385VGT6Q, STM32U535CBT6, STM32U535CBT6Q, STM32U535CBU6, STM32U535CBU6Q, STM32U535CCT6, STM32U535CCT6Q, STM32U535CCU6, STM32U535CCU6Q, STM32U535CET6, STM32U535CET6Q, STM32U535CEU6, STM32U535CEU6Q, STM32U535JEY6QTR, STM32U535NCY6QTR, STM32U535NEY6QTR, STM32U535RBI6, STM32U535RBI6Q, STM32U535RBT6, STM32U535RBT6Q, STM32U535RCI6, STM32U535RCI6Q, STM32U535RCT6, STM32U535RCT6Q, STM32U535REI6, STM32U535REI6Q, STM32U535RET6, STM32U535RET6Q, STM32U535VCI6, STM32U535VCI6Q, STM32U535VCT6, STM32U535VCT6Q, STM32U535VEI6, STM32U535VEI6Q, STM32U535VET6, STM32U535VET6Q, STM32U545CET6, STM32U545CET6Q, STM32U545CEU6, STM32U545CEU6Q, STM32U545JEY6QTR, STM32U545NEY6QTR, STM32U545REI6, STM32U545REI6Q, STM32U545RET6, STM32U545RET6Q, STM32U545VEI6, STM32U545VEI6Q, STM32U545VET6, STM32U545VET6Q, STM32U595AIH6, STM32U595AIH6Q, STM32U595AJH6, STM32U595AJH6Q, STM32U595QII6, STM32U595QII6Q, STM32U595QJI6, STM32U595QJI6Q, STM32U595RIT6, STM32U595RIT6Q, STM32U595RJT6, STM32U595RJT6Q, STM32U595VIT6, STM32U595VIT6Q, STM32U595VJT6, STM32U595VJT6Q, STM32U595ZIT6, STM32U595ZIT6Q, STM32U595ZIY6QTR, STM32U595ZJT6, STM32U595ZJT6Q, STM32U595ZJY6QTR, STM32U599BJY6QTR, STM32U599NIH6Q, STM32U599NJH6Q, STM32U599VIT6Q, STM32U599VJT6, STM32U599VJT6Q, STM32U599ZIT6Q, STM32U599ZIY6QTR, STM32U599ZJT6Q, STM32U599ZJY6QTR, STM32U5A5AJH6, STM32U5A5AJH6Q, STM32U5A5QII3Q , STM32U5A5QJI6, STM32U5A5QJI6Q, STM32U5A5RJT6, STM32U5A5RJT6Q, STM32U5A5VJT6, STM32U5A5VJT6Q, STM32U5A5ZJT6, STM32U5A5ZJT6Q, STM32U5A5ZJY6QTR, STM32U5A9BJY6QTR, STM32U5A9J-DK, STM32U5A9NJH6Q, STM32U5A9VJT6Q, STM32U5A9ZJT6Q, STM32U5A9ZJY6QTR, STM32U5F7VIT6, STM32U5F7VIT6Q, STM32U5F7VJT6, STM32U5F7VJT6Q, STM32U5F9BJY6QTR, STM32U5F9NJH6Q, STM32U5F9VIT6Q, STM32U5F9VJT6Q, STM32U5F9ZIJ6QTR, STM32U5F9ZIT6Q, STM32U5F9ZJJ6QTR, STM32U5F9ZJT6Q, STM32U5G7VJT6, STM32U5G7VJT6Q, STM32U5G9BJY6QTR, STM32U5G9J-DK1, STM32U5G9J-DK2, STM32U5G9NJH6Q, STM32U5G9VJT6Q, STM32U5G9ZJJ6QTR, STM32U5G9ZJT6Q, STM32WB05KZV6TR, STM32WB05KZV7TR, STM32WB05TZF6TR, STM32WB05TZF7TR, STM32WB06CCF6TR, STM32WB06CCF7TR, STM32WB06CCV6TR, STM32WB06CCV7TR, STM32WB06KCV6TR, STM32WB06KCV7TR, STM32WB07CCF6TR, STM32WB07CCF7TR, STM32WB07CCV6TR, STM32WB07CCV7TR, STM32WB07KCV6TR, STM32WB07KCV7TR, STM32WB09KEV6TR, STM32WB09KEV7TR, STM32WB09TEF6TR, STM32WB09TEF7TR, STM32WB1MMCH6, STM32WBA50KGU6, STM32WBA50KGU6TR, STM32WBA52CEU6, STM32WBA52CEU6TR, STM32WBA52CEU7, STM32WBA52CEU7TR, STM32WBA52CGU6, STM32WBA52CGU6TR, STM32WBA52CGU6U, STM32WBA52CGU7, STM32WBA52CGU7TR, STM32WBA52KEU6, STM32WBA52KEU6TR, STM32WBA52KGU6, STM32WBA52KGU6TR, STM32WBA54CEU6, STM32WBA54CEU6TR, STM32WBA54CEU7, STM32WBA54CEU7TR, STM32WBA54CGU6, STM32WBA54CGU6TR, STM32WBA54CGU7, STM32WBA54CGU7TR, STM32WBA54KEU6, STM32WBA54KEU6TR, STM32WBA54KEU7, STM32WBA54KEU7TR, STM32WBA54KGU6, STM32WBA54KGU6TR, STM32WBA54KGU7, STM32WBA54KGU7TR, STM32WBA55CEU6, STM32WBA55CEU6TR, STM32WBA55CEU7, STM32WBA55CEU7TR, STM32WBA55CGU6, STM32WBA55CGU6TR, STM32WBA55CGU6U, STM32WBA55CGU7, STM32WBA55CGU7TR, STM32WBA55G-DK1, STM32WBA55HEF6, STM32WBA55HEF7, STM32WBA55HGF6, STM32WBA55HGF7, STM32WBA55UEI6, STM32WBA55UEI6TR, STM32WBA55UEI7, STM32WBA55UEI7TR, STM32WBA55UGI6, STM32WBA55UGI6TR, STM32WBA55UGI7, STM32WBA55UGI7TR, STM32WBA5MJGH6TR, STM32WBA62CGU6, STM32WBA62CIU6, STM32WBA62MGF6, STM32WBA62MIF6, STM32WBA62PGI6, STM32WBA62PII6, STM32WBA63CGU6, STM32WBA63CGU7, STM32WBA63CIU6, STM32WBA63CIU7, STM32WBA64CGU6, STM32WBA64CGU7, STM32WBA64CIU6, STM32WBA64CIU7, STM32WBA65CGU6, STM32WBA65CGU7, STM32WBA65CIU6, STM32WBA65CIU7, STM32WBA65I-DK1, STM32WBA65MGF6, STM32WBA65MGF7, STM32WBA65MIF6, STM32WBA65MIF7, STM32WBA65PGI6, STM32WBA65PGI7, STM32WBA65PII6, STM32WBA65PII7, STM32WBA65RGV6, STM32WBA65RGV7, STM32WBA65RIV6, STM32WBA65RIV7, STM32WL30K8V6, STM32WL30KBV6, STM32WL31C8V6, STM32WL31CBV6, STM32WL31K8V6, STM32WL31KBV6, STM32WL33C8V6, STM32WL33C8V6TR, STM32WL33C8V7, STM32WL33C8V7TR, STM32WL33CBV6, STM32WL33CBV6TR, STM32WL33CBV7, STM32WL33CBV7TR, STM32WL33CCV6, STM32WL33CCV6TR, STM32WL33CCV7, STM32WL33CCV7A, STM32WL33CCV7ATR, STM32WL33CCV7TR, STM32WL33K8V6, STM32WL33K8V6TR, STM32WL33K8V7, STM32WL33K8V7TR, STM32WL33KBV6, STM32WL33KBV6TR, STM32WL33KBV7, STM32WL33KBV7TR, STM32WL33KCV6, STM32WL33KCV6TR, STM32WL33KCV7, STM32WL33KCV7TR, STM32WL5MOCH6, STM32WL5MOCH6TR]
2025-04-30 13:16:46,189 [INFO] LogOutputStream:77 - [STDOUT_REDIRECT] 1 : Invalid condition id : UX_CORESTACK_Condition cause : null
2025-04-30 13:16:46,189 [INFO] LogOutputStream:77 - [STDOUT_REDIRECT] 1 : Invalid condition id : UX_CORESTACK_Condition cause : null
2025-04-30 13:16:46,191 [INFO] LogOutputStream:77 - [STDOUT_REDIRECT] 1 : Invalid condition id : UX_CORESTACK_Condition cause : null
2025-04-30 13:16:46,193 [INFO] LogOutputStream:77 - [STDOUT_REDIRECT] 1 : Invalid condition id : UX_CORESTACK_Condition cause : null
2025-04-30 13:16:46,194 [INFO] LogOutputStream:77 - [STDOUT_REDIRECT] 1 : Invalid condition id : UX_CORESTACK_Condition cause : null
2025-04-30 13:16:46,200 [WARN] PackLoader:240 - Cannot read IP mode file for STMicroelectronics.X-CUBE-AZRTOS-WL.2.0.0
2025-04-30 13:16:46,207 [WARN] PackLoader:240 - Cannot read IP mode file for STMicroelectronics.FP-SNS-MOTENV1.5.0.0
2025-04-30 13:16:46,215 [WARN] PackLoader:240 - Cannot read IP mode file for wolfSSL.I-CUBE-wolfMQTT.1.19.0
2025-04-30 13:16:46,236 [WARN] PackLoader:240 - Cannot read IP mode file for WES.I-CUBE-Cesium.1.3.0
2025-04-30 13:16:46,245 [WARN] PackLoader:240 - Cannot read IP mode file for STMicroelectronics.X-CUBE-BLE2.3.3.0
2025-04-30 13:16:46,265 [WARN] PackLoader:240 - Cannot read IP mode file for STMicroelectronics.X-CUBE-NFC9.1.0.0
2025-04-30 13:16:46,275 [WARN] PackLoader:240 - Cannot read IP mode file for STMicroelectronics.X-CUBE-BLE1.7.1.0
2025-04-30 13:16:46,284 [WARN] PackLoader:240 - Cannot read IP mode file for STMicroelectronics.X-CUBE-TCPP.4.1.0
2025-04-30 13:16:46,399 [INFO] BoardInfo:889 - No configuration file found for board P-NUCLEO-WB55
2025-04-30 13:16:46,400 [INFO] DbBoards:161 - Kit is not supported: P-NUCLEO-WB55
2025-04-30 13:16:46,406 [INFO] BoardInfo:889 - No configuration file found for board STEVAL-BFA001V1B
2025-04-30 13:16:46,407 [INFO] DbBoards:161 - Kit is not supported: STEVAL-BFA001V1B
2025-04-30 13:16:46,409 [INFO] BoardInfo:889 - No configuration file found for board STEVAL-BFA001V2B
2025-04-30 13:16:46,410 [INFO] DbBoards:161 - Kit is not supported: STEVAL-BFA001V2B
2025-04-30 13:16:46,413 [WARN] PackLoader:240 - Cannot read IP mode file for STMicroelectronics.X-CUBE-MEMS1.11.2.0
2025-04-30 13:16:46,588 [WARN] PackLoader:240 - Cannot read IP mode file for STMicroelectronics.X-CUBE-AZRTOS-G0.1.1.0
2025-04-30 13:16:46,598 [WARN] PackLoader:240 - Cannot read IP mode file for STMicroelectronics.X-CUBE-SAFEA1.1.2.2
2025-04-30 13:16:46,607 [WARN] PackLoader:240 - Cannot read IP mode file for STMicroelectronics.X-CUBE-NFC4.3.0.0
2025-04-30 13:16:46,619 [INFO] DbBoards:168 - Found 211 boards, 208 are supported
2025-04-30 13:16:46,619 [WARN] PackLoader:240 - Cannot read IP mode file for EmbeddedOffice.I-CUBE-FS-RTOS.1.0.1
2025-04-30 13:16:46,620 [INFO] DbBoards:169 - Found 211 boards, 43 of them is supported for  Bsp
2025-04-30 13:16:46,625 [INFO] ApiDb:668 - CubeFinder database Data Model version=2.1
2025-04-30 13:16:46,626 [INFO] ApiDb:669 - CubeFinder database Configuration version=3.0.39
2025-04-30 13:16:46,626 [INFO] ApiDb:670 - CubeFinder database generation date=2025-04-23 (1745419778)
2025-04-30 13:16:46,626 [INFO] ApiDb:671 - CubeFinder database FW Pack versions=[FP-ATR-ASTRA1_V2.0.0, FP-SNS-FLIGHT1_V5.1.0, FP-SNS-MOTENV1_V5.0.0, FP-SNS-MOTENVWB1_V1.4.0, FP-SNS-SMARTAG2_V1.2.0, FP-SNS-STBOX1_V2.0.0, STM32Cube_FW_C0_V1.4.0, STM32Cube_FW_F4_V1.28.1, STM32Cube_FW_F7_V1.17.2, STM32Cube_FW_G0_V1.6.2, STM32Cube_FW_G4_V1.6.1, STM32Cube_FW_H5_V1.5.0, STM32Cube_FW_H7RS_V1.2.0, STM32Cube_FW_H7_V1.12.1, STM32Cube_FW_L0_V1.12.2, STM32Cube_FW_L4_V1.18.1, STM32Cube_FW_L5_V1.5.1, STM32Cube_FW_N6_V1.1.1, STM32Cube_FW_U0_V1.2.0, STM32Cube_FW_U3_V1.1.0, STM32Cube_FW_U5_V1.7.0, STM32Cube_FW_WB0_V1.2.0, STM32Cube_FW_WBA_V1.6.0, STM32Cube_FW_WB_V1.22.0, STM32Cube_FW_WL3_V1.1.0, STM32Cube_FW_WL_V1.3.1, X-CUBE-ALGOBUILD_V1.4.0, X-CUBE-ALS_V1.0.2, X-CUBE-AZRTOS-F4_V1.1.0, X-CUBE-AZRTOS-F7_V1.1.0, X-CUBE-AZRTOS-G0_V1.1.0, X-CUBE-AZRTOS-G4_V2.0.0, X-CUBE-AZRTOS-H7RS_V1.1.0, X-CUBE-AZRTOS-H7_V3.3.0, X-CUBE-AZRTOS-L4_V2.0.0, X-CUBE-AZRTOS-L5_V2.0.0, X-CUBE-AZRTOS-WB_V2.0.0, X-CUBE-AZRTOS-WL_V2.0.0, X-CUBE-BLE1_V7.1.0, X-CUBE-BLE2_V3.3.0, X-CUBE-BLEMGR_V4.0.0, X-CUBE-EEPRMA1_V5.1.0, X-CUBE-FREERTOS_V1.3.0, X-CUBE-GNSS1_V6.0.0, X-CUBE-MEMS1_V11.2.0, X-CUBE-NFC4_V3.0.0, X-CUBE-NFC7_V1.0.1, X-CUBE-SFXS2LP1_V4.0.0, X-CUBE-SUBG2_V5.0.0, X-CUBE-TOF1_V3.4.3]
2025-04-30 13:16:46,627 [WARN] PackLoader:240 - Cannot read IP mode file for STMicroelectronics.X-CUBE-WB05N.2.0.0
2025-04-30 13:16:46,638 [WARN] PackLoader:240 - Cannot read IP mode file for STMicroelectronics.X-CUBE-TCPP.4.2.0
2025-04-30 13:16:46,651 [WARN] PackLoader:240 - Cannot read IP mode file for RealThread.X-CUBE-RT-Thread_Nano.4.1.1
2025-04-30 13:16:46,658 [WARN] PackLoader:240 - Cannot read IP mode file for STMicroelectronics.FP-ATR-SIGFOX1.3.2.0
2025-04-30 13:16:46,667 [WARN] PackLoader:240 - Cannot read IP mode file for wolfSSL.I-CUBE-wolfSSL.5.7.2
2025-04-30 13:16:46,675 [WARN] PackLoader:240 - Cannot read IP mode file for STMicroelectronics.X-CUBE-EEPRMA1.5.1.0
2025-04-30 13:16:46,685 [WARN] PackLoader:240 - Cannot read IP mode file for ITTIA_DB.I-CUBE-ITTIADB.8.9.0
2025-04-30 13:16:46,732 [WARN] PackLoader:240 - Cannot read IP mode file for SEGGER.I-CUBE-embOS.1.3.1
2025-04-30 13:16:46,814 [WARN] PackLoader:240 - Cannot read IP mode file for STMicroelectronics.X-CUBE-ALGOBUILD.1.4.0
2025-04-30 13:16:46,885 [WARN] PackLoader:240 - Cannot read IP mode file for STMicroelectronics.X-CUBE-GNSS1.6.0.0
2025-04-30 13:16:46,903 [INFO] WebApp:463 - Apply proxy settings
2025-04-30 13:16:46,904 [INFO] WebApp:548 - Chromium requires no authentication
2025-04-30 13:16:46,918 [WARN] PackLoader:240 - Cannot read IP mode file for STMicroelectronics.X-CUBE-AZRTOS-F4.1.1.0
2025-04-30 13:16:46,926 [WARN] PackLoader:240 - Cannot read IP mode file for Avnet-IotConnect.X-CUBE-IoTC-DA16k-PMOD.1.0.0
2025-04-30 13:16:46,930 [INFO] WebApp:491 - Direct internet connection detected
2025-04-30 13:16:46,942 [WARN] PackLoader:240 - Cannot read IP mode file for STMicroelectronics.X-CUBE-ISPU.2.1.0
2025-04-30 13:16:47,025 [INFO] WebApp:894 - Register for checkConnection events
2025-04-30 13:16:47,025 [INFO] WebApp:463 - Apply proxy settings
2025-04-30 13:16:47,026 [INFO] WebApp:548 - Chromium requires no authentication
2025-04-30 13:16:47,027 [INFO] WebApp:491 - Direct internet connection detected
2025-04-30 13:16:47,051 [WARN] PackLoader:240 - Cannot read IP mode file for STMicroelectronics.X-CUBE-FREERTOS.1.2.0
2025-04-30 13:16:47,078 [WARN] PackLoader:240 - Cannot read IP mode file for STMicroelectronics.X-CUBE-AZRTOS-L5.2.0.0
2025-04-30 13:16:47,092 [WARN] PackLoader:240 - Cannot read IP mode file for STMicroelectronics.X-CUBE-NFC6.3.1.0
2025-04-30 13:16:47,101 [WARN] PackLoader:240 - Cannot read IP mode file for STMicroelectronics.X-CUBE-DPower.1.2.0
2025-04-30 13:16:47,106 [WARN] PackLoader:240 - Cannot read IP mode file for STMicroelectronics.X-CUBE-AI.9.0.0
2025-04-30 13:16:47,112 [WARN] PackLoader:240 - Cannot read IP mode file for STMicroelectronics.X-CUBE-FREERTOS.1.3.0
2025-04-30 13:16:47,119 [WARN] PackLoader:240 - Cannot read IP mode file for STMicroelectronics.X-CUBE-NFC7.1.0.1
2025-04-30 13:16:47,134 [WARN] PackLoader:240 - Cannot read IP mode file for wolfSSL.I-CUBE-wolfTPM.3.2.0
2025-04-30 13:16:47,151 [WARN] PackLoader:240 - Cannot read IP mode file for STMicroelectronics.X-CUBE-DPower.1.3.0
2025-04-30 13:16:47,188 [WARN] ConditionMgr:438 - getConditionDescription Invalid condition id : LAN8742 Phy interface Condition cause : null
2025-04-30 13:16:47,189 [WARN] PackLoader:240 - Cannot read IP mode file for STMicroelectronics.X-CUBE-AZRTOS-L4.2.0.0
2025-04-30 13:16:47,191 [WARN] ConditionMgr:1044 - genDependencies : Invalid condition id : LAN8742 Phy interface Condition cause : null
2025-04-30 13:16:47,191 [WARN] ConditionMgr:1044 - genDependencies : Invalid condition id : LAN8742 Phy interface Condition cause : null
2025-04-30 13:16:47,191 [WARN] ConditionMgr:1044 - genDependencies : Invalid condition id : LAN8742 Phy interface Condition cause : null
2025-04-30 13:16:47,202 [WARN] PackLoader:240 - Cannot read IP mode file for STMicroelectronics.X-CUBE-SFXS2LP1.4.0.0
2025-04-30 13:16:47,225 [WARN] PackLoader:240 - Cannot read IP mode file for STMicroelectronics.X-CUBE-AZRTOS-H7.3.3.0
2025-04-30 13:16:47,241 [WARN] ConditionMgr:438 - getConditionDescription Invalid condition id : UX DEVICE CLASS RTOS Condition cause : null
2025-04-30 13:16:47,241 [WARN] ConditionMgr:438 - getConditionDescription Invalid condition id : UX DEVICE CLASS RTOS Condition cause : null
2025-04-30 13:16:47,243 [WARN] PackLoader:240 - Cannot read IP mode file for STMicroelectronics.X-CUBE-AZRTOS-WB.2.0.0
2025-04-30 13:16:47,244 [WARN] ConditionMgr:1044 - genDependencies : Invalid condition id : UX DEVICE CLASS RTOS Condition cause : null
2025-04-30 13:16:47,245 [WARN] ConditionMgr:1044 - genDependencies : Invalid condition id : UX DEVICE CLASS RTOS Condition cause : null
2025-04-30 13:16:47,245 [WARN] ConditionMgr:1044 - genDependencies : Invalid condition id : UX DEVICE CLASS RTOS Condition cause : null
2025-04-30 13:16:47,246 [WARN] ConditionMgr:1044 - genDependencies : Invalid condition id : UX DEVICE CLASS RTOS Condition cause : null
2025-04-30 13:16:47,246 [WARN] ConditionMgr:1044 - genDependencies : Invalid condition id : UX DEVICE CLASS RTOS Condition cause : null
2025-04-30 13:16:47,253 [WARN] PackLoader:240 - Cannot read IP mode file for STMicroelectronics.X-CUBE-GNSS1.7.0.1
2025-04-30 13:16:47,261 [WARN] PackLoader:240 - Cannot read IP mode file for STMicroelectronics.X-CUBE-TOUCHGFX.4.25.0
2025-04-30 13:16:47,268 [WARN] PackLoader:240 - Cannot read IP mode file for STMicroelectronics.FP-SNS-STBOX1.2.0.0
2025-04-30 13:16:47,283 [WARN] PackLoader:240 - Cannot read IP mode file for STMicroelectronics.X-CUBE-SUBG2.5.0.0
2025-04-30 13:16:47,305 [WARN] PackLoader:240 - Cannot read IP mode file for STMicroelectronics.X-CUBE-AZRTOS-H7RS.1.1.0
2025-04-30 13:16:47,313 [WARN] PackLoader:240 - Cannot read IP mode file for Cesanta.I-CUBE-Mongoose.7.13.0
2025-04-30 13:16:47,329 [WARN] PackLoader:240 - Cannot read IP mode file for STMicroelectronics.X-CUBE-AZRTOS-G4.2.0.0
2025-04-30 13:16:47,335 [WARN] PackLoader:240 - Cannot read IP mode file for STMicroelectronics.X-CUBE-ISPU.2.0.0
2025-04-30 13:16:47,348 [WARN] PackLoader:240 - Cannot read IP mode file for STMicroelectronics.X-CUBE-IPS.3.1.0
2025-04-30 13:16:47,358 [WARN] PackLoader:240 - Cannot read IP mode file for STMicroelectronics.X-CUBE-ALS.1.0.2
2025-04-30 13:16:47,413 [WARN] PackLoader:240 - Cannot read IP mode file for STMicroelectronics.X-CUBE-MEMS1.10.0.0
2025-04-30 13:16:47,509 [WARN] PackLoader:240 - Cannot read IP mode file for STMicroelectronics.X-CUBE-TOUCHGFX.4.24.0
2025-04-30 13:16:47,517 [WARN] PackLoader:240 - Cannot read IP mode file for portGmbH.I-Cube-SoM-uGOAL.1.1.0
2025-04-30 13:16:47,534 [WARN] PackLoader:240 - Cannot read IP mode file for STMicroelectronics.X-CUBE-AZRTOS-H7RS.1.0.0
2025-04-30 13:16:47,541 [WARN] PackLoader:240 - Cannot read IP mode file for STMicroelectronics.FP-ATR-ASTRA1.2.0.0
2025-04-30 13:16:47,557 [WARN] PackLoader:240 - Cannot read IP mode file for STMicroelectronics.X-CUBE-TOF1.3.4.2
2025-04-30 13:16:47,581 [WARN] PackLoader:240 - Cannot read IP mode file for STMicroelectronics.X-CUBE-TOF1.3.4.3
2025-04-30 13:16:47,599 [WARN] PackLoader:240 - Cannot read IP mode file for STMicroelectronics.X-CUBE-TOF1.3.4.1
2025-04-30 13:16:47,628 [WARN] PackLoader:240 - Cannot read IP mode file for STMicroelectronics.X-CUBE-AZRTOS-H7.3.2.0
2025-04-30 13:16:47,653 [INFO] WebApp:225 - Starting web application
2025-04-30 13:16:47,653 [WARN] PackLoader:240 - Cannot read IP mode file for Infineon.AIROC-Wi-Fi-Bluetooth-STM32.1.6.0
2025-04-30 13:16:47,653 [INFO] WebApp:593 - Web application path used G:\stm32cubeide\Install\STM32CubeIDE_1.18.0\STM32CubeIDE\plugins\com.st.stm32cube.common.mx_6.14.0.202502271554\db\plugins\mcufinder\reactClient1\index.html
2025-04-30 13:16:47,662 [WARN] PackLoader:240 - Cannot read IP mode file for wolfSSL.I-CUBE-wolfSSH.1.4.17
2025-04-30 13:16:47,663 [INFO] ThirdParty:978 - Integrity check success = true
2025-04-30 13:16:47,663 [INFO] IntegrityCheckThread:100 - exiting critical section [integrity check]
2025-04-30 13:16:47,663 [INFO] IntegrityCheckThread:103 - End integrity checks thread
2025-04-30 13:16:47,694 [INFO] WebApp:191 - Connection restablished
2025-04-30 13:16:47,840 [INFO] UserAuth:486 - Internet connection configuration mode: 1
2025-04-30 13:16:49,745 [INFO] ApiDb:240 - Found 895 in-development CPN: [B-G473E-ZEST1S, B-WB1M-WPAN1, B-WBA5M-WPAN, B-WL5M-SUBG1, NUCLEO-C031C6, NUCLEO-C051C8, NUCLEO-C071RB, NUCLEO-C092RC, NUCLEO-H503RB, NUCLEO-H533RE, NUCLEO-H563ZI, NUCLEO-H7S3L8, NUCLEO-N657X0-Q, NUCLEO-U031R8, NUCLEO-U083RC, NUCLEO-U385RG-Q, NUCLEO-U545RE-Q, NUCLEO-U5A5ZJ-Q, NUCLEO-WB05KZ, NUCLEO-WB07CC, NUCLEO-WB09KE, NUCLEO-WBA52CG, NUCLEO-WBA55CG, NUCLEO-WBA65RI, NUCLEO-WL33CC1, NUCLEO-WL33CC2, STEVAL-PROTEUS1, STEVAL-SMARTAG2, STEVAL-STWINBX1, STM320518-EVAL, STM32C0116-DK, STM32C011D6Y3TR, STM32C011D6Y6TR, STM32C011F4P3, STM32C011F4P6, STM32C011F4U3, STM32C011F4U6TR, STM32C011F6P3, STM32C011F6P6, STM32C011F6U3, STM32C011F6U6TR, STM32C011J4M3, STM32C011J4M6, STM32C011J6M3, STM32C011J6M6, STM32C0316-DK, STM32C031C4T3, STM32C031C4T6, STM32C031C4U3, STM32C031C4U6, STM32C031C6T3, STM32C031C6T6, STM32C031C6U3, STM32C031C6U6, STM32C031F4P3, STM32C031F4P6, STM32C031F6P3, STM32C031F6P6, STM32C031G4U3, STM32C031G4U6, STM32C031G6U3, STM32C031G6U6, STM32C031K4T3, STM32C031K4T6, STM32C031K4U3, STM32C031K4U6, STM32C031K6T3, STM32C031K6T6, STM32C031K6U3, STM32C031K6U6, STM32C051C6T6, STM32C051C6U6, STM32C051C8T6, STM32C051C8U6, STM32C051D8Y6TR, STM32C051F6P6, STM32C051F8P6, STM32C051G6U6, STM32C051G8U6, STM32C051K6T6, STM32C051K6U6, STM32C051K8T6, STM32C071C8T6, STM32C071C8T6N, STM32C071C8U6, STM32C071C8U6N, STM32C071CBT6, STM32C071CBT6N, STM32C071CBU6, STM32C071CBU6N, STM32C071F8P6, STM32C071F8P6N, STM32C071FBP6, STM32C071FBP6N, STM32C071FBY6TR, STM32C071G8U6, STM32C071G8U6N, STM32C071GBU6, STM32C071GBU6N, STM32C071K8T6, STM32C071K8T6N, STM32C071K8U6, STM32C071K8U6N, STM32C071KBT6, STM32C071KBT6N, STM32C071KBU6, STM32C071KBU6N, STM32C071R8T6, STM32C071R8T6N, STM32C071RBI6N, STM32C071RBT6, STM32C071RBT6N, STM32C091CBT6, STM32C091CBU6, STM32C091CCT6, STM32C091CCU6, STM32C091ECY6TR, STM32C091FBP6, STM32C091FCP6, STM32C091GBU6, STM32C091GCU6, STM32C091KBT6, STM32C091KBU6, STM32C091KCT6, STM32C091KCU6, STM32C091RBT6, STM32C091RCI6, STM32C091RCT6, STM32C092CBT6, STM32C092CBU6, STM32C092CCT6, STM32C092CCU6, STM32C092ECY6TR, STM32C092FBP6, STM32C092FCP6, STM32C092GBU6, STM32C092GCU6, STM32C092KBT6, STM32C092KBU6, STM32C092KCT6, STM32C092KCU6, STM32C092RBT6, STM32C092RCI6, STM32C092RCT6, STM32G071K8TXN, STM32G071K8UXN, STM32G081GBU6N, STM32G081KBT6N, STM32G081KBUXN, STM32G0B1CCT6N, STM32G0B1KCT6, STM32G0B1NEY6TR, STM32G0B1RCT6N, STM32G0C1CCT6, STM32G0C1CCT6N, STM32G0C1CCU6N, STM32G0C1CET6N, STM32G0C1CEU6N, STM32G0C1KCT6, STM32G0C1NEY6TR, STM32G0C1RCI6N, STM32G0C1RCT6N, STM32G0C1REI6N, STM32G0C1RET6N, STM32G0C1VCI6, STM32G0C1VEI6, STM32G411C6T3, STM32G411C6T6, STM32G411C6U3, STM32G411C6U6, STM32G411C8T3, STM32G411C8T6, STM32G411C8U3, STM32G411C8U6, STM32G411CBT3, STM32G411CBT6, STM32G411CBU3, STM32G411CBU6, STM32G411CCT3, STM32G411CCT6, STM32G411CCU3, STM32G411CCU6, STM32G411K6T3, STM32G411K6T6, STM32G411K6U3, STM32G411K6U6, STM32G411K8T3, STM32G411K8T6, STM32G411K8U3, STM32G411K8U6, STM32G411KBT3, STM32G411KBT6, STM32G411KBU3, STM32G411KBU6, STM32G411M6T3, STM32G411M6T6, STM32G411M8T3, STM32G411M8T6, STM32G411MBT3, STM32G411MBT6, STM32G411MCT3, STM32G411MCT6, STM32G411R6T3, STM32G411R6T6, STM32G411R8T3, STM32G411R8T6, STM32G411RBT3, STM32G411RBT6, STM32G411RCT3, STM32G411RCT6, STM32G414CBT3, STM32G414CBT6, STM32G414CBU3, STM32G414CBU6, STM32G414CCT3, STM32G414CCT6, STM32G414CCU3, STM32G414CCU6, STM32G414MBT3, STM32G414MBT6, STM32G414MCT3, STM32G414MCT6, STM32G414RBT3, STM32G414RBT6, STM32G414RCT3, STM32G414RCT6, STM32G414VBT3, STM32G414VBT6, STM32G414VCT3, STM32G414VCT6, STM32G431CBT3Z, STM32G431RBT3Z, STM32G471CCT6, STM32G471CCU6, STM32G471CET3, STM32G471CET6, STM32G471CEU3, STM32G471CEU6, STM32G471MCT6, STM32G471MET3, STM32G471MET6, STM32G471MEY6TR, STM32G471QCT6, STM32G471QET3, STM32G471RCT6, STM32G471RET3, STM32G471RET6, STM32G471VCH6, STM32G471VCI6, STM32G471VCT6, STM32G471VEH3, STM32G471VEH6, STM32G471VEI3, STM32G471VEI6, STM32G471VET3, STM32G471VET6, STM32G473QET3Z, STM32G473RET3Z, STM32G474CCT6, STM32G491RET3Z, STM32H503CBT6, STM32H503CBU6, STM32H503EBY6TR, STM32H503KBU6, STM32H503RBT6, STM32H523CCT6, STM32H523CCU6, STM32H523CET6, STM32H523CEU6, STM32H523HEY6TR, STM32H523RCT6, STM32H523RET6, STM32H523VCI6, STM32H523VCT6, STM32H523VEI6, STM32H523VET6, STM32H523ZCJ6, STM32H523ZCT6, STM32H523ZEJ6, STM32H523ZET6, STM32H533CET6, STM32H533CEU6, STM32H533HEY6TR, STM32H533RET6, STM32H533VEI6, STM32H533VET6, STM32H533ZEJ6, STM32H533ZET6, STM32H562AGI6, STM32H562AII6, STM32H562IGK6, STM32H562IGT6, STM32H562IIK6, STM32H562IIT6, STM32H562RGT6, STM32H562RGV6, STM32H562RIT6, STM32H562RIV6, STM32H562VGT6, STM32H562VIT6, STM32H562ZGT6, STM32H562ZIT6, STM32H563AGI6, STM32H563AII3Q, STM32H563AII6, STM32H563IGK6, STM32H563IGT6, STM32H563IIK3Q, STM32H563IIK6, STM32H563IIT3Q, STM32H563IIT6, STM32H563MIY3QTR, STM32H563RGT6, STM32H563RGV6, STM32H563RIT6, STM32H563RIV6, STM32H563VGT6, STM32H563VIT3Q, STM32H563VIT6, STM32H563ZGT6, STM32H563ZIT3Q, STM32H563ZIT6, STM32H573AII3Q, STM32H573AII6, STM32H573I-DK, STM32H573IIK3Q, STM32H573IIK6, STM32H573IIT3Q, STM32H573IIT6, STM32H573MIY3QTR, STM32H573RIT6, STM32H573RIV6, STM32H573VIT3Q, STM32H573VIT6, STM32H573ZIT3Q, STM32H573ZIT6, STM32H7R3A8I6, STM32H7R3I8K6, STM32H7R3I8T6, STM32H7R3L8H6, STM32H7R3L8H6H, STM32H7R3R8V6, STM32H7R3V8H6, STM32H7R3V8T6, STM32H7R3V8Y6TR, STM32H7R3Z8J6, STM32H7R3Z8T6, STM32H7R7A8I6, STM32H7R7I8K6, STM32H7R7I8T6, STM32H7R7L8H6, STM32H7R7L8H6H, STM32H7R7Z8J6, STM32H7S3A8I6, STM32H7S3I8K6, STM32H7S3I8T6, STM32H7S3L8H6, STM32H7S3L8H6H, STM32H7S3R8V6, STM32H7S3V8H6, STM32H7S3V8T6, STM32H7S3V8Y6TR, STM32H7S3Z8J6, STM32H7S3Z8T6, STM32H7S78-DK, STM32H7S7A8I6, STM32H7S7I8K6, STM32H7S7I8T6, STM32H7S7L8H6, STM32H7S7L8H6H, STM32H7S7Z8J6, STM32L4R5QGI6STR, STM32MP131AAE3, STM32MP131AAF3, STM32MP131AAG3, STM32MP131CAE3, STM32MP131CAF3, STM32MP131CAG3, STM32MP131DAE7, STM32MP131DAF7, STM32MP131DAG7, STM32MP131FAE7, STM32MP131FAF7, STM32MP131FAG7, STM32MP133AAE3, STM32MP133AAF3, STM32MP133AAG3, STM32MP133CAE3, STM32MP133CAF3, STM32MP133CAG3, STM32MP133DAE7, STM32MP133DAF7, STM32MP133DAG7, STM32MP133FAE7, STM32MP133FAF7, STM32MP133FAG7, STM32MP135AAE3, STM32MP135AAF3, STM32MP135AAG3, STM32MP135CAE3, STM32MP135CAF3, STM32MP135CAG3, STM32MP135DAE7, STM32MP135DAF7, STM32MP135DAG7, STM32MP135F-DK, STM32MP135FAE7, STM32MP135FAF7, STM32MP135FAF7T, STM32MP135FAF7U, STM32MP135FAG7, STM32MP231AAJ3, STM32MP231AAK3, STM32MP231AAL3, STM32MP231CAJ3, STM32MP231CAK3, STM32MP231CAL3, STM32MP231DAJ3, STM32MP231DAK3, STM32MP231DAL3, STM32MP231FAJ3, STM32MP231FAK3, STM32MP231FAL3, STM32MP233AAJ3, STM32MP233AAK3, STM32MP233AAL3, STM32MP233CAJ3, STM32MP233CAK3, STM32MP233CAL3, STM32MP233DAJ3, STM32MP233DAK3, STM32MP233DAL3, STM32MP233FAJ3, STM32MP233FAK3, STM32MP233FAL3, STM32MP235AAJ3, STM32MP235AAK3, STM32MP235AAL3, STM32MP235CAJ3, STM32MP235CAK3, STM32MP235CAL3, STM32MP235DAJ3, STM32MP235DAK3, STM32MP235DAL3, STM32MP235FAJ3, STM32MP235FAK3, STM32MP235FAL3, STM32MP251AAI3, STM32MP251AAJ3, STM32MP251AAK3, STM32MP251AAL3, STM32MP251CAI3, STM32MP251CAJ3, STM32MP251CAK3, STM32MP251CAL3, STM32MP251DAI3, STM32MP251DAJ3, STM32MP251DAK3, STM32MP251DAL3, STM32MP251FAI3, STM32MP251FAJ3, STM32MP251FAK3, STM32MP251FAL3, STM32MP253AAI3, STM32MP253AAJ3, STM32MP253AAK3, STM32MP253AAL3, STM32MP253CAI3, STM32MP253CAJ3, STM32MP253CAK3, STM32MP253CAL3, STM32MP253DAI3, STM32MP253DAJ3, STM32MP253DAK3, STM32MP253DAL3, STM32MP253FAI3, STM32MP253FAJ3, STM32MP253FAK3, STM32MP253FAL3, STM32MP255AAI3, STM32MP255AAJ3, STM32MP255AAK3, STM32MP255AAL3, STM32MP255CAI3, STM32MP255CAJ3, STM32MP255CAK3, STM32MP255CAL3, STM32MP255DAI3, STM32MP255DAJ3, STM32MP255DAK3, STM32MP255DAL3, STM32MP255FAI3, STM32MP255FAJ3, STM32MP255FAK3, STM32MP255FAL3, STM32MP257AAI3, STM32MP257AAJ3, STM32MP257AAK3, STM32MP257AAL3, STM32MP257CAI3, STM32MP257CAJ3, STM32MP257CAK3, STM32MP257CAL3, STM32MP257DAI3, STM32MP257DAJ3, STM32MP257DAK3, STM32MP257DAL3, STM32MP257F-DK, STM32MP257F-EV1, STM32MP257FAI3, STM32MP257FAJ3, STM32MP257FAK3, STM32MP257FAL3, STM32N645A0H3Q, STM32N645B0H3Q, STM32N645I0H3Q, STM32N645L0H3Q, STM32N645X0H3Q, STM32N645Z0H3Q, STM32N647A0H3Q, STM32N647B0H3Q, STM32N647I0H3Q, STM32N647L0H3Q, STM32N647X0H3Q, STM32N647Z0H3Q, STM32N655A0H3Q, STM32N655B0H3Q, STM32N655I0H3Q, STM32N655L0H3Q, STM32N655X0H3Q, STM32N655Z0H3Q, STM32N6570-DK, STM32N657A0H3Q, STM32N657B0H3Q, STM32N657I0H3Q, STM32N657L0H3Q, STM32N657X0H3Q, STM32N657Z0H3Q, STM32U031C6T6, STM32U031C6U6, STM32U031C8T6, STM32U031C8U6, STM32U031F4P6, STM32U031F6P6, STM32U031F8P6, STM32U031G6Y6TR, STM32U031G8Y6TR, STM32U031K4U6, STM32U031K6U6, STM32U031K8U6, STM32U031R6I6, STM32U031R6T6, STM32U031R8I6, STM32U031R8T6, STM32U073C8T6, STM32U073C8U6, STM32U073CBT6, STM32U073CBU6, STM32U073CCT6, STM32U073CCU6, STM32U073H8Y6TR, STM32U073HBY6TR, STM32U073HCY6TR, STM32U073K8U6, STM32U073KBU6, STM32U073KCU6, STM32U073M8I6, STM32U073M8T6, STM32U073MBI6, STM32U073MBT6, STM32U073MCI6, STM32U073MCT6, STM32U073R8I6, STM32U073R8T6, STM32U073RBI6, STM32U073RBT6, STM32U073RCI6, STM32U073RCT6, STM32U083C-DK, STM32U083CCT6, STM32U083CCU6, STM32U083HCY6TR, STM32U083KCU6, STM32U083MCI6, STM32U083MCT6, STM32U083RCI6, STM32U083RCT6, STM32U375CET6, STM32U375CET6Q, STM32U375CEU6, STM32U375CEU6Q, STM32U375CEY6QTR, STM32U375CGT6, STM32U375CGT6Q, STM32U375CGU6, STM32U375CGU6Q, STM32U375CGY6QTR, STM32U375KEU6, STM32U375KGU6, STM32U375REI6, STM32U375REI6Q, STM32U375RET6, STM32U375RET6Q, STM32U375REY6GTR, STM32U375REY6QTR, STM32U375RGI6, STM32U375RGI6Q, STM32U375RGT6, STM32U375RGT6Q, STM32U375RGY6GTR, STM32U375RGY6QTR, STM32U375VEI6, STM32U375VEI6Q, STM32U375VET6, STM32U375VET6Q, STM32U375VGI6, STM32U375VGI6Q, STM32U375VGT6, STM32U375VGT6Q, STM32U385CGT6, STM32U385CGT6Q, STM32U385CGU6, STM32U385CGU6Q, STM32U385CGY6QTR, STM32U385KGU6, STM32U385RGI6, STM32U385RGI6Q, STM32U385RGT6, STM32U385RGT6Q, STM32U385RGY6GTR, STM32U385RGY6QTR, STM32U385VGI6, STM32U385VGI6Q, STM32U385VGT6, STM32U385VGT6Q, STM32U535CBT6, STM32U535CBT6Q, STM32U535CBU6, STM32U535CBU6Q, STM32U535CCT6, STM32U535CCT6Q, STM32U535CCU6, STM32U535CCU6Q, STM32U535CET6, STM32U535CET6Q, STM32U535CEU6, STM32U535CEU6Q, STM32U535JEY6QTR, STM32U535NCY6QTR, STM32U535NEY6QTR, STM32U535RBI6, STM32U535RBI6Q, STM32U535RBT6, STM32U535RBT6Q, STM32U535RCI6, STM32U535RCI6Q, STM32U535RCT6, STM32U535RCT6Q, STM32U535REI6, STM32U535REI6Q, STM32U535RET6, STM32U535RET6Q, STM32U535VCI6, STM32U535VCI6Q, STM32U535VCT6, STM32U535VCT6Q, STM32U535VEI6, STM32U535VEI6Q, STM32U535VET6, STM32U535VET6Q, STM32U545CET6, STM32U545CET6Q, STM32U545CEU6, STM32U545CEU6Q, STM32U545JEY6QTR, STM32U545NEY6QTR, STM32U545REI6, STM32U545REI6Q, STM32U545RET6, STM32U545RET6Q, STM32U545VEI6, STM32U545VEI6Q, STM32U545VET6, STM32U545VET6Q, STM32U595AIH6, STM32U595AIH6Q, STM32U595AJH6, STM32U595AJH6Q, STM32U595QII6, STM32U595QII6Q, STM32U595QJI6, STM32U595QJI6Q, STM32U595RIT6, STM32U595RIT6Q, STM32U595RJT6, STM32U595RJT6Q, STM32U595VIT6, STM32U595VIT6Q, STM32U595VJT6, STM32U595VJT6Q, STM32U595ZIT6, STM32U595ZIT6Q, STM32U595ZIY6QTR, STM32U595ZJT6, STM32U595ZJT6Q, STM32U595ZJY6QTR, STM32U599BJY6QTR, STM32U599NIH6Q, STM32U599NJH6Q, STM32U599VIT6Q, STM32U599VJT6, STM32U599VJT6Q, STM32U599ZIT6Q, STM32U599ZIY6QTR, STM32U599ZJT6Q, STM32U599ZJY6QTR, STM32U5A5AJH6, STM32U5A5AJH6Q, STM32U5A5QII3Q , STM32U5A5QJI6, STM32U5A5QJI6Q, STM32U5A5RJT6, STM32U5A5RJT6Q, STM32U5A5VJT6, STM32U5A5VJT6Q, STM32U5A5ZJT6, STM32U5A5ZJT6Q, STM32U5A5ZJY6QTR, STM32U5A9BJY6QTR, STM32U5A9J-DK, STM32U5A9NJH6Q, STM32U5A9VJT6Q, STM32U5A9ZJT6Q, STM32U5A9ZJY6QTR, STM32U5F7VIT6, STM32U5F7VIT6Q, STM32U5F7VJT6, STM32U5F7VJT6Q, STM32U5F9BJY6QTR, STM32U5F9NJH6Q, STM32U5F9VIT6Q, STM32U5F9VJT6Q, STM32U5F9ZIJ6QTR, STM32U5F9ZIT6Q, STM32U5F9ZJJ6QTR, STM32U5F9ZJT6Q, STM32U5G7VJT6, STM32U5G7VJT6Q, STM32U5G9BJY6QTR, STM32U5G9J-DK1, STM32U5G9J-DK2, STM32U5G9NJH6Q, STM32U5G9VJT6Q, STM32U5G9ZJJ6QTR, STM32U5G9ZJT6Q, STM32WB05KZV6TR, STM32WB05KZV7TR, STM32WB05TZF6TR, STM32WB05TZF7TR, STM32WB06CCF6TR, STM32WB06CCF7TR, STM32WB06CCV6TR, STM32WB06CCV7TR, STM32WB06KCV6TR, STM32WB06KCV7TR, STM32WB07CCF6TR, STM32WB07CCF7TR, STM32WB07CCV6TR, STM32WB07CCV7TR, STM32WB07KCV6TR, STM32WB07KCV7TR, STM32WB09KEV6TR, STM32WB09KEV7TR, STM32WB09TEF6TR, STM32WB09TEF7TR, STM32WB1MMCH6, STM32WBA50KGU6, STM32WBA50KGU6TR, STM32WBA52CEU6, STM32WBA52CEU6TR, STM32WBA52CEU7, STM32WBA52CEU7TR, STM32WBA52CGU6, STM32WBA52CGU6TR, STM32WBA52CGU6U, STM32WBA52CGU7, STM32WBA52CGU7TR, STM32WBA52KEU6, STM32WBA52KEU6TR, STM32WBA52KGU6, STM32WBA52KGU6TR, STM32WBA54CEU6, STM32WBA54CEU6TR, STM32WBA54CEU7, STM32WBA54CEU7TR, STM32WBA54CGU6, STM32WBA54CGU6TR, STM32WBA54CGU7, STM32WBA54CGU7TR, STM32WBA54KEU6, STM32WBA54KEU6TR, STM32WBA54KEU7, STM32WBA54KEU7TR, STM32WBA54KGU6, STM32WBA54KGU6TR, STM32WBA54KGU7, STM32WBA54KGU7TR, STM32WBA55CEU6, STM32WBA55CEU6TR, STM32WBA55CEU7, STM32WBA55CEU7TR, STM32WBA55CGU6, STM32WBA55CGU6TR, STM32WBA55CGU6U, STM32WBA55CGU7, STM32WBA55CGU7TR, STM32WBA55G-DK1, STM32WBA55HEF6, STM32WBA55HEF7, STM32WBA55HGF6, STM32WBA55HGF7, STM32WBA55UEI6, STM32WBA55UEI6TR, STM32WBA55UEI7, STM32WBA55UEI7TR, STM32WBA55UGI6, STM32WBA55UGI6TR, STM32WBA55UGI7, STM32WBA55UGI7TR, STM32WBA5MJGH6TR, STM32WBA62CGU6, STM32WBA62CIU6, STM32WBA62MGF6, STM32WBA62MIF6, STM32WBA62PGI6, STM32WBA62PII6, STM32WBA63CGU6, STM32WBA63CGU7, STM32WBA63CIU6, STM32WBA63CIU7, STM32WBA64CGU6, STM32WBA64CGU7, STM32WBA64CIU6, STM32WBA64CIU7, STM32WBA65CGU6, STM32WBA65CGU7, STM32WBA65CIU6, STM32WBA65CIU7, STM32WBA65I-DK1, STM32WBA65MGF6, STM32WBA65MGF7, STM32WBA65MIF6, STM32WBA65MIF7, STM32WBA65PGI6, STM32WBA65PGI7, STM32WBA65PII6, STM32WBA65PII7, STM32WBA65RGV6, STM32WBA65RGV7, STM32WBA65RIV6, STM32WBA65RIV7, STM32WL30K8V6, STM32WL30KBV6, STM32WL31C8V6, STM32WL31CBV6, STM32WL31K8V6, STM32WL31KBV6, STM32WL33C8V6, STM32WL33C8V6TR, STM32WL33C8V7, STM32WL33C8V7TR, STM32WL33CBV6, STM32WL33CBV6TR, STM32WL33CBV7, STM32WL33CBV7TR, STM32WL33CCV6, STM32WL33CCV6TR, STM32WL33CCV7, STM32WL33CCV7A, STM32WL33CCV7ATR, STM32WL33CCV7TR, STM32WL33K8V6, STM32WL33K8V6TR, STM32WL33K8V7, STM32WL33K8V7TR, STM32WL33KBV6, STM32WL33KBV6TR, STM32WL33KBV7, STM32WL33KBV7TR, STM32WL33KCV6, STM32WL33KCV6TR, STM32WL33KCV7, STM32WL33KCV7TR, STM32WL5MOCH6, STM32WL5MOCH6TR]
2025-04-30 13:16:49,756 [INFO] DbMcus:218 - Found 4686 MCUs, 4686 are supported
2025-04-30 13:16:49,757 [INFO] ApiDb:423 - Load user favorites file C:\Users\Nghia/.stm32cubeide/favorites.mcus.txt: 0 item(s)
2025-04-30 13:16:49,758 [INFO] ApiDb:427 - User favorites MCUs=[]
2025-04-30 13:16:49,758 [INFO] DbMcus:224 - Set 0 / 0 favorites MCUs
2025-04-30 13:16:50,521 [INFO] ApiDb:423 - Load user favorites file C:\Users\Nghia/.stm32cubeide/favorites.boards.txt: 0 item(s)
2025-04-30 13:16:50,522 [INFO] ApiDb:427 - User favorites Boards=[]
2025-04-30 13:16:50,524 [INFO] DbBoards:198 - Set 0 / 0 favorites Boards
2025-04-30 13:16:50,524 [INFO] McuFinderGlobals:76 - Set McuFinderConnectedMode to true
2025-04-30 13:16:50,534 [INFO] MultiScanPanel:200 - Auto-refresh data requested => check proxy status ongoing
2025-04-30 13:16:50,539 [INFO] FinderPluginLoader:95 - Searching for filters in installed packs
2025-04-30 13:16:51,982 [INFO] LoadUrlFilesThread:185 - End of LoadServerUrlFiles without Thread
2025-04-30 13:16:52,037 [INFO] DetailPanel:341 - Set advertising image to C:/Users/Nghia/STM32Cube/Repository/\en.prom-stm32u3-mcu-finder.jpg
2025-04-30 13:17:17,774 [INFO] MainUpdater:2872 - connection check result : 10
2025-04-30 13:17:17,775 [INFO] MainUpdater:2872 - connection check result : 10
2025-04-30 13:17:17,797 [INFO] MicroXplorer:468 - Change Database Path : 
2025-04-30 13:17:17,798 [INFO] MicroXplorer:498 - Change Database Version : DB.6.0.140
2025-04-30 13:17:17,804 [WARN] ThirdParty:871 - waiting for thirdparty lock release [close project]
2025-04-30 13:17:17,804 [INFO] ThirdParty:873 - entering critical section [close project]
2025-04-30 13:17:17,806 [INFO] ThirdParty:883 - exiting critical section [close project]
2025-04-30 13:17:17,810 [INFO] PinOutPanel:1589 - setPackage(No Configuration,No Configuration)
2025-04-30 13:17:17,820 [INFO] UtilMem:75 - Begin LoadConfig() Used Memory: 478951272 Bytes (480247808)
2025-04-30 13:17:17,822 [INFO] MicroXplorer:468 - Change Database Path : 
2025-04-30 13:17:17,823 [INFO] MicroXplorer:498 - Change Database Version : DB.6.0.140
2025-04-30 13:17:17,823 [INFO] OpenFileManager:354 - Change cursor
2025-04-30 13:17:18,075 [INFO] Mcu:2011 - Initializing MCU STM32F411VETx STM32F411VETx STM32F411VET6
2025-04-30 13:17:19,796 [INFO] Context:756 - Trying to add GPIOservice into a context  which must be forbidden
2025-04-30 13:17:20,250 [INFO] ImportTextPane:218 - (OptionalMessage_ERROR) Unable to find key (Mcu.ThirdPartyNb) in loaded IOC file
2025-04-30 13:17:20,251 [INFO] ImportTextPane:218 - (OptionalMessage_ERROR) Unable to find key (Mcu.PinsNb) in loaded IOC file
2025-04-30 13:17:20,253 [INFO] ImportTextPane:218 - (OptionalMessage_ERROR) Pin0 (VP_RIF_VS_RIF1) cannot be retrieved for this MCU
2025-04-30 13:17:20,253 [INFO] ImportTextPane:218 - (OptionalMessage_ERROR) Unable to find key (Mcu.IPNb) in loaded IOC file
2025-04-30 13:17:20,578 [INFO] RtosManager:558 - Registered RTOS mode: class=CMSIS, group=RTOS, mode=CMSIS_V1, owner=FREERTOS
2025-04-30 13:17:20,578 [INFO] RtosManager:558 - Registered RTOS mode: class=CMSIS, group=RTOS2, mode=CMSIS_V2, owner=FREERTOS
2025-04-30 13:17:20,578 [INFO] RtosManager:558 - Registered RTOS mode: class=RTOS, group=Core, mode=CMSIS_V1, owner=FREERTOS
2025-04-30 13:17:20,578 [INFO] RtosManager:558 - Registered RTOS mode: class=RTOS, group=Core, mode=CMSIS_V2, owner=FREERTOS
2025-04-30 13:17:20,578 [WARN] ModelIntegratedComponent:184 - Missing modes for component STMicroelectronics:FreeRTOS:0.0.1:STMicroelectronics:RTOS:FreeRTOS:Core:::10.2.0:
2025-04-30 13:17:20,594 [WARN] ModelIntegratedComponent:182 - Modes not found for component STMicroelectronics:USB_HOST:1.0.0:STMicroelectronics:USB::USB Host:Audio HS::1.0:USB_HOST_1_0_RESTRICTED_HS
2025-04-30 13:17:20,594 [WARN] ModelIntegratedComponent:188 - Modes not found for component STMicroelectronics:USB_HOST:1.0.0:STMicroelectronics:USB::USB Host:Audio HS::1.0:USB_HOST_1_0_RESTRICTED_HS
2025-04-30 13:17:20,594 [WARN] ModelIntegratedComponent:182 - Modes not found for component STMicroelectronics:USB_HOST:1.0.0:STMicroelectronics:USB::USB Host:CDC HS::1.0:USB_HOST_1_0_RESTRICTED_HS
2025-04-30 13:17:20,594 [WARN] ModelIntegratedComponent:188 - Modes not found for component STMicroelectronics:USB_HOST:1.0.0:STMicroelectronics:USB::USB Host:CDC HS::1.0:USB_HOST_1_0_RESTRICTED_HS
2025-04-30 13:17:20,594 [WARN] ModelIntegratedComponent:182 - Modes not found for component STMicroelectronics:USB_HOST:1.0.0:STMicroelectronics:USB::USB Host:MSC HS::1.0:USB_HOST_1_0_RESTRICTED_HS
2025-04-30 13:17:20,594 [WARN] ModelIntegratedComponent:188 - Modes not found for component STMicroelectronics:USB_HOST:1.0.0:STMicroelectronics:USB::USB Host:MSC HS::1.0:USB_HOST_1_0_RESTRICTED_HS
2025-04-30 13:17:20,594 [WARN] ModelIntegratedComponent:182 - Modes not found for component STMicroelectronics:USB_HOST:1.0.0:STMicroelectronics:USB::USB Host:HID HS::1.0:USB_HOST_1_0_RESTRICTED_HS
2025-04-30 13:17:20,594 [WARN] ModelIntegratedComponent:188 - Modes not found for component STMicroelectronics:USB_HOST:1.0.0:STMicroelectronics:USB::USB Host:HID HS::1.0:USB_HOST_1_0_RESTRICTED_HS
2025-04-30 13:17:20,594 [WARN] ModelIntegratedComponent:182 - Modes not found for component STMicroelectronics:USB_HOST:1.0.0:STMicroelectronics:USB::USB Host:MTP HS::1.0:USB_HOST_1_0_RESTRICTED_HS
2025-04-30 13:17:20,594 [WARN] ModelIntegratedComponent:188 - Modes not found for component STMicroelectronics:USB_HOST:1.0.0:STMicroelectronics:USB::USB Host:MTP HS::1.0:USB_HOST_1_0_RESTRICTED_HS
2025-04-30 13:17:20,602 [WARN] ModelIntegratedComponent:63 - No mode defined for component null
2025-04-30 13:17:20,603 [WARN] ModelIntegratedComponent:63 - No mode defined for component null
2025-04-30 13:17:20,603 [WARN] ModelIntegratedComponent:63 - No mode defined for component null
2025-04-30 13:17:20,603 [WARN] ModelIntegratedComponent:63 - No mode defined for component null
2025-04-30 13:17:20,603 [WARN] ModelIntegratedComponent:63 - No mode defined for component null
2025-04-30 13:17:20,603 [WARN] ModelIntegratedComponent:63 - No mode defined for component null
2025-04-30 13:17:20,603 [WARN] ModelIntegratedComponent:63 - No mode defined for component null
2025-04-30 13:17:20,603 [WARN] ModelIntegratedComponent:63 - No mode defined for component null
2025-04-30 13:17:20,603 [WARN] ModelIntegratedComponent:63 - No mode defined for component null
2025-04-30 13:17:20,603 [WARN] ModelIntegratedComponent:63 - No mode defined for component null
2025-04-30 13:17:20,603 [WARN] ModelIntegratedComponent:63 - No mode defined for component null
2025-04-30 13:17:20,603 [WARN] ModelIntegratedComponent:63 - No mode defined for component null
2025-04-30 13:17:20,604 [WARN] ModelIntegratedComponent:63 - No mode defined for component null
2025-04-30 13:17:20,604 [WARN] ModelIntegratedComponent:63 - No mode defined for component null
2025-04-30 13:17:20,604 [WARN] ModelIntegratedComponent:63 - No mode defined for component null
2025-04-30 13:17:20,604 [WARN] ModelIntegratedComponent:63 - No mode defined for component null
2025-04-30 13:17:20,604 [WARN] ModelIntegratedComponent:63 - No mode defined for component null
2025-04-30 13:17:20,604 [WARN] ModelIntegratedComponent:63 - No mode defined for component null
2025-04-30 13:17:20,604 [WARN] ModelIntegratedComponent:63 - No mode defined for component null
2025-04-30 13:17:20,604 [WARN] ModelIntegratedComponent:63 - No mode defined for component null
2025-04-30 13:17:20,604 [WARN] ModelIntegratedComponent:63 - No mode defined for component null
2025-04-30 13:17:20,604 [WARN] ModelIntegratedComponent:63 - No mode defined for component null
2025-04-30 13:17:20,604 [WARN] ModelIntegratedComponent:63 - No mode defined for component null
2025-04-30 13:17:20,604 [WARN] ModelIntegratedComponent:63 - No mode defined for component null
2025-04-30 13:17:20,604 [WARN] ModelIntegratedComponent:63 - No mode defined for component null
2025-04-30 13:17:20,604 [WARN] ModelIntegratedComponent:63 - No mode defined for component null
2025-04-30 13:17:20,605 [WARN] ModelIntegratedComponent:63 - No mode defined for component null
2025-04-30 13:17:20,605 [WARN] ModelIntegratedComponent:63 - No mode defined for component null
2025-04-30 13:17:20,605 [WARN] ModelIntegratedComponent:63 - No mode defined for component null
2025-04-30 13:17:20,605 [WARN] ModelIntegratedComponent:63 - No mode defined for component null
2025-04-30 13:17:20,605 [WARN] ModelIntegratedComponent:63 - No mode defined for component null
2025-04-30 13:17:20,605 [WARN] ModelIntegratedComponent:63 - No mode defined for component null
2025-04-30 13:17:20,605 [WARN] ModelIntegratedComponent:63 - No mode defined for component null
2025-04-30 13:17:20,605 [WARN] ModelIntegratedComponent:63 - No mode defined for component null
2025-04-30 13:17:20,605 [WARN] ModelIntegratedComponent:63 - No mode defined for component null
2025-04-30 13:17:20,605 [WARN] ModelPack:524 - Component already loaded: STMicroelectronics:HAL Drivers:0.0.0:STMicroelectronics:Device:STMicro_Driver:XSPI:HAL::0.0.1:HAL_XSPI
2025-04-30 13:17:20,803 [WARN] ModelIntegratedComponent:182 - Modes not found for component STMicroelectronics:USB_DEVICE:1.0.0:STMicroelectronics:USB::USB Device:Audio HS::1.0:USB_DEVICE_1_0_RESTRICTED_HS
2025-04-30 13:17:20,803 [WARN] ModelIntegratedComponent:188 - Modes not found for component STMicroelectronics:USB_DEVICE:1.0.0:STMicroelectronics:USB::USB Device:Audio HS::1.0:USB_DEVICE_1_0_RESTRICTED_HS
2025-04-30 13:17:20,803 [WARN] ModelIntegratedComponent:182 - Modes not found for component STMicroelectronics:USB_DEVICE:1.0.0:STMicroelectronics:USB::USB Device:CDC HS::1.0:USB_DEVICE_1_0_RESTRICTED_HS
2025-04-30 13:17:20,803 [WARN] ModelIntegratedComponent:188 - Modes not found for component STMicroelectronics:USB_DEVICE:1.0.0:STMicroelectronics:USB::USB Device:CDC HS::1.0:USB_DEVICE_1_0_RESTRICTED_HS
2025-04-30 13:17:20,803 [WARN] ModelIntegratedComponent:182 - Modes not found for component STMicroelectronics:USB_DEVICE:1.0.0:STMicroelectronics:USB::USB Device:DFU HS::1.0:USB_DEVICE_1_0_RESTRICTED_HS
2025-04-30 13:17:20,803 [WARN] ModelIntegratedComponent:188 - Modes not found for component STMicroelectronics:USB_DEVICE:1.0.0:STMicroelectronics:USB::USB Device:DFU HS::1.0:USB_DEVICE_1_0_RESTRICTED_HS
2025-04-30 13:17:20,803 [WARN] ModelIntegratedComponent:182 - Modes not found for component STMicroelectronics:USB_DEVICE:1.0.0:STMicroelectronics:USB::USB Device:HID HS::1.0:USB_DEVICE_1_0_RESTRICTED_HS
2025-04-30 13:17:20,803 [WARN] ModelIntegratedComponent:188 - Modes not found for component STMicroelectronics:USB_DEVICE:1.0.0:STMicroelectronics:USB::USB Device:HID HS::1.0:USB_DEVICE_1_0_RESTRICTED_HS
2025-04-30 13:17:20,803 [WARN] ModelIntegratedComponent:182 - Modes not found for component STMicroelectronics:USB_DEVICE:1.0.0:STMicroelectronics:USB::USB Device:Custom HID HS::1.0:USB_DEVICE_1_0_RESTRICTED_HS
2025-04-30 13:17:20,803 [WARN] ModelIntegratedComponent:188 - Modes not found for component STMicroelectronics:USB_DEVICE:1.0.0:STMicroelectronics:USB::USB Device:Custom HID HS::1.0:USB_DEVICE_1_0_RESTRICTED_HS
2025-04-30 13:17:20,803 [WARN] ModelIntegratedComponent:182 - Modes not found for component STMicroelectronics:USB_DEVICE:1.0.0:STMicroelectronics:USB::USB Device:MSC HS::1.0:USB_DEVICE_1_0_RESTRICTED_HS
2025-04-30 13:17:20,803 [WARN] ModelIntegratedComponent:188 - Modes not found for component STMicroelectronics:USB_DEVICE:1.0.0:STMicroelectronics:USB::USB Device:MSC HS::1.0:USB_DEVICE_1_0_RESTRICTED_HS
2025-04-30 13:17:20,832 [INFO] ThirdPartyModel:298 - Start build external matchings
2025-04-30 13:17:22,921 [INFO] ThirdPartyModel:316 - End build external matchings
2025-04-30 13:17:23,293 [INFO] UtilMem:75 - End LoadConfig() Used Memory: 282015928 Bytes (593494016)
2025-04-30 13:17:23,339 [WARN] ThirdParty:833 - waiting for thirdparty lock release [change project]
2025-04-30 13:17:23,339 [INFO] ThirdParty:835 - entering critical section [change project]
2025-04-30 13:17:23,340 [INFO] ThirdParty:1030 - CMSIS Pack Vendor :STMicroelectronics USBPD 4.1
2025-04-30 13:17:23,340 [INFO] ThirdParty:1030 - CMSIS Pack Vendor :STMicroelectronics X-CUBE-AZRTOS-H7 3.3.0
2025-04-30 13:17:23,340 [INFO] ThirdParty:1030 - CMSIS Pack Vendor :STMicroelectronics X-CUBE-NFC9 1.0.0
2025-04-30 13:17:23,340 [INFO] ThirdParty:1030 - CMSIS Pack Vendor :STMicroelectronics X-CUBE-GNSS1 6.0.0
2025-04-30 13:17:23,340 [INFO] ThirdParty:1030 - CMSIS Pack Vendor :STMicroelectronics USB_HOST 2.0.0
2025-04-30 13:17:23,340 [INFO] ThirdParty:1030 - CMSIS Pack Vendor :STMicroelectronics FP-SNS-MOTENVWB1 1.4.0
2025-04-30 13:17:23,340 [INFO] ThirdParty:1030 - CMSIS Pack Vendor :STMicroelectronics X-CUBE-AZRTOS-F4 1.1.0
2025-04-30 13:17:23,340 [INFO] ThirdParty:1030 - CMSIS Pack Vendor :STMicroelectronics LIBJPEG 8.0.0
2025-04-30 13:17:23,340 [INFO] ThirdParty:1030 - CMSIS Pack Vendor :STMicroelectronics FP-ATR-ASTRA1 2.0.2
2025-04-30 13:17:23,340 [INFO] ThirdParty:1030 - CMSIS Pack Vendor :STMicroelectronics X-CUBE-BLE1 7.1.0
2025-04-30 13:17:23,340 [INFO] ThirdParty:1030 - CMSIS Pack Vendor :Avnet-IotConnect X-CUBE-IoTC-DA16k-PMOD 1.0.0
2025-04-30 13:17:23,340 [INFO] ThirdParty:1030 - CMSIS Pack Vendor :STMicroelectronics X-CUBE-SMBUS 2.1.0
2025-04-30 13:17:23,340 [INFO] ThirdParty:1030 - CMSIS Pack Vendor :STMicroelectronics X-CUBE-WB05N 1.1.0
2025-04-30 13:17:23,341 [INFO] ThirdParty:1030 - CMSIS Pack Vendor :STMicroelectronics USB_DEVICE 3.0.0
2025-04-30 13:17:23,341 [INFO] ThirdParty:1030 - CMSIS Pack Vendor :STMicroelectronics X-CUBE-TCPP 4.1.0
2025-04-30 13:17:23,341 [INFO] ThirdParty:1030 - CMSIS Pack Vendor :STMicroelectronics X-CUBE-ISPU 2.1.0
2025-04-30 13:17:23,341 [INFO] ThirdParty:1030 - CMSIS Pack Vendor :STMicroelectronics X-CUBE-FREERTOS 1.2.0
2025-04-30 13:17:23,351 [INFO] ThirdParty:1030 - CMSIS Pack Vendor :STMicroelectronics X-CUBE-AZRTOS-WB 2.0.0
2025-04-30 13:17:23,351 [INFO] ThirdParty:1030 - CMSIS Pack Vendor :STMicroelectronics X-CUBE-GNSS1 7.0.1
2025-04-30 13:17:23,351 [INFO] ThirdParty:1030 - CMSIS Pack Vendor :STMicroelectronics X-CUBE-AZRTOS-F7 1.1.0
2025-04-30 13:17:23,351 [INFO] ThirdParty:1030 - CMSIS Pack Vendor :STMicroelectronics X-CUBE-AZRTOS-L5 2.0.0
2025-04-30 13:17:23,351 [INFO] ThirdParty:1030 - CMSIS Pack Vendor :STMicroelectronics X-CUBE-TOUCHGFX 4.25.0
2025-04-30 13:17:23,351 [INFO] ThirdParty:1030 - CMSIS Pack Vendor :STMicroelectronics USB_DEVICE 2.0.0
2025-04-30 13:17:23,351 [INFO] ThirdParty:1030 - CMSIS Pack Vendor :STMicroelectronics X-CUBE-NFC6 3.1.0
2025-04-30 13:17:23,351 [INFO] ThirdParty:1030 - CMSIS Pack Vendor :STMicroelectronics FP-SNS-STBOX1 2.0.0
2025-04-30 13:17:23,351 [INFO] ThirdParty:1030 - CMSIS Pack Vendor :STMicroelectronics X-CUBE-MEMS1 11.2.0
2025-04-30 13:17:23,352 [INFO] ThirdParty:1030 - CMSIS Pack Vendor :STMicroelectronics FreeRTOS 0.0.1
2025-04-30 13:17:23,352 [INFO] ThirdParty:1030 - CMSIS Pack Vendor :STMicroelectronics X-CUBE-AZRTOS-G0 1.1.0
2025-04-30 13:17:23,352 [INFO] ThirdParty:1030 - CMSIS Pack Vendor :STMicroelectronics X-CUBE-SAFEA1 1.2.2
2025-04-30 13:17:23,352 [INFO] ThirdParty:1030 - CMSIS Pack Vendor :STMicroelectronics X-CUBE-NFC4 3.0.0
2025-04-30 13:17:23,352 [INFO] ThirdParty:1030 - CMSIS Pack Vendor :STMicroelectronics X-CUBE-DPower 1.2.0
2025-04-30 13:17:23,352 [INFO] ThirdParty:1030 - CMSIS Pack Vendor :STMicroelectronics X-CUBE-SUBG2 5.0.0
2025-04-30 13:17:23,352 [INFO] ThirdParty:1030 - CMSIS Pack Vendor :STMicroelectronics X-CUBE-AZRTOS-H7RS 1.1.0
2025-04-30 13:17:23,352 [INFO] ThirdParty:1030 - CMSIS Pack Vendor :STMicroelectronics STM32_WPAN 1.0.0
2025-04-30 13:17:23,352 [INFO] ThirdParty:1030 - CMSIS Pack Vendor :EmbeddedOffice I-CUBE-FS-RTOS 1.0.1
2025-04-30 13:17:23,352 [INFO] ThirdParty:1030 - CMSIS Pack Vendor :STMicroelectronics lwIP 2.0.3
2025-04-30 13:17:23,352 [INFO] ThirdParty:1030 - CMSIS Pack Vendor :STMicroelectronics FP-SNS-FLIGHT1 5.0.2
2025-04-30 13:17:23,352 [INFO] ThirdParty:1030 - CMSIS Pack Vendor :Cesanta I-CUBE-Mongoose 7.13.0
2025-04-30 13:17:23,352 [INFO] ThirdParty:1030 - CMSIS Pack Vendor :STMicroelectronics USB_HOST 1.0.0
2025-04-30 13:17:23,352 [INFO] ThirdParty:1030 - CMSIS Pack Vendor :STMicroelectronics X-CUBE-AI 9.0.0
2025-04-30 13:17:23,352 [INFO] ThirdParty:1030 - CMSIS Pack Vendor :STMicroelectronics X-CUBE-AZRTOS-G4 2.0.0
2025-04-30 13:17:23,352 [INFO] ThirdParty:1030 - CMSIS Pack Vendor :STMicroelectronics X-CUBE-WB05N 2.0.0
2025-04-30 13:17:23,352 [INFO] ThirdParty:1030 - CMSIS Pack Vendor :STMicroelectronics PDM2PCM 3.1.0
2025-04-30 13:17:23,353 [INFO] ThirdParty:1030 - CMSIS Pack Vendor :STMicroelectronics PDM2PCM 3.3.0
2025-04-30 13:17:23,353 [INFO] ThirdParty:1030 - CMSIS Pack Vendor :STMicroelectronics X-CUBE-DISPLAY 3.0.0
2025-04-30 13:17:23,353 [INFO] ThirdParty:1030 - CMSIS Pack Vendor :STMicroelectronics X-CUBE-TCPP 4.2.0
2025-04-30 13:17:23,353 [INFO] ThirdParty:1030 - CMSIS Pack Vendor :RealThread X-CUBE-RT-Thread_Nano 4.1.1
2025-04-30 13:17:23,353 [INFO] ThirdParty:1030 - CMSIS Pack Vendor :STMicroelectronics X-CUBE-BLE1 7.0.0
2025-04-30 13:17:23,353 [INFO] ThirdParty:1030 - CMSIS Pack Vendor :STMicroelectronics FP-ATR-SIGFOX1 3.2.0
2025-04-30 13:17:23,353 [INFO] ThirdParty:1030 - CMSIS Pack Vendor :STMicroelectronics X-CUBE-NFC10 1.0.0
2025-04-30 13:17:23,353 [INFO] ThirdParty:1030 - CMSIS Pack Vendor :wolfSSL I-CUBE-wolfSSL 5.7.2
2025-04-30 13:17:23,353 [INFO] ThirdParty:1030 - CMSIS Pack Vendor :STMicroelectronics X-CUBE-ISPU 2.0.0
2025-04-30 13:17:23,353 [INFO] ThirdParty:1030 - CMSIS Pack Vendor :STMicroelectronics X-CUBE-BLEMGR 4.0.0
2025-04-30 13:17:23,353 [INFO] ThirdParty:1030 - CMSIS Pack Vendor :STMicroelectronics X-CUBE-EEPRMA1 5.1.0
2025-04-30 13:17:23,353 [INFO] ThirdParty:1030 - CMSIS Pack Vendor :STMicroelectronics HAL Drivers 0.0.0
2025-04-30 13:17:23,353 [INFO] ThirdParty:1030 - CMSIS Pack Vendor :STMicroelectronics MBEDTLS 2.16.2
2025-04-30 13:17:23,353 [INFO] ThirdParty:1030 - CMSIS Pack Vendor :STMicroelectronics X-CUBE-IPS 3.1.0
2025-04-30 13:17:23,353 [INFO] ThirdParty:1030 - CMSIS Pack Vendor :STMicroelectronics X-CUBE-ALS 1.0.2
2025-04-30 13:17:23,353 [INFO] ThirdParty:1030 - CMSIS Pack Vendor :emotas I-CUBE-CANOPEN 1.3.0
2025-04-30 13:17:23,353 [INFO] ThirdParty:1030 - CMSIS Pack Vendor :STMicroelectronics X-CUBE-FREERTOS 1.3.0
2025-04-30 13:17:23,353 [INFO] ThirdParty:1030 - CMSIS Pack Vendor :STMicroelectronics X-CUBE-MEMS1 10.0.0
2025-04-30 13:17:23,353 [INFO] ThirdParty:1030 - CMSIS Pack Vendor :STMicroelectronics X-CUBE-NFC7 1.0.1
2025-04-30 13:17:23,354 [INFO] ThirdParty:1030 - CMSIS Pack Vendor :STMicroelectronics MBEDTLS 2.14.1
2025-04-30 13:17:23,354 [INFO] ThirdParty:1030 - CMSIS Pack Vendor :STMicroelectronics X-CUBE-TOUCHGFX 4.24.0
2025-04-30 13:17:23,354 [INFO] ThirdParty:1030 - CMSIS Pack Vendor :ITTIA_DB I-CUBE-ITTIADB 8.9.0
2025-04-30 13:17:23,354 [INFO] ThirdParty:1030 - CMSIS Pack Vendor :wolfSSL I-CUBE-wolfTPM 3.2.0
2025-04-30 13:17:23,354 [INFO] ThirdParty:1030 - CMSIS Pack Vendor :portGmbH I-Cube-SoM-uGOAL 1.1.0
2025-04-30 13:17:23,354 [INFO] ThirdParty:1030 - CMSIS Pack Vendor :quantropi X-CUBE-qispace-sdk-base 2.0.0
2025-04-30 13:17:23,354 [INFO] ThirdParty:1030 - CMSIS Pack Vendor :STMicroelectronics X-CUBE-BLEMGR 3.1.0
2025-04-30 13:17:23,355 [INFO] ThirdParty:1030 - CMSIS Pack Vendor :STMicroelectronics X-CUBE-AI 10.0.0
2025-04-30 13:17:23,355 [INFO] ThirdParty:1030 - CMSIS Pack Vendor :STMicroelectronics ThreadX 1.0.0
2025-04-30 13:17:23,355 [INFO] ThirdParty:1030 - CMSIS Pack Vendor :STMicroelectronics FP-SNS-SMARTAG2 1.2.0
2025-04-30 13:17:23,355 [INFO] ThirdParty:1030 - CMSIS Pack Vendor :STMicroelectronics FP-SNS-FLIGHT1 5.1.0
2025-04-30 13:17:23,355 [INFO] ThirdParty:1030 - CMSIS Pack Vendor :STMicroelectronics X-CUBE-MEMS1 11.1.0
2025-04-30 13:17:23,355 [INFO] ThirdParty:1030 - CMSIS Pack Vendor :STMicroelectronics X-CUBE-AZRTOS-WL 2.0.0
2025-04-30 13:17:23,355 [INFO] ThirdParty:1030 - CMSIS Pack Vendor :SEGGER I-CUBE-embOS 1.3.1
2025-04-30 13:17:23,355 [INFO] ThirdParty:1030 - CMSIS Pack Vendor :STMicroelectronics X-CUBE-ALGOBUILD 1.4.0
2025-04-30 13:17:23,356 [INFO] ThirdParty:1030 - CMSIS Pack Vendor :STMicroelectronics X-CUBE-DPower 1.3.0
2025-04-30 13:17:23,357 [INFO] ThirdParty:1030 - CMSIS Pack Vendor :STMicroelectronics FP-SNS-MOTENV1 5.0.0
2025-04-30 13:17:23,357 [INFO] ThirdParty:1030 - CMSIS Pack Vendor :STMicroelectronics USB_DEVICE 1.0.0
2025-04-30 13:17:23,358 [INFO] ThirdParty:1030 - CMSIS Pack Vendor :STMicroelectronics X-CUBE-AZRTOS-H7RS 1.0.0
2025-04-30 13:17:23,360 [INFO] ThirdParty:1030 - CMSIS Pack Vendor :wolfSSL I-CUBE-wolfMQTT 1.19.0
2025-04-30 13:17:23,360 [INFO] ThirdParty:1030 - CMSIS Pack Vendor :STMicroelectronics X-CUBE-AZRTOS-L4 2.0.0
2025-04-30 13:17:23,360 [INFO] ThirdParty:1030 - CMSIS Pack Vendor :STMicroelectronics ThreadX 0.0.2
2025-04-30 13:17:23,364 [INFO] ThirdParty:1030 - CMSIS Pack Vendor :WES I-CUBE-Cesium 1.3.0
2025-04-30 13:17:23,365 [INFO] ThirdParty:1030 - CMSIS Pack Vendor :STMicroelectronics FP-ATR-ASTRA1 2.0.0
2025-04-30 13:17:23,365 [INFO] ThirdParty:1030 - CMSIS Pack Vendor :STMicroelectronics lwIP 2.1.2
2025-04-30 13:17:23,365 [INFO] ThirdParty:1030 - CMSIS Pack Vendor :STMicroelectronics X-CUBE-SFXS2LP1 4.0.0
2025-04-30 13:17:23,365 [INFO] ThirdParty:1030 - CMSIS Pack Vendor :STMicroelectronics X-CUBE-BLE2 3.3.0
2025-04-30 13:17:23,365 [INFO] ThirdParty:1030 - CMSIS Pack Vendor :STMicroelectronics X-CUBE-TOF1 3.4.2
2025-04-30 13:17:23,365 [INFO] ThirdParty:1030 - CMSIS Pack Vendor :STMicroelectronics X-CUBE-TOF1 3.4.3
2025-04-30 13:17:23,365 [INFO] ThirdParty:1030 - CMSIS Pack Vendor :STMicroelectronics X-CUBE-TOF1 3.4.1
2025-04-30 13:17:23,365 [INFO] ThirdParty:1030 - CMSIS Pack Vendor :STMicroelectronics X-CUBE-AZRTOS-H7 3.2.0
2025-04-30 13:17:23,366 [INFO] ThirdParty:1030 - CMSIS Pack Vendor :Infineon AIROC-Wi-Fi-Bluetooth-STM32 1.6.0
2025-04-30 13:17:23,366 [INFO] ThirdParty:1030 - CMSIS Pack Vendor :STMicroelectronics PDM2PCM 3.2.0
2025-04-30 13:17:23,366 [INFO] ThirdParty:1030 - CMSIS Pack Vendor :wolfSSL I-CUBE-wolfSSH 1.4.17
2025-04-30 13:17:23,366 [INFO] ThirdParty:841 - exiting critical section [change project]
2025-04-30 13:17:23,827 [INFO] PinOutPanel:1589 - setPackage(No Configuration,No Configuration)
2025-04-30 13:17:23,829 [INFO] PinOutPanel:1589 - setPackage(STM32F411VETx,LQFP100)
2025-04-30 13:17:24,363 [INFO] UtilMem:75 - Before build in PCC Used Memory: 280967352 Bytes (594542592)
2025-04-30 13:17:25,193 [INFO] UtilMem:75 - After build in PCC Used Memory: 467613880 Bytes (594542592)
2025-04-30 13:17:25,233 [INFO] IPUIPlugin:80 - create IPUIPlugin
2025-04-30 13:17:25,233 [INFO] IPUIPlugin:80 - create IPUIPlugin
2025-04-30 13:17:25,234 [INFO] IPUIPlugin:80 - create IPUIPlugin
2025-04-30 13:17:25,234 [INFO] IPUIPlugin:80 - create IPUIPlugin
2025-04-30 13:17:25,234 [INFO] IPUIPlugin:80 - create IPUIPlugin
2025-04-30 13:17:25,234 [INFO] IPUIPlugin:80 - create IPUIPlugin
2025-04-30 13:17:25,234 [INFO] IPUIPlugin:80 - create IPUIPlugin
2025-04-30 13:17:25,234 [INFO] IPUIPlugin:80 - create IPUIPlugin
2025-04-30 13:17:25,234 [INFO] IPUIPlugin:80 - create IPUIPlugin
2025-04-30 13:17:25,234 [INFO] IPUIPlugin:80 - create IPUIPlugin
2025-04-30 13:17:25,234 [INFO] IPUIPlugin:80 - create IPUIPlugin
2025-04-30 13:17:25,235 [INFO] IPUIPlugin:80 - create IPUIPlugin
2025-04-30 13:17:25,235 [INFO] IPUIPlugin:80 - create IPUIPlugin
2025-04-30 13:17:25,235 [INFO] IPUIPlugin:80 - create IPUIPlugin
2025-04-30 13:17:25,235 [INFO] IPUIPlugin:80 - create IPUIPlugin
2025-04-30 13:17:25,235 [INFO] IPUIPlugin:80 - create IPUIPlugin
2025-04-30 13:17:25,235 [INFO] IPUIPlugin:80 - create IPUIPlugin
2025-04-30 13:17:25,236 [INFO] IPUIPlugin:80 - create IPUIPlugin
2025-04-30 13:17:25,236 [INFO] IPUIPlugin:80 - create IPUIPlugin
2025-04-30 13:17:25,236 [INFO] IPUIPlugin:80 - create IPUIPlugin
2025-04-30 13:17:25,237 [INFO] IPUIPlugin:80 - create IPUIPlugin
2025-04-30 13:17:25,237 [INFO] IPUIPlugin:80 - create IPUIPlugin
2025-04-30 13:17:25,238 [INFO] IPUIPlugin:80 - create IPUIPlugin
2025-04-30 13:17:25,238 [INFO] IPUIPlugin:80 - create IPUIPlugin
2025-04-30 13:17:25,238 [INFO] IPUIPlugin:80 - create IPUIPlugin
2025-04-30 13:17:25,238 [INFO] IPUIPlugin:80 - create IPUIPlugin
2025-04-30 13:17:25,238 [INFO] IPUIPlugin:80 - create IPUIPlugin
2025-04-30 13:17:25,239 [INFO] IPUIPlugin:80 - create IPUIPlugin
2025-04-30 13:17:25,239 [INFO] IPUIPlugin:80 - create IPUIPlugin
2025-04-30 13:17:25,239 [INFO] IPUIPlugin:80 - create IPUIPlugin
2025-04-30 13:17:25,239 [INFO] IPUIPlugin:80 - create IPUIPlugin
2025-04-30 13:17:25,240 [INFO] IPUIPlugin:80 - create IPUIPlugin
2025-04-30 13:17:25,240 [INFO] IPUIPlugin:80 - create IPUIPlugin
2025-04-30 13:17:25,240 [INFO] IPUIPlugin:80 - create IPUIPlugin
2025-04-30 13:17:25,240 [INFO] IPUIPlugin:80 - create IPUIPlugin
2025-04-30 13:17:25,241 [INFO] IPUIPlugin:80 - create IPUIPlugin
2025-04-30 13:17:25,241 [INFO] IPUIPlugin:80 - create IPUIPlugin
2025-04-30 13:17:25,241 [INFO] IPUIPlugin:80 - create IPUIPlugin
2025-04-30 13:17:25,241 [INFO] IPUIPlugin:80 - create IPUIPlugin
2025-04-30 13:17:25,242 [INFO] IPUIPlugin:80 - create IPUIPlugin
2025-04-30 13:17:25,242 [INFO] IPUIPlugin:80 - create IPUIPlugin
2025-04-30 13:17:25,243 [INFO] IPUIPlugin:80 - create IPUIPlugin
2025-04-30 13:17:25,243 [INFO] IPUIPlugin:80 - create IPUIPlugin
2025-04-30 13:17:25,346 [INFO] ApiDbMcu:508 - Load IP Config File for PDM2PCM
2025-04-30 13:17:25,618 [INFO] CADModel:165 - CPN selected for project levelSTM32F411VET6
2025-04-30 13:17:25,618 [INFO] CADModel:114 - Register for checkConnection events
2025-04-30 13:17:25,682 [INFO] OpenFileManager:385 - Restore cursor
2025-04-30 13:17:27,292 [INFO] UtilMem:75 - End SaveConfig() Used Memory: 390963384 Bytes (594542592)
2025-04-30 13:17:27,382 [INFO] UtilMem:75 - End SaveConfig() Used Memory: 419822704 Bytes (594542592)
2025-04-30 13:17:28,001 [INFO] BlockDiagram:2775 - set Specific Code input for plugin: NVIC
2025-04-30 13:17:28,003 [INFO] BlockDiagram:2775 - set Specific Code input for plugin: RCC
2025-04-30 13:17:28,006 [INFO] CodeGenerator:882 - code generatio: config db path: G:\stm32cubeide\Install\STM32CubeIDE_1.18.0\STM32CubeIDE\plugins\com.st.stm32cube.common.mx_6.14.0.202502271554\\db\
2025-04-30 13:17:28,149 [INFO] CodeEngine:263 - oldGeneratedFile, G:\stm32cubeide\workspace\BootLoader\BOOTLOADER\MXTmpFiles\license.tmp_save
2025-04-30 13:17:28,552 [INFO] CodeEngine:287 - Generated code: G:\stm32cubeide\workspace\BootLoader\BOOTLOADER\MXTmpFiles\license.tmp
2025-04-30 13:17:28,565 [INFO] CodeEngine:263 - oldGeneratedFile, G:\stm32cubeide\workspace\BootLoader\BOOTLOADER\Core\Src\stm32f4xx_it.c_save
2025-04-30 13:17:28,807 [INFO] CodeEngine:287 - Generated code: G:\stm32cubeide\workspace\BootLoader\BOOTLOADER\Core\Src\stm32f4xx_it.c
2025-04-30 13:17:28,826 [INFO] CodeEngine:263 - oldGeneratedFile, G:\stm32cubeide\workspace\BootLoader\BOOTLOADER\Core\Inc\stm32f4xx_it.h_save
2025-04-30 13:17:28,933 [INFO] CodeEngine:287 - Generated code: G:\stm32cubeide\workspace\BootLoader\BOOTLOADER\Core\Inc\stm32f4xx_it.h
2025-04-30 13:17:28,995 [INFO] CodeEngine:263 - oldGeneratedFile, G:\stm32cubeide\workspace\BootLoader\BOOTLOADER\Core\Src\stm32f4xx_hal_msp.c_save
2025-04-30 13:17:29,191 [INFO] CodeEngine:287 - Generated code: G:\stm32cubeide\workspace\BootLoader\BOOTLOADER\Core\Src\stm32f4xx_hal_msp.c
2025-04-30 13:17:29,196 [INFO] CodeEngine:263 - oldGeneratedFile, G:\stm32cubeide\workspace\BootLoader\BOOTLOADER\MXTmpFiles\system.tmp_save
2025-04-30 13:17:29,285 [INFO] CodeEngine:287 - Generated code: G:\stm32cubeide\workspace\BootLoader\BOOTLOADER\MXTmpFiles\system.tmp
2025-04-30 13:17:29,297 [INFO] CodeEngine:319 - oldGeneratedFile, G:\stm32cubeide\workspace\BootLoader\BOOTLOADER\Core\Inc\stm32f4xx_hal_conf.h_save
2025-04-30 13:17:29,519 [INFO] CodeEngine:343 - Generated code: G:\stm32cubeide\workspace\BootLoader\BOOTLOADER\Core\Inc\stm32f4xx_hal_conf.h
2025-04-30 13:17:29,657 [INFO] ApiDbMcu:508 - Load IP Config File for RCC
2025-04-30 13:17:29,669 [INFO] CodeEngine:263 - oldGeneratedFile, G:\stm32cubeide\workspace\BootLoader\BOOTLOADER\Core\Inc\main.h_save
2025-04-30 13:17:29,944 [INFO] CodeEngine:287 - Generated code: G:\stm32cubeide\workspace\BootLoader\BOOTLOADER\Core\Inc\main.h
2025-04-30 13:17:29,951 [INFO] CodeEngine:263 - oldGeneratedFile, G:\stm32cubeide\workspace\BootLoader\BOOTLOADER\Core\Src\main.c_save
2025-04-30 13:17:30,167 [INFO] CodeEngine:287 - Generated code: G:\stm32cubeide\workspace\BootLoader\BOOTLOADER\Core\Src\main.c
2025-04-30 13:17:30,592 [INFO] ProjectBuilder:3324 - Time for Copy HAL[1] : 151mS.
2025-04-30 13:17:30,600 [INFO] ProjectBuilder:4912 - Project Generator version: 4.6.0-B36
2025-04-30 13:17:30,698 [INFO] ConfigFileManager:1590 - The Die is : DIE431
2025-04-30 13:17:30,710 [INFO] ApiDbMcu:508 - Load IP Config File for FATFS
2025-04-30 13:17:30,736 [INFO] ApiDbMcu:508 - Load IP Config File for FREERTOS
2025-04-30 13:17:30,741 [INFO] ApiDbMcu:508 - Load IP Config File for LIBJPEG
2025-04-30 13:17:30,774 [INFO] ApiDbMcu:508 - Load IP Config File for MBEDTLS
2025-04-30 13:17:30,809 [INFO] ApiDbMcu:508 - Load IP Config File for USB_DEVICE
2025-04-30 13:17:30,821 [INFO] ApiDbMcu:508 - Load IP Config File for USB_HOST
2025-04-30 13:17:31,309 [INFO] LogOutputStream:77 - [STDOUT_REDIRECT] 
2025-04-30 13:17:34,087 [INFO] ProjectBuilder:5191 - Time for Generating toolchain IDE Files: 3488mS.
2025-04-30 13:17:34,089 [INFO] ProjectBuilder:3181 - Time for Copy CMSIS : 0mS.
2025-04-30 13:17:34,091 [INFO] ProjectBuilder:3181 - Time for Copy CMSIS : 0mS.
2025-04-30 13:17:35,358 [INFO] McuFinderGlobals:76 - Set McuFinderConnectedMode to true
2025-04-30 13:17:35,364 [INFO] ApiDb:448 - Save user favorites file C:\Users\Nghia/.stm32cubeide/favorites.mcus.txt: 0 item(s)
2025-04-30 13:17:35,365 [INFO] ApiDb:452 - User favorites MCUs=[]
2025-04-30 13:18:43,974 [WARN] IP:2250 - DEVICE_SERIAL0_CDC_FS not found: check if there is a RefParameter without a condition.
2025-04-30 13:18:43,974 [WARN] IP:2250 - DEVICE_SERIAL1_CDC_FS not found: check if there is a RefParameter without a condition.
2025-04-30 13:18:43,975 [WARN] IP:2250 - DEVICE_SERIAL2_CDC_FS not found: check if there is a RefParameter without a condition.
2025-04-30 13:18:43,977 [WARN] IP:2250 - DEVICE_SERIAL0_CDC_FS not found: check if there is a RefParameter without a condition.
2025-04-30 13:18:43,978 [WARN] IP:2250 - DEVICE_SERIAL1_CDC_FS not found: check if there is a RefParameter without a condition.
2025-04-30 13:18:43,978 [WARN] IP:2250 - DEVICE_SERIAL2_CDC_FS not found: check if there is a RefParameter without a condition.
2025-04-30 13:18:44,012 [WARN] IP:2250 - DEVICE_SERIAL0_CDC_FS not found: check if there is a RefParameter without a condition.
2025-04-30 13:18:44,012 [WARN] IP:2250 - DEVICE_SERIAL1_CDC_FS not found: check if there is a RefParameter without a condition.
2025-04-30 13:18:44,012 [WARN] IP:2250 - DEVICE_SERIAL2_CDC_FS not found: check if there is a RefParameter without a condition.
2025-04-30 13:18:49,925 [WARN] IP:2250 - DEVICE_SERIAL0_CDC_FS not found: check if there is a RefParameter without a condition.
2025-04-30 13:18:49,925 [WARN] IP:2250 - DEVICE_SERIAL1_CDC_FS not found: check if there is a RefParameter without a condition.
2025-04-30 13:18:49,925 [WARN] IP:2250 - DEVICE_SERIAL2_CDC_FS not found: check if there is a RefParameter without a condition.
2025-04-30 13:18:49,926 [WARN] IP:2250 - DEVICE_SERIAL0_CDC_FS not found: check if there is a RefParameter without a condition.
2025-04-30 13:18:49,927 [WARN] IP:2250 - DEVICE_SERIAL1_CDC_FS not found: check if there is a RefParameter without a condition.
2025-04-30 13:18:49,927 [WARN] IP:2250 - DEVICE_SERIAL2_CDC_FS not found: check if there is a RefParameter without a condition.
2025-04-30 13:18:49,962 [WARN] IP:2250 - DEVICE_SERIAL0_CDC_FS not found: check if there is a RefParameter without a condition.
2025-04-30 13:18:49,962 [WARN] IP:2250 - DEVICE_SERIAL1_CDC_FS not found: check if there is a RefParameter without a condition.
2025-04-30 13:18:49,962 [WARN] IP:2250 - DEVICE_SERIAL2_CDC_FS not found: check if there is a RefParameter without a condition.
2025-04-30 13:18:49,988 [WARN] IP:2250 - DEVICE_SERIAL0_CDC_FS not found: check if there is a RefParameter without a condition.
2025-04-30 13:18:49,988 [WARN] IP:2250 - DEVICE_SERIAL1_CDC_FS not found: check if there is a RefParameter without a condition.
2025-04-30 13:18:49,989 [WARN] IP:2250 - DEVICE_SERIAL2_CDC_FS not found: check if there is a RefParameter without a condition.
2025-04-30 13:18:54,623 [WARN] IP:2250 - DEVICE_SERIAL0_CDC_FS not found: check if there is a RefParameter without a condition.
2025-04-30 13:18:54,624 [WARN] IP:2250 - DEVICE_SERIAL1_CDC_FS not found: check if there is a RefParameter without a condition.
2025-04-30 13:18:54,624 [WARN] IP:2250 - DEVICE_SERIAL2_CDC_FS not found: check if there is a RefParameter without a condition.
2025-04-30 13:18:54,626 [WARN] IP:2250 - DEVICE_SERIAL0_CDC_FS not found: check if there is a RefParameter without a condition.
2025-04-30 13:18:54,626 [WARN] IP:2250 - DEVICE_SERIAL1_CDC_FS not found: check if there is a RefParameter without a condition.
2025-04-30 13:18:54,626 [WARN] IP:2250 - DEVICE_SERIAL2_CDC_FS not found: check if there is a RefParameter without a condition.
2025-04-30 13:18:54,658 [WARN] IP:2250 - DEVICE_SERIAL0_CDC_FS not found: check if there is a RefParameter without a condition.
2025-04-30 13:18:54,658 [WARN] IP:2250 - DEVICE_SERIAL1_CDC_FS not found: check if there is a RefParameter without a condition.
2025-04-30 13:18:54,658 [WARN] IP:2250 - DEVICE_SERIAL2_CDC_FS not found: check if there is a RefParameter without a condition.
2025-04-30 13:18:54,683 [WARN] IP:2250 - DEVICE_SERIAL0_CDC_FS not found: check if there is a RefParameter without a condition.
2025-04-30 13:18:54,683 [WARN] IP:2250 - DEVICE_SERIAL1_CDC_FS not found: check if there is a RefParameter without a condition.
2025-04-30 13:18:54,683 [WARN] IP:2250 - DEVICE_SERIAL2_CDC_FS not found: check if there is a RefParameter without a condition.
2025-04-30 13:19:00,080 [WARN] IP:2250 - DEVICE_SERIAL0_CDC_FS not found: check if there is a RefParameter without a condition.
2025-04-30 13:19:00,080 [WARN] IP:2250 - DEVICE_SERIAL1_CDC_FS not found: check if there is a RefParameter without a condition.
2025-04-30 13:19:00,080 [WARN] IP:2250 - DEVICE_SERIAL2_CDC_FS not found: check if there is a RefParameter without a condition.
2025-04-30 13:19:00,081 [WARN] IP:2250 - DEVICE_SERIAL0_CDC_FS not found: check if there is a RefParameter without a condition.
2025-04-30 13:19:00,081 [WARN] IP:2250 - DEVICE_SERIAL1_CDC_FS not found: check if there is a RefParameter without a condition.
2025-04-30 13:19:00,081 [WARN] IP:2250 - DEVICE_SERIAL2_CDC_FS not found: check if there is a RefParameter without a condition.
2025-04-30 13:19:00,107 [WARN] IP:2250 - DEVICE_SERIAL0_CDC_FS not found: check if there is a RefParameter without a condition.
2025-04-30 13:19:00,107 [WARN] IP:2250 - DEVICE_SERIAL1_CDC_FS not found: check if there is a RefParameter without a condition.
2025-04-30 13:19:00,107 [WARN] IP:2250 - DEVICE_SERIAL2_CDC_FS not found: check if there is a RefParameter without a condition.
2025-04-30 13:19:00,123 [WARN] IP:2250 - DEVICE_SERIAL0_CDC_FS not found: check if there is a RefParameter without a condition.
2025-04-30 13:19:00,123 [WARN] IP:2250 - DEVICE_SERIAL1_CDC_FS not found: check if there is a RefParameter without a condition.
2025-04-30 13:19:00,123 [WARN] IP:2250 - DEVICE_SERIAL2_CDC_FS not found: check if there is a RefParameter without a condition.
2025-04-30 13:19:02,465 [WARN] IP:2250 - DEVICE_SERIAL0_CDC_FS not found: check if there is a RefParameter without a condition.
2025-04-30 13:19:02,465 [WARN] IP:2250 - DEVICE_SERIAL1_CDC_FS not found: check if there is a RefParameter without a condition.
2025-04-30 13:19:02,465 [WARN] IP:2250 - DEVICE_SERIAL2_CDC_FS not found: check if there is a RefParameter without a condition.
2025-04-30 13:19:02,466 [WARN] IP:2250 - DEVICE_SERIAL0_CDC_FS not found: check if there is a RefParameter without a condition.
2025-04-30 13:19:02,466 [WARN] IP:2250 - DEVICE_SERIAL1_CDC_FS not found: check if there is a RefParameter without a condition.
2025-04-30 13:19:02,466 [WARN] IP:2250 - DEVICE_SERIAL2_CDC_FS not found: check if there is a RefParameter without a condition.
2025-04-30 13:19:02,496 [WARN] IP:2250 - DEVICE_SERIAL0_CDC_FS not found: check if there is a RefParameter without a condition.
2025-04-30 13:19:02,496 [WARN] IP:2250 - DEVICE_SERIAL1_CDC_FS not found: check if there is a RefParameter without a condition.
2025-04-30 13:19:02,496 [WARN] IP:2250 - DEVICE_SERIAL2_CDC_FS not found: check if there is a RefParameter without a condition.
2025-04-30 13:19:02,517 [WARN] IP:2250 - DEVICE_SERIAL0_CDC_FS not found: check if there is a RefParameter without a condition.
2025-04-30 13:19:02,518 [WARN] IP:2250 - DEVICE_SERIAL1_CDC_FS not found: check if there is a RefParameter without a condition.
2025-04-30 13:19:02,518 [WARN] IP:2250 - DEVICE_SERIAL2_CDC_FS not found: check if there is a RefParameter without a condition.
2025-04-30 13:19:32,487 [WARN] IP:2250 - DEVICE_SERIAL0_CDC_FS not found: check if there is a RefParameter without a condition.
2025-04-30 13:19:32,488 [WARN] IP:2250 - DEVICE_SERIAL1_CDC_FS not found: check if there is a RefParameter without a condition.
2025-04-30 13:19:32,488 [WARN] IP:2250 - DEVICE_SERIAL2_CDC_FS not found: check if there is a RefParameter without a condition.
2025-04-30 13:19:32,488 [WARN] IP:2250 - DEVICE_SERIAL0_CDC_FS not found: check if there is a RefParameter without a condition.
2025-04-30 13:19:32,488 [WARN] IP:2250 - DEVICE_SERIAL1_CDC_FS not found: check if there is a RefParameter without a condition.
2025-04-30 13:19:32,488 [WARN] IP:2250 - DEVICE_SERIAL2_CDC_FS not found: check if there is a RefParameter without a condition.
2025-04-30 13:19:44,210 [ERROR] LogOutputStream:75 - [STDERR_REDIRECT] Exception in thread "AWT-EventQueue-0" java.lang.ClassCastException: class sun.awt.windows.WEmbeddedFrame cannot be cast to class javax.swing.JFrame (sun.awt.windows.WEmbeddedFrame and javax.swing.JFrame are in module java.desktop of loader 'bootstrap')
2025-04-30 13:19:44,212 [ERROR] LogOutputStream:75 - [STDERR_REDIRECT] 	at com.st.microxplorer.plugins.clock.ClockConfigurationView.activatePlugin(ClockConfigurationView.java:425)
2025-04-30 13:19:44,214 [ERROR] LogOutputStream:75 - [STDERR_REDIRECT] 	at com.st.microxplorer.maingui.MainPanel$1.stateChanged(MainPanel.java:382)
2025-04-30 13:19:44,215 [ERROR] LogOutputStream:75 - [STDERR_REDIRECT] 	at java.desktop/javax.swing.JTabbedPane.fireStateChanged(JTabbedPane.java:446)
2025-04-30 13:19:44,218 [ERROR] LogOutputStream:75 - [STDERR_REDIRECT] 	at java.desktop/javax.swing.JTabbedPane$ModelListener.stateChanged(JTabbedPane.java:297)
2025-04-30 13:19:44,221 [ERROR] LogOutputStream:75 - [STDERR_REDIRECT] 	at java.desktop/javax.swing.DefaultSingleSelectionModel.fireStateChanged(DefaultSingleSelectionModel.java:148)
2025-04-30 13:19:44,224 [ERROR] LogOutputStream:75 - [STDERR_REDIRECT] 	at java.desktop/javax.swing.DefaultSingleSelectionModel.setSelectedIndex(DefaultSingleSelectionModel.java:79)
2025-04-30 13:19:44,225 [ERROR] LogOutputStream:75 - [STDERR_REDIRECT] 	at java.desktop/javax.swing.JTabbedPane.setSelectedIndexImpl(JTabbedPane.java:650)
2025-04-30 13:19:44,226 [ERROR] LogOutputStream:75 - [STDERR_REDIRECT] 	at java.desktop/javax.swing.JTabbedPane.setSelectedIndex(JTabbedPane.java:625)
2025-04-30 13:19:44,229 [ERROR] LogOutputStream:75 - [STDERR_REDIRECT] 	at java.desktop/javax.swing.plaf.basic.BasicTabbedPaneUI$Handler.mousePressed(BasicTabbedPaneUI.java:4140)
2025-04-30 13:19:44,231 [ERROR] LogOutputStream:75 - [STDERR_REDIRECT] 	at java.desktop/java.awt.Component.processMouseEvent(Component.java:6618)
2025-04-30 13:19:44,233 [ERROR] LogOutputStream:75 - [STDERR_REDIRECT] 	at java.desktop/javax.swing.JComponent.processMouseEvent(JComponent.java:3398)
2025-04-30 13:19:44,234 [ERROR] LogOutputStream:75 - [STDERR_REDIRECT] 	at java.desktop/java.awt.Component.processEvent(Component.java:6386)
2025-04-30 13:19:44,235 [ERROR] LogOutputStream:75 - [STDERR_REDIRECT] 	at java.desktop/java.awt.Container.processEvent(Container.java:2266)
2025-04-30 13:19:44,236 [ERROR] LogOutputStream:75 - [STDERR_REDIRECT] 	at java.desktop/java.awt.Component.dispatchEventImpl(Component.java:4996)
2025-04-30 13:19:44,237 [ERROR] LogOutputStream:75 - [STDERR_REDIRECT] 	at java.desktop/java.awt.Container.dispatchEventImpl(Container.java:2324)
2025-04-30 13:19:44,238 [ERROR] LogOutputStream:75 - [STDERR_REDIRECT] 	at java.desktop/java.awt.Component.dispatchEvent(Component.java:4828)
2025-04-30 13:19:44,239 [ERROR] LogOutputStream:75 - [STDERR_REDIRECT] 	at java.desktop/java.awt.LightweightDispatcher.retargetMouseEvent(Container.java:4948)
2025-04-30 13:19:44,240 [ERROR] LogOutputStream:75 - [STDERR_REDIRECT] 	at java.desktop/java.awt.LightweightDispatcher.processMouseEvent(Container.java:4572)
2025-04-30 13:19:44,241 [ERROR] LogOutputStream:75 - [STDERR_REDIRECT] 	at java.desktop/java.awt.LightweightDispatcher.dispatchEvent(Container.java:4516)
2025-04-30 13:19:44,243 [ERROR] LogOutputStream:75 - [STDERR_REDIRECT] 	at java.desktop/java.awt.Container.dispatchEventImpl(Container.java:2310)
2025-04-30 13:19:44,244 [ERROR] LogOutputStream:75 - [STDERR_REDIRECT] 	at java.desktop/java.awt.Component.dispatchEvent(Component.java:4828)
2025-04-30 13:19:44,245 [ERROR] LogOutputStream:75 - [STDERR_REDIRECT] 	at java.desktop/java.awt.EventQueue.dispatchEventImpl(EventQueue.java:775)
2025-04-30 13:19:44,245 [ERROR] LogOutputStream:75 - [STDERR_REDIRECT] 	at java.desktop/java.awt.EventQueue$4.run(EventQueue.java:720)
2025-04-30 13:19:44,246 [ERROR] LogOutputStream:75 - [STDERR_REDIRECT] 	at java.desktop/java.awt.EventQueue$4.run(EventQueue.java:714)
2025-04-30 13:19:44,247 [ERROR] LogOutputStream:75 - [STDERR_REDIRECT] 	at java.base/java.security.AccessController.doPrivileged(AccessController.java:400)
2025-04-30 13:19:44,248 [ERROR] LogOutputStream:75 - [STDERR_REDIRECT] 	at java.base/java.security.ProtectionDomain$JavaSecurityAccessImpl.doIntersectionPrivilege(ProtectionDomain.java:87)
2025-04-30 13:19:44,251 [ERROR] LogOutputStream:75 - [STDERR_REDIRECT] 	at java.base/java.security.ProtectionDomain$JavaSecurityAccessImpl.doIntersectionPrivilege(ProtectionDomain.java:98)
2025-04-30 13:19:44,252 [ERROR] LogOutputStream:75 - [STDERR_REDIRECT] 	at java.desktop/java.awt.EventQueue$5.run(EventQueue.java:747)
2025-04-30 13:19:44,252 [ERROR] LogOutputStream:75 - [STDERR_REDIRECT] 	at java.desktop/java.awt.EventQueue$5.run(EventQueue.java:745)
2025-04-30 13:19:44,254 [ERROR] LogOutputStream:75 - [STDERR_REDIRECT] 	at java.base/java.security.AccessController.doPrivileged(AccessController.java:400)
2025-04-30 13:19:44,256 [ERROR] LogOutputStream:75 - [STDERR_REDIRECT] 	at java.base/java.security.ProtectionDomain$JavaSecurityAccessImpl.doIntersectionPrivilege(ProtectionDomain.java:87)
2025-04-30 13:19:44,259 [ERROR] LogOutputStream:75 - [STDERR_REDIRECT] 	at java.desktop/java.awt.EventQueue.dispatchEvent(EventQueue.java:744)
2025-04-30 13:19:44,260 [ERROR] LogOutputStream:75 - [STDERR_REDIRECT] 	at java.desktop/java.awt.EventDispatchThread.pumpOneEventForFilters(EventDispatchThread.java:203)
2025-04-30 13:19:44,261 [ERROR] LogOutputStream:75 - [STDERR_REDIRECT] 	at java.desktop/java.awt.EventDispatchThread.pumpEventsForFilter(EventDispatchThread.java:124)
2025-04-30 13:19:44,262 [ERROR] LogOutputStream:75 - [STDERR_REDIRECT] 	at java.desktop/java.awt.EventDispatchThread.pumpEventsForHierarchy(EventDispatchThread.java:113)
2025-04-30 13:19:44,264 [ERROR] LogOutputStream:75 - [STDERR_REDIRECT] 	at java.desktop/java.awt.EventDispatchThread.pumpEvents(EventDispatchThread.java:109)
2025-04-30 13:19:44,265 [ERROR] LogOutputStream:75 - [STDERR_REDIRECT] 	at java.desktop/java.awt.EventDispatchThread.pumpEvents(EventDispatchThread.java:101)
2025-04-30 13:19:44,266 [ERROR] LogOutputStream:75 - [STDERR_REDIRECT] 	at java.desktop/java.awt.EventDispatchThread.run(EventDispatchThread.java:90)
2025-04-30 13:19:50,336 [WARN] IP:2250 - DEVICE_SERIAL0_CDC_FS not found: check if there is a RefParameter without a condition.
2025-04-30 13:19:50,337 [WARN] IP:2250 - DEVICE_SERIAL1_CDC_FS not found: check if there is a RefParameter without a condition.
2025-04-30 13:19:50,337 [WARN] IP:2250 - DEVICE_SERIAL2_CDC_FS not found: check if there is a RefParameter without a condition.
2025-04-30 13:19:50,338 [WARN] IP:2250 - DEVICE_SERIAL0_CDC_FS not found: check if there is a RefParameter without a condition.
2025-04-30 13:19:50,338 [WARN] IP:2250 - DEVICE_SERIAL1_CDC_FS not found: check if there is a RefParameter without a condition.
2025-04-30 13:19:50,338 [WARN] IP:2250 - DEVICE_SERIAL2_CDC_FS not found: check if there is a RefParameter without a condition.
2025-04-30 13:19:50,429 [WARN] IP:2250 - DEVICE_SERIAL0_CDC_FS not found: check if there is a RefParameter without a condition.
2025-04-30 13:19:50,430 [WARN] IP:2250 - DEVICE_SERIAL1_CDC_FS not found: check if there is a RefParameter without a condition.
2025-04-30 13:19:50,430 [WARN] IP:2250 - DEVICE_SERIAL2_CDC_FS not found: check if there is a RefParameter without a condition.
2025-04-30 13:19:50,430 [WARN] IP:2250 - DEVICE_SERIAL0_CDC_FS not found: check if there is a RefParameter without a condition.
2025-04-30 13:19:50,430 [WARN] IP:2250 - DEVICE_SERIAL1_CDC_FS not found: check if there is a RefParameter without a condition.
2025-04-30 13:19:50,430 [WARN] IP:2250 - DEVICE_SERIAL2_CDC_FS not found: check if there is a RefParameter without a condition.
2025-04-30 13:19:53,108 [WARN] IP:2250 - DEVICE_SERIAL0_CDC_FS not found: check if there is a RefParameter without a condition.
2025-04-30 13:19:53,109 [WARN] IP:2250 - DEVICE_SERIAL1_CDC_FS not found: check if there is a RefParameter without a condition.
2025-04-30 13:19:53,109 [WARN] IP:2250 - DEVICE_SERIAL2_CDC_FS not found: check if there is a RefParameter without a condition.
2025-04-30 13:19:53,110 [WARN] IP:2250 - DEVICE_SERIAL0_CDC_FS not found: check if there is a RefParameter without a condition.
2025-04-30 13:19:53,110 [WARN] IP:2250 - DEVICE_SERIAL1_CDC_FS not found: check if there is a RefParameter without a condition.
2025-04-30 13:19:53,110 [WARN] IP:2250 - DEVICE_SERIAL2_CDC_FS not found: check if there is a RefParameter without a condition.
2025-04-30 13:19:53,229 [WARN] IP:2250 - DEVICE_SERIAL0_CDC_FS not found: check if there is a RefParameter without a condition.
2025-04-30 13:19:53,230 [WARN] IP:2250 - DEVICE_SERIAL1_CDC_FS not found: check if there is a RefParameter without a condition.
2025-04-30 13:19:53,230 [WARN] IP:2250 - DEVICE_SERIAL2_CDC_FS not found: check if there is a RefParameter without a condition.
2025-04-30 13:19:53,230 [WARN] IP:2250 - DEVICE_SERIAL0_CDC_FS not found: check if there is a RefParameter without a condition.
2025-04-30 13:19:53,231 [WARN] IP:2250 - DEVICE_SERIAL1_CDC_FS not found: check if there is a RefParameter without a condition.
2025-04-30 13:19:53,231 [WARN] IP:2250 - DEVICE_SERIAL2_CDC_FS not found: check if there is a RefParameter without a condition.
2025-04-30 13:19:54,593 [WARN] IP:2250 - DEVICE_SERIAL0_CDC_FS not found: check if there is a RefParameter without a condition.
2025-04-30 13:19:54,593 [WARN] IP:2250 - DEVICE_SERIAL1_CDC_FS not found: check if there is a RefParameter without a condition.
2025-04-30 13:19:54,594 [WARN] IP:2250 - DEVICE_SERIAL2_CDC_FS not found: check if there is a RefParameter without a condition.
2025-04-30 13:19:54,595 [WARN] IP:2250 - DEVICE_SERIAL0_CDC_FS not found: check if there is a RefParameter without a condition.
2025-04-30 13:19:54,595 [WARN] IP:2250 - DEVICE_SERIAL1_CDC_FS not found: check if there is a RefParameter without a condition.
2025-04-30 13:19:54,595 [WARN] IP:2250 - DEVICE_SERIAL2_CDC_FS not found: check if there is a RefParameter without a condition.
2025-04-30 13:19:54,689 [WARN] IP:2250 - DEVICE_SERIAL0_CDC_FS not found: check if there is a RefParameter without a condition.
2025-04-30 13:19:54,689 [WARN] IP:2250 - DEVICE_SERIAL1_CDC_FS not found: check if there is a RefParameter without a condition.
2025-04-30 13:19:54,689 [WARN] IP:2250 - DEVICE_SERIAL2_CDC_FS not found: check if there is a RefParameter without a condition.
2025-04-30 13:19:54,690 [WARN] IP:2250 - DEVICE_SERIAL0_CDC_FS not found: check if there is a RefParameter without a condition.
2025-04-30 13:19:54,690 [WARN] IP:2250 - DEVICE_SERIAL1_CDC_FS not found: check if there is a RefParameter without a condition.
2025-04-30 13:19:54,690 [WARN] IP:2250 - DEVICE_SERIAL2_CDC_FS not found: check if there is a RefParameter without a condition.
2025-04-30 13:19:55,388 [WARN] IP:2250 - DEVICE_SERIAL0_CDC_FS not found: check if there is a RefParameter without a condition.
2025-04-30 13:19:55,389 [WARN] IP:2250 - DEVICE_SERIAL1_CDC_FS not found: check if there is a RefParameter without a condition.
2025-04-30 13:19:55,389 [WARN] IP:2250 - DEVICE_SERIAL2_CDC_FS not found: check if there is a RefParameter without a condition.
2025-04-30 13:19:55,390 [WARN] IP:2250 - DEVICE_SERIAL0_CDC_FS not found: check if there is a RefParameter without a condition.
2025-04-30 13:19:55,390 [WARN] IP:2250 - DEVICE_SERIAL1_CDC_FS not found: check if there is a RefParameter without a condition.
2025-04-30 13:19:55,390 [WARN] IP:2250 - DEVICE_SERIAL2_CDC_FS not found: check if there is a RefParameter without a condition.
2025-04-30 13:19:55,500 [WARN] IP:2250 - DEVICE_SERIAL0_CDC_FS not found: check if there is a RefParameter without a condition.
2025-04-30 13:19:55,500 [WARN] IP:2250 - DEVICE_SERIAL1_CDC_FS not found: check if there is a RefParameter without a condition.
2025-04-30 13:19:55,500 [WARN] IP:2250 - DEVICE_SERIAL2_CDC_FS not found: check if there is a RefParameter without a condition.
2025-04-30 13:19:55,501 [WARN] IP:2250 - DEVICE_SERIAL0_CDC_FS not found: check if there is a RefParameter without a condition.
2025-04-30 13:19:55,501 [WARN] IP:2250 - DEVICE_SERIAL1_CDC_FS not found: check if there is a RefParameter without a condition.
2025-04-30 13:19:55,501 [WARN] IP:2250 - DEVICE_SERIAL2_CDC_FS not found: check if there is a RefParameter without a condition.
2025-04-30 13:20:00,375 [WARN] IP:2250 - DEVICE_SERIAL0_CDC_FS not found: check if there is a RefParameter without a condition.
2025-04-30 13:20:00,376 [WARN] IP:2250 - DEVICE_SERIAL1_CDC_FS not found: check if there is a RefParameter without a condition.
2025-04-30 13:20:00,376 [WARN] IP:2250 - DEVICE_SERIAL2_CDC_FS not found: check if there is a RefParameter without a condition.
2025-04-30 13:20:00,377 [WARN] IP:2250 - DEVICE_SERIAL0_CDC_FS not found: check if there is a RefParameter without a condition.
2025-04-30 13:20:00,377 [WARN] IP:2250 - DEVICE_SERIAL1_CDC_FS not found: check if there is a RefParameter without a condition.
2025-04-30 13:20:00,377 [WARN] IP:2250 - DEVICE_SERIAL2_CDC_FS not found: check if there is a RefParameter without a condition.
2025-04-30 13:20:00,497 [WARN] IP:2250 - DEVICE_SERIAL0_CDC_FS not found: check if there is a RefParameter without a condition.
2025-04-30 13:20:00,497 [WARN] IP:2250 - DEVICE_SERIAL1_CDC_FS not found: check if there is a RefParameter without a condition.
2025-04-30 13:20:00,497 [WARN] IP:2250 - DEVICE_SERIAL2_CDC_FS not found: check if there is a RefParameter without a condition.
2025-04-30 13:20:00,499 [WARN] IP:2250 - DEVICE_SERIAL0_CDC_FS not found: check if there is a RefParameter without a condition.
2025-04-30 13:20:00,499 [WARN] IP:2250 - DEVICE_SERIAL1_CDC_FS not found: check if there is a RefParameter without a condition.
2025-04-30 13:20:00,499 [WARN] IP:2250 - DEVICE_SERIAL2_CDC_FS not found: check if there is a RefParameter without a condition.
2025-04-30 13:20:08,179 [INFO] UtilMem:75 - End SaveConfig() Used Memory: 637395368 Bytes (1073741824)
2025-04-30 13:20:10,305 [INFO] UtilMem:75 - End SaveConfig() Used Memory: 832412944 Bytes (1073741824)
2025-04-30 13:20:13,110 [INFO] UtilMem:75 - End SaveConfig() Used Memory: 762636616 Bytes (1073741824)
2025-04-30 13:20:13,300 [INFO] ProjectBuilder:2368 - IP not ready for code generation: Clock
2025-04-30 13:20:19,532 [WARN] IP:2250 - DEVICE_SERIAL0_CDC_FS not found: check if there is a RefParameter without a condition.
2025-04-30 13:20:19,532 [WARN] IP:2250 - DEVICE_SERIAL1_CDC_FS not found: check if there is a RefParameter without a condition.
2025-04-30 13:20:19,532 [WARN] IP:2250 - DEVICE_SERIAL2_CDC_FS not found: check if there is a RefParameter without a condition.
2025-04-30 13:20:19,534 [WARN] IP:2250 - DEVICE_SERIAL0_CDC_FS not found: check if there is a RefParameter without a condition.
2025-04-30 13:20:19,534 [WARN] IP:2250 - DEVICE_SERIAL1_CDC_FS not found: check if there is a RefParameter without a condition.
2025-04-30 13:20:19,534 [WARN] IP:2250 - DEVICE_SERIAL2_CDC_FS not found: check if there is a RefParameter without a condition.
2025-04-30 13:20:19,616 [WARN] IP:2250 - DEVICE_SERIAL0_CDC_FS not found: check if there is a RefParameter without a condition.
2025-04-30 13:20:19,616 [WARN] IP:2250 - DEVICE_SERIAL1_CDC_FS not found: check if there is a RefParameter without a condition.
2025-04-30 13:20:19,616 [WARN] IP:2250 - DEVICE_SERIAL2_CDC_FS not found: check if there is a RefParameter without a condition.
2025-04-30 13:20:19,617 [WARN] IP:2250 - DEVICE_SERIAL0_CDC_FS not found: check if there is a RefParameter without a condition.
2025-04-30 13:20:19,617 [WARN] IP:2250 - DEVICE_SERIAL1_CDC_FS not found: check if there is a RefParameter without a condition.
2025-04-30 13:20:19,617 [WARN] IP:2250 - DEVICE_SERIAL2_CDC_FS not found: check if there is a RefParameter without a condition.
2025-04-30 13:20:26,647 [INFO] UtilMem:75 - End SaveConfig() Used Memory: 816520280 Bytes (1073741824)
2025-04-30 13:20:27,848 [INFO] UtilMem:75 - End SaveConfig() Used Memory: 910656424 Bytes (1073741824)
2025-04-30 13:20:29,324 [INFO] UtilMem:75 - End SaveConfig() Used Memory: 682149008 Bytes (1073741824)
2025-04-30 13:20:29,459 [INFO] ProjectBuilder:2368 - IP not ready for code generation: Clock
2025-04-30 13:21:01,143 [WARN] IP:2250 - DEVICE_SERIAL0_CDC_FS not found: check if there is a RefParameter without a condition.
2025-04-30 13:21:01,144 [WARN] IP:2250 - DEVICE_SERIAL1_CDC_FS not found: check if there is a RefParameter without a condition.
2025-04-30 13:21:01,144 [WARN] IP:2250 - DEVICE_SERIAL2_CDC_FS not found: check if there is a RefParameter without a condition.
2025-04-30 13:21:01,146 [WARN] IP:2250 - DEVICE_SERIAL0_CDC_FS not found: check if there is a RefParameter without a condition.
2025-04-30 13:21:01,146 [WARN] IP:2250 - DEVICE_SERIAL1_CDC_FS not found: check if there is a RefParameter without a condition.
2025-04-30 13:21:01,146 [WARN] IP:2250 - DEVICE_SERIAL2_CDC_FS not found: check if there is a RefParameter without a condition.
2025-04-30 13:21:01,239 [WARN] IP:2250 - DEVICE_SERIAL0_CDC_FS not found: check if there is a RefParameter without a condition.
2025-04-30 13:21:01,240 [WARN] IP:2250 - DEVICE_SERIAL1_CDC_FS not found: check if there is a RefParameter without a condition.
2025-04-30 13:21:01,240 [WARN] IP:2250 - DEVICE_SERIAL2_CDC_FS not found: check if there is a RefParameter without a condition.
2025-04-30 13:21:01,241 [WARN] IP:2250 - DEVICE_SERIAL0_CDC_FS not found: check if there is a RefParameter without a condition.
2025-04-30 13:21:01,242 [WARN] IP:2250 - DEVICE_SERIAL1_CDC_FS not found: check if there is a RefParameter without a condition.
2025-04-30 13:21:01,242 [WARN] IP:2250 - DEVICE_SERIAL2_CDC_FS not found: check if there is a RefParameter without a condition.
2025-04-30 13:21:04,491 [WARN] IP:2250 - DEVICE_SERIAL0_CDC_FS not found: check if there is a RefParameter without a condition.
2025-04-30 13:21:04,491 [WARN] IP:2250 - DEVICE_SERIAL1_CDC_FS not found: check if there is a RefParameter without a condition.
2025-04-30 13:21:04,491 [WARN] IP:2250 - DEVICE_SERIAL2_CDC_FS not found: check if there is a RefParameter without a condition.
2025-04-30 13:21:04,492 [WARN] IP:2250 - DEVICE_SERIAL0_CDC_FS not found: check if there is a RefParameter without a condition.
2025-04-30 13:21:04,492 [WARN] IP:2250 - DEVICE_SERIAL1_CDC_FS not found: check if there is a RefParameter without a condition.
2025-04-30 13:21:04,492 [WARN] IP:2250 - DEVICE_SERIAL2_CDC_FS not found: check if there is a RefParameter without a condition.
2025-04-30 13:21:04,579 [WARN] IP:2250 - DEVICE_SERIAL0_CDC_FS not found: check if there is a RefParameter without a condition.
2025-04-30 13:21:04,579 [WARN] IP:2250 - DEVICE_SERIAL1_CDC_FS not found: check if there is a RefParameter without a condition.
2025-04-30 13:21:04,579 [WARN] IP:2250 - DEVICE_SERIAL2_CDC_FS not found: check if there is a RefParameter without a condition.
2025-04-30 13:21:04,580 [WARN] IP:2250 - DEVICE_SERIAL0_CDC_FS not found: check if there is a RefParameter without a condition.
2025-04-30 13:21:04,580 [WARN] IP:2250 - DEVICE_SERIAL1_CDC_FS not found: check if there is a RefParameter without a condition.
2025-04-30 13:21:04,580 [WARN] IP:2250 - DEVICE_SERIAL2_CDC_FS not found: check if there is a RefParameter without a condition.
2025-04-30 13:21:09,620 [INFO] UtilMem:75 - End SaveConfig() Used Memory: 851662640 Bytes (1073741824)
2025-04-30 13:21:11,074 [INFO] UtilMem:75 - End SaveConfig() Used Memory: 672907864 Bytes (1073741824)
2025-04-30 13:21:12,825 [INFO] UtilMem:75 - End SaveConfig() Used Memory: 956576288 Bytes (1073741824)
2025-04-30 13:21:13,186 [INFO] BlockDiagram:2775 - set Specific Code input for plugin: USB_OTG_FS
2025-04-30 13:21:13,186 [INFO] BlockDiagram:2775 - set Specific Code input for plugin: NVIC
2025-04-30 13:21:13,186 [INFO] BlockDiagram:2775 - set Specific Code input for plugin: USB_DEVICE
2025-04-30 13:21:13,186 [INFO] BlockDiagram:2775 - set Specific Code input for plugin: SYS
2025-04-30 13:21:13,186 [INFO] BlockDiagram:2775 - set Specific Code input for plugin: GPIO
2025-04-30 13:21:13,186 [INFO] BlockDiagram:2775 - set Specific Code input for plugin: RCC
2025-04-30 13:21:13,187 [INFO] CodeGenerator:882 - code generatio: config db path: G:\stm32cubeide\Install\STM32CubeIDE_1.18.0\STM32CubeIDE\plugins\com.st.stm32cube.common.mx_6.14.0.202502271554\\db\
2025-04-30 13:21:13,198 [WARN] IP:2250 - DEVICE_SERIAL0_CDC_FS not found: check if there is a RefParameter without a condition.
2025-04-30 13:21:13,198 [WARN] IP:2250 - DEVICE_SERIAL1_CDC_FS not found: check if there is a RefParameter without a condition.
2025-04-30 13:21:13,198 [WARN] IP:2250 - DEVICE_SERIAL2_CDC_FS not found: check if there is a RefParameter without a condition.
2025-04-30 13:21:13,275 [INFO] CodeEngine:263 - oldGeneratedFile, G:\stm32cubeide\workspace\BootLoader\BOOTLOADER\MXTmpFiles\license.tmp_save
2025-04-30 13:21:13,401 [INFO] CodeEngine:287 - Generated code: G:\stm32cubeide\workspace\BootLoader\BOOTLOADER\MXTmpFiles\license.tmp
2025-04-30 13:21:13,448 [INFO] CodeEngine:263 - oldGeneratedFile, G:\stm32cubeide\workspace\BootLoader\BOOTLOADER\MXTmpFiles\gpio.tmp_save
2025-04-30 13:21:13,575 [INFO] CodeEngine:287 - Generated code: G:\stm32cubeide\workspace\BootLoader\BOOTLOADER\MXTmpFiles\gpio.tmp
2025-04-30 13:21:13,621 [WARN] IPConfigManager:3174 - Warning: the RefConfig PWREx_EnableUSBVoltageDetector is not available in your config.xml file
2025-04-30 13:21:13,629 [INFO] CodeEngine:263 - oldGeneratedFile, G:\stm32cubeide\workspace\BootLoader\BOOTLOADER\MXTmpFiles\usb_otg_fs_vars.tmp_save
2025-04-30 13:21:13,720 [INFO] CodeEngine:287 - Generated code: G:\stm32cubeide\workspace\BootLoader\BOOTLOADER\MXTmpFiles\usb_otg_fs_vars.tmp
2025-04-30 13:21:13,722 [INFO] CodeEngine:263 - oldGeneratedFile, G:\stm32cubeide\workspace\BootLoader\BOOTLOADER\MXTmpFiles\usb_otg_fs_inc.tmp_save
2025-04-30 13:21:13,772 [INFO] CodeEngine:287 - Generated code: G:\stm32cubeide\workspace\BootLoader\BOOTLOADER\MXTmpFiles\usb_otg_fs_inc.tmp
2025-04-30 13:21:13,777 [INFO] CodeEngine:263 - oldGeneratedFile, G:\stm32cubeide\workspace\BootLoader\BOOTLOADER\MXTmpFiles\usb_otg_fs_HalInit.tmp_save
2025-04-30 13:21:13,860 [INFO] CodeEngine:287 - Generated code: G:\stm32cubeide\workspace\BootLoader\BOOTLOADER\MXTmpFiles\usb_otg_fs_HalInit.tmp
2025-04-30 13:21:13,864 [INFO] CodeEngine:263 - oldGeneratedFile, G:\stm32cubeide\workspace\BootLoader\BOOTLOADER\MXTmpFiles\usb_otg_fs_Msp.tmp_save
2025-04-30 13:21:13,942 [INFO] CodeEngine:287 - Generated code: G:\stm32cubeide\workspace\BootLoader\BOOTLOADER\MXTmpFiles\usb_otg_fs_Msp.tmp
2025-04-30 13:21:14,034 [INFO] Middleware:1452 - No code input for Bsp Dependency
2025-04-30 13:21:14,055 [INFO] Middleware:1452 - No code input for Bsp Dependency
2025-04-30 13:21:14,062 [INFO] CodeEngine:263 - oldGeneratedFile, G:\stm32cubeide\workspace\BootLoader\BOOTLOADER\USB_DEVICE\App\usb_device.c_save
2025-04-30 13:21:14,143 [INFO] CodeEngine:287 - Generated code: G:\stm32cubeide\workspace\BootLoader\BOOTLOADER\USB_DEVICE\App\usb_device.c
2025-04-30 13:21:14,146 [INFO] CodeEngine:263 - oldGeneratedFile, G:\stm32cubeide\workspace\BootLoader\BOOTLOADER\USB_DEVICE\App\usb_device.h_save
2025-04-30 13:21:14,197 [INFO] CodeEngine:287 - Generated code: G:\stm32cubeide\workspace\BootLoader\BOOTLOADER\USB_DEVICE\App\usb_device.h
2025-04-30 13:21:14,200 [INFO] CodeEngine:263 - oldGeneratedFile, G:\stm32cubeide\workspace\BootLoader\BOOTLOADER\USB_DEVICE\Target\usbd_conf.h_save
2025-04-30 13:21:14,250 [INFO] CodeEngine:287 - Generated code: G:\stm32cubeide\workspace\BootLoader\BOOTLOADER\USB_DEVICE\Target\usbd_conf.h
2025-04-30 13:21:14,254 [INFO] CodeEngine:263 - oldGeneratedFile, G:\stm32cubeide\workspace\BootLoader\BOOTLOADER\USB_DEVICE\Target\usbd_conf.c_save
2025-04-30 13:21:14,341 [INFO] CodeEngine:287 - Generated code: G:\stm32cubeide\workspace\BootLoader\BOOTLOADER\USB_DEVICE\Target\usbd_conf.c
2025-04-30 13:21:14,354 [INFO] CodeEngine:263 - oldGeneratedFile, G:\stm32cubeide\workspace\BootLoader\BOOTLOADER\USB_DEVICE\App\usbd_desc.h_save
2025-04-30 13:21:14,409 [INFO] CodeEngine:287 - Generated code: G:\stm32cubeide\workspace\BootLoader\BOOTLOADER\USB_DEVICE\App\usbd_desc.h
2025-04-30 13:21:14,412 [INFO] CodeEngine:263 - oldGeneratedFile, G:\stm32cubeide\workspace\BootLoader\BOOTLOADER\USB_DEVICE\App\usbd_desc.c_save
2025-04-30 13:21:14,497 [INFO] CodeEngine:287 - Generated code: G:\stm32cubeide\workspace\BootLoader\BOOTLOADER\USB_DEVICE\App\usbd_desc.c
2025-04-30 13:21:14,508 [INFO] CodeEngine:263 - oldGeneratedFile, G:\stm32cubeide\workspace\BootLoader\BOOTLOADER\USB_DEVICE\App\usbd_cdc_if.h_save
2025-04-30 13:21:14,563 [INFO] CodeEngine:287 - Generated code: G:\stm32cubeide\workspace\BootLoader\BOOTLOADER\USB_DEVICE\App\usbd_cdc_if.h
2025-04-30 13:21:14,567 [INFO] CodeEngine:263 - oldGeneratedFile, G:\stm32cubeide\workspace\BootLoader\BOOTLOADER\USB_DEVICE\App\usbd_cdc_if.c_save
2025-04-30 13:21:14,649 [INFO] CodeEngine:287 - Generated code: G:\stm32cubeide\workspace\BootLoader\BOOTLOADER\USB_DEVICE\App\usbd_cdc_if.c
2025-04-30 13:21:14,677 [INFO] CodeEngine:263 - oldGeneratedFile, G:\stm32cubeide\workspace\BootLoader\BOOTLOADER\Core\Src\stm32f4xx_it.c_save
2025-04-30 13:21:14,774 [INFO] CodeEngine:287 - Generated code: G:\stm32cubeide\workspace\BootLoader\BOOTLOADER\Core\Src\stm32f4xx_it.c
2025-04-30 13:21:14,778 [INFO] CodeEngine:263 - oldGeneratedFile, G:\stm32cubeide\workspace\BootLoader\BOOTLOADER\Core\Inc\stm32f4xx_it.h_save
2025-04-30 13:21:14,835 [INFO] CodeEngine:287 - Generated code: G:\stm32cubeide\workspace\BootLoader\BOOTLOADER\Core\Inc\stm32f4xx_it.h
2025-04-30 13:21:14,858 [INFO] CodeEngine:263 - oldGeneratedFile, G:\stm32cubeide\workspace\BootLoader\BOOTLOADER\Core\Src\stm32f4xx_hal_msp.c_save
2025-04-30 13:21:14,942 [INFO] CodeEngine:287 - Generated code: G:\stm32cubeide\workspace\BootLoader\BOOTLOADER\Core\Src\stm32f4xx_hal_msp.c
2025-04-30 13:21:14,944 [INFO] CodeEngine:263 - oldGeneratedFile, G:\stm32cubeide\workspace\BootLoader\BOOTLOADER\MXTmpFiles\system.tmp_save
2025-04-30 13:21:14,989 [INFO] CodeEngine:287 - Generated code: G:\stm32cubeide\workspace\BootLoader\BOOTLOADER\MXTmpFiles\system.tmp
2025-04-30 13:21:15,006 [INFO] CodeEngine:319 - oldGeneratedFile, G:\stm32cubeide\workspace\BootLoader\BOOTLOADER\Core\Inc\stm32f4xx_hal_conf.h_save
2025-04-30 13:21:15,097 [INFO] CodeEngine:343 - Generated code: G:\stm32cubeide\workspace\BootLoader\BOOTLOADER\Core\Inc\stm32f4xx_hal_conf.h
2025-04-30 13:21:15,157 [INFO] CodeEngine:263 - oldGeneratedFile, G:\stm32cubeide\workspace\BootLoader\BOOTLOADER\Core\Inc\main.h_save
2025-04-30 13:21:15,225 [INFO] CodeEngine:287 - Generated code: G:\stm32cubeide\workspace\BootLoader\BOOTLOADER\Core\Inc\main.h
2025-04-30 13:21:15,240 [INFO] CodeEngine:263 - oldGeneratedFile, G:\stm32cubeide\workspace\BootLoader\BOOTLOADER\Core\Src\main.c_save
2025-04-30 13:21:15,343 [INFO] CodeEngine:287 - Generated code: G:\stm32cubeide\workspace\BootLoader\BOOTLOADER\Core\Src\main.c
2025-04-30 13:21:15,721 [INFO] ProjectBuilder:3324 - Time for Copy HAL[1] : 182mS.
2025-04-30 13:21:15,728 [INFO] ProjectBuilder:4912 - Project Generator version: 4.6.0-B36
2025-04-30 13:21:15,828 [INFO] ConfigFileManager:1590 - The Die is : DIE431
2025-04-30 13:21:16,975 [INFO] ProjectBuilder:5191 - Time for Generating toolchain IDE Files: 1247mS.
2025-04-30 13:21:16,976 [INFO] ProjectBuilder:3181 - Time for Copy CMSIS : 1mS.
2025-04-30 13:21:16,979 [INFO] ProjectBuilder:3181 - Time for Copy CMSIS : 0mS.
2025-04-30 13:25:21,529 [WARN] IP:2250 - DEVICE_SERIAL0_CDC_FS not found: check if there is a RefParameter without a condition.
2025-04-30 13:25:21,529 [WARN] IP:2250 - DEVICE_SERIAL1_CDC_FS not found: check if there is a RefParameter without a condition.
2025-04-30 13:25:21,530 [WARN] IP:2250 - DEVICE_SERIAL2_CDC_FS not found: check if there is a RefParameter without a condition.
2025-04-30 13:25:21,530 [WARN] IP:2250 - DEVICE_SERIAL0_CDC_FS not found: check if there is a RefParameter without a condition.
2025-04-30 13:25:21,531 [WARN] IP:2250 - DEVICE_SERIAL1_CDC_FS not found: check if there is a RefParameter without a condition.
2025-04-30 13:25:21,531 [WARN] IP:2250 - DEVICE_SERIAL2_CDC_FS not found: check if there is a RefParameter without a condition.
2025-04-30 13:25:28,400 [WARN] IP:2250 - DEVICE_SERIAL0_CDC_FS not found: check if there is a RefParameter without a condition.
2025-04-30 13:25:28,400 [WARN] IP:2250 - DEVICE_SERIAL1_CDC_FS not found: check if there is a RefParameter without a condition.
2025-04-30 13:25:28,400 [WARN] IP:2250 - DEVICE_SERIAL2_CDC_FS not found: check if there is a RefParameter without a condition.
2025-04-30 13:25:28,401 [WARN] IP:2250 - DEVICE_SERIAL0_CDC_FS not found: check if there is a RefParameter without a condition.
2025-04-30 13:25:28,401 [WARN] IP:2250 - DEVICE_SERIAL1_CDC_FS not found: check if there is a RefParameter without a condition.
2025-04-30 13:25:28,401 [WARN] IP:2250 - DEVICE_SERIAL2_CDC_FS not found: check if there is a RefParameter without a condition.
2025-04-30 13:25:36,531 [INFO] UtilMem:75 - End SaveConfig() Used Memory: 1007047896 Bytes (1073741824)
2025-04-30 13:25:37,808 [INFO] UtilMem:75 - End SaveConfig() Used Memory: 646114280 Bytes (1073741824)
2025-04-30 13:25:39,094 [INFO] UtilMem:75 - End SaveConfig() Used Memory: 684911592 Bytes (1073741824)
2025-04-30 13:25:39,479 [INFO] BlockDiagram:2775 - set Specific Code input for plugin: USB_OTG_FS
2025-04-30 13:25:39,479 [INFO] BlockDiagram:2775 - set Specific Code input for plugin: NVIC
2025-04-30 13:25:39,479 [INFO] BlockDiagram:2775 - set Specific Code input for plugin: USART
2025-04-30 13:25:39,479 [INFO] BlockDiagram:2775 - set Specific Code input for plugin: USB_DEVICE
2025-04-30 13:25:39,479 [INFO] BlockDiagram:2775 - set Specific Code input for plugin: SYS
2025-04-30 13:25:39,480 [INFO] BlockDiagram:2775 - set Specific Code input for plugin: GPIO
2025-04-30 13:25:39,480 [INFO] BlockDiagram:2775 - set Specific Code input for plugin: RCC
2025-04-30 13:25:39,481 [INFO] CodeGenerator:882 - code generatio: config db path: G:\stm32cubeide\Install\STM32CubeIDE_1.18.0\STM32CubeIDE\plugins\com.st.stm32cube.common.mx_6.14.0.202502271554\\db\
2025-04-30 13:25:39,496 [WARN] IP:2250 - DEVICE_SERIAL0_CDC_FS not found: check if there is a RefParameter without a condition.
2025-04-30 13:25:39,497 [WARN] IP:2250 - DEVICE_SERIAL1_CDC_FS not found: check if there is a RefParameter without a condition.
2025-04-30 13:25:39,497 [WARN] IP:2250 - DEVICE_SERIAL2_CDC_FS not found: check if there is a RefParameter without a condition.
2025-04-30 13:25:39,595 [INFO] CodeEngine:263 - oldGeneratedFile, G:\stm32cubeide\workspace\BootLoader\BOOTLOADER\MXTmpFiles\license.tmp_save
2025-04-30 13:25:39,704 [INFO] CodeEngine:287 - Generated code: G:\stm32cubeide\workspace\BootLoader\BOOTLOADER\MXTmpFiles\license.tmp
2025-04-30 13:25:39,728 [INFO] CodeEngine:263 - oldGeneratedFile, G:\stm32cubeide\workspace\BootLoader\BOOTLOADER\MXTmpFiles\gpio.tmp_save
2025-04-30 13:25:39,890 [INFO] CodeEngine:287 - Generated code: G:\stm32cubeide\workspace\BootLoader\BOOTLOADER\MXTmpFiles\gpio.tmp
2025-04-30 13:25:39,931 [WARN] IPConfigManager:3174 - Warning: the RefConfig PWREx_EnableUSBVoltageDetector is not available in your config.xml file
2025-04-30 13:25:39,939 [INFO] CodeEngine:263 - oldGeneratedFile, G:\stm32cubeide\workspace\BootLoader\BOOTLOADER\MXTmpFiles\usb_otg_fs_vars.tmp_save
2025-04-30 13:25:40,034 [INFO] CodeEngine:287 - Generated code: G:\stm32cubeide\workspace\BootLoader\BOOTLOADER\MXTmpFiles\usb_otg_fs_vars.tmp
2025-04-30 13:25:40,038 [INFO] CodeEngine:263 - oldGeneratedFile, G:\stm32cubeide\workspace\BootLoader\BOOTLOADER\MXTmpFiles\usb_otg_fs_inc.tmp_save
2025-04-30 13:25:40,092 [INFO] CodeEngine:287 - Generated code: G:\stm32cubeide\workspace\BootLoader\BOOTLOADER\MXTmpFiles\usb_otg_fs_inc.tmp
2025-04-30 13:25:40,096 [INFO] CodeEngine:263 - oldGeneratedFile, G:\stm32cubeide\workspace\BootLoader\BOOTLOADER\MXTmpFiles\usb_otg_fs_HalInit.tmp_save
2025-04-30 13:25:40,181 [INFO] CodeEngine:287 - Generated code: G:\stm32cubeide\workspace\BootLoader\BOOTLOADER\MXTmpFiles\usb_otg_fs_HalInit.tmp
2025-04-30 13:25:40,185 [INFO] CodeEngine:263 - oldGeneratedFile, G:\stm32cubeide\workspace\BootLoader\BOOTLOADER\MXTmpFiles\usb_otg_fs_Msp.tmp_save
2025-04-30 13:25:40,256 [INFO] CodeEngine:287 - Generated code: G:\stm32cubeide\workspace\BootLoader\BOOTLOADER\MXTmpFiles\usb_otg_fs_Msp.tmp
2025-04-30 13:25:40,353 [INFO] Middleware:1452 - No code input for Bsp Dependency
2025-04-30 13:25:40,376 [INFO] Middleware:1452 - No code input for Bsp Dependency
2025-04-30 13:25:40,397 [INFO] CodeEngine:263 - oldGeneratedFile, G:\stm32cubeide\workspace\BootLoader\BOOTLOADER\USB_DEVICE\App\usb_device.c_save
2025-04-30 13:25:40,464 [INFO] CodeEngine:287 - Generated code: G:\stm32cubeide\workspace\BootLoader\BOOTLOADER\USB_DEVICE\App\usb_device.c
2025-04-30 13:25:40,469 [INFO] CodeEngine:263 - oldGeneratedFile, G:\stm32cubeide\workspace\BootLoader\BOOTLOADER\USB_DEVICE\App\usb_device.h_save
2025-04-30 13:25:40,517 [INFO] CodeEngine:287 - Generated code: G:\stm32cubeide\workspace\BootLoader\BOOTLOADER\USB_DEVICE\App\usb_device.h
2025-04-30 13:25:40,521 [INFO] CodeEngine:263 - oldGeneratedFile, G:\stm32cubeide\workspace\BootLoader\BOOTLOADER\USB_DEVICE\Target\usbd_conf.h_save
2025-04-30 13:25:40,569 [INFO] CodeEngine:287 - Generated code: G:\stm32cubeide\workspace\BootLoader\BOOTLOADER\USB_DEVICE\Target\usbd_conf.h
2025-04-30 13:25:40,582 [INFO] CodeEngine:263 - oldGeneratedFile, G:\stm32cubeide\workspace\BootLoader\BOOTLOADER\USB_DEVICE\Target\usbd_conf.c_save
2025-04-30 13:25:40,668 [INFO] CodeEngine:287 - Generated code: G:\stm32cubeide\workspace\BootLoader\BOOTLOADER\USB_DEVICE\Target\usbd_conf.c
2025-04-30 13:25:40,673 [INFO] CodeEngine:263 - oldGeneratedFile, G:\stm32cubeide\workspace\BootLoader\BOOTLOADER\USB_DEVICE\App\usbd_desc.h_save
2025-04-30 13:25:40,721 [INFO] CodeEngine:287 - Generated code: G:\stm32cubeide\workspace\BootLoader\BOOTLOADER\USB_DEVICE\App\usbd_desc.h
2025-04-30 13:25:40,734 [INFO] CodeEngine:263 - oldGeneratedFile, G:\stm32cubeide\workspace\BootLoader\BOOTLOADER\USB_DEVICE\App\usbd_desc.c_save
2025-04-30 13:25:40,819 [INFO] CodeEngine:287 - Generated code: G:\stm32cubeide\workspace\BootLoader\BOOTLOADER\USB_DEVICE\App\usbd_desc.c
2025-04-30 13:25:40,824 [INFO] CodeEngine:263 - oldGeneratedFile, G:\stm32cubeide\workspace\BootLoader\BOOTLOADER\USB_DEVICE\App\usbd_cdc_if.h_save
2025-04-30 13:25:40,872 [INFO] CodeEngine:287 - Generated code: G:\stm32cubeide\workspace\BootLoader\BOOTLOADER\USB_DEVICE\App\usbd_cdc_if.h
2025-04-30 13:25:40,885 [INFO] CodeEngine:263 - oldGeneratedFile, G:\stm32cubeide\workspace\BootLoader\BOOTLOADER\USB_DEVICE\App\usbd_cdc_if.c_save
2025-04-30 13:25:40,965 [INFO] CodeEngine:287 - Generated code: G:\stm32cubeide\workspace\BootLoader\BOOTLOADER\USB_DEVICE\App\usbd_cdc_if.c
2025-04-30 13:25:40,983 [INFO] CodeEngine:263 - oldGeneratedFile, G:\stm32cubeide\workspace\BootLoader\BOOTLOADER\Core\Src\stm32f4xx_it.c_save
2025-04-30 13:25:41,048 [INFO] CodeEngine:287 - Generated code: G:\stm32cubeide\workspace\BootLoader\BOOTLOADER\Core\Src\stm32f4xx_it.c
2025-04-30 13:25:41,052 [INFO] CodeEngine:263 - oldGeneratedFile, G:\stm32cubeide\workspace\BootLoader\BOOTLOADER\Core\Inc\stm32f4xx_it.h_save
2025-04-30 13:25:41,107 [INFO] CodeEngine:287 - Generated code: G:\stm32cubeide\workspace\BootLoader\BOOTLOADER\Core\Inc\stm32f4xx_it.h
2025-04-30 13:25:41,128 [INFO] CodeEngine:263 - oldGeneratedFile, G:\stm32cubeide\workspace\BootLoader\BOOTLOADER\Core\Src\stm32f4xx_hal_msp.c_save
2025-04-30 13:25:41,227 [INFO] CodeEngine:287 - Generated code: G:\stm32cubeide\workspace\BootLoader\BOOTLOADER\Core\Src\stm32f4xx_hal_msp.c
2025-04-30 13:25:41,231 [INFO] CodeEngine:263 - oldGeneratedFile, G:\stm32cubeide\workspace\BootLoader\BOOTLOADER\MXTmpFiles\system.tmp_save
2025-04-30 13:25:41,284 [INFO] CodeEngine:287 - Generated code: G:\stm32cubeide\workspace\BootLoader\BOOTLOADER\MXTmpFiles\system.tmp
2025-04-30 13:25:41,303 [INFO] CodeEngine:319 - oldGeneratedFile, G:\stm32cubeide\workspace\BootLoader\BOOTLOADER\Core\Inc\stm32f4xx_hal_conf.h_save
2025-04-30 13:25:41,413 [INFO] CodeEngine:343 - Generated code: G:\stm32cubeide\workspace\BootLoader\BOOTLOADER\Core\Inc\stm32f4xx_hal_conf.h
2025-04-30 13:25:41,464 [INFO] ApiDbMcu:508 - Load IP Config File for USART2
2025-04-30 13:25:41,488 [INFO] CodeEngine:263 - oldGeneratedFile, G:\stm32cubeide\workspace\BootLoader\BOOTLOADER\Core\Inc\main.h_save
2025-04-30 13:25:41,561 [INFO] CodeEngine:287 - Generated code: G:\stm32cubeide\workspace\BootLoader\BOOTLOADER\Core\Inc\main.h
2025-04-30 13:25:41,580 [INFO] CodeEngine:263 - oldGeneratedFile, G:\stm32cubeide\workspace\BootLoader\BOOTLOADER\Core\Src\main.c_save
2025-04-30 13:25:41,698 [INFO] CodeEngine:287 - Generated code: G:\stm32cubeide\workspace\BootLoader\BOOTLOADER\Core\Src\main.c
2025-04-30 13:25:42,041 [INFO] ProjectBuilder:3324 - Time for Copy HAL[1] : 192mS.
2025-04-30 13:25:42,045 [INFO] ProjectBuilder:4912 - Project Generator version: 4.6.0-B36
2025-04-30 13:25:42,113 [INFO] ConfigFileManager:1590 - The Die is : DIE431
2025-04-30 13:25:43,198 [INFO] ProjectBuilder:5191 - Time for Generating toolchain IDE Files: 1152mS.
2025-04-30 13:25:43,199 [INFO] ProjectBuilder:3181 - Time for Copy CMSIS : 1mS.
2025-04-30 13:25:43,205 [INFO] ProjectBuilder:3181 - Time for Copy CMSIS : 0mS.
2025-04-30 13:26:21,148 [WARN] IP:2250 - DEVICE_SERIAL0_CDC_FS not found: check if there is a RefParameter without a condition.
2025-04-30 13:26:21,148 [WARN] IP:2250 - DEVICE_SERIAL1_CDC_FS not found: check if there is a RefParameter without a condition.
2025-04-30 13:26:21,148 [WARN] IP:2250 - DEVICE_SERIAL2_CDC_FS not found: check if there is a RefParameter without a condition.
2025-04-30 13:26:23,363 [WARN] IP:2250 - DEVICE_SERIAL0_DFU_FS not found: check if there is a RefParameter without a condition.
2025-04-30 13:26:23,363 [WARN] IP:2250 - DEVICE_SERIAL1_DFU_FS not found: check if there is a RefParameter without a condition.
2025-04-30 13:26:23,363 [WARN] IP:2250 - DEVICE_SERIAL2_DFU_FS not found: check if there is a RefParameter without a condition.
2025-04-30 13:26:23,388 [WARN] IP:2250 - DEVICE_SERIAL0_DFU_FS not found: check if there is a RefParameter without a condition.
2025-04-30 13:26:23,388 [WARN] IP:2250 - DEVICE_SERIAL1_DFU_FS not found: check if there is a RefParameter without a condition.
2025-04-30 13:26:23,388 [WARN] IP:2250 - DEVICE_SERIAL2_DFU_FS not found: check if there is a RefParameter without a condition.
2025-04-30 13:26:23,389 [WARN] IP:2250 - DEVICE_SERIAL0_DFU_FS not found: check if there is a RefParameter without a condition.
2025-04-30 13:26:23,389 [WARN] IP:2250 - DEVICE_SERIAL1_DFU_FS not found: check if there is a RefParameter without a condition.
2025-04-30 13:26:23,390 [WARN] IP:2250 - DEVICE_SERIAL2_DFU_FS not found: check if there is a RefParameter without a condition.
2025-04-30 13:26:23,533 [WARN] IP:2250 - DEVICE_SERIAL0_DFU_FS not found: check if there is a RefParameter without a condition.
2025-04-30 13:26:23,533 [WARN] IP:2250 - DEVICE_SERIAL1_DFU_FS not found: check if there is a RefParameter without a condition.
2025-04-30 13:26:23,533 [WARN] IP:2250 - DEVICE_SERIAL2_DFU_FS not found: check if there is a RefParameter without a condition.
2025-04-30 13:26:23,533 [WARN] IP:2250 - DEVICE_SERIAL0_DFU_FS not found: check if there is a RefParameter without a condition.
2025-04-30 13:26:23,534 [WARN] IP:2250 - DEVICE_SERIAL1_DFU_FS not found: check if there is a RefParameter without a condition.
2025-04-30 13:26:23,534 [WARN] IP:2250 - DEVICE_SERIAL2_DFU_FS not found: check if there is a RefParameter without a condition.
2025-04-30 13:26:25,224 [INFO] UtilMem:75 - End SaveConfig() Used Memory: 990745776 Bytes (1073741824)
2025-04-30 13:26:26,553 [INFO] UtilMem:75 - End SaveConfig() Used Memory: 637408696 Bytes (1073741824)
2025-04-30 13:26:27,796 [INFO] UtilMem:75 - End SaveConfig() Used Memory: 674108856 Bytes (1073741824)
2025-04-30 13:26:28,154 [INFO] BlockDiagram:2775 - set Specific Code input for plugin: USB_OTG_FS
2025-04-30 13:26:28,155 [INFO] BlockDiagram:2775 - set Specific Code input for plugin: NVIC
2025-04-30 13:26:28,156 [INFO] BlockDiagram:2775 - set Specific Code input for plugin: USART
2025-04-30 13:26:28,156 [INFO] BlockDiagram:2775 - set Specific Code input for plugin: USB_DEVICE
2025-04-30 13:26:28,156 [INFO] BlockDiagram:2775 - set Specific Code input for plugin: SYS
2025-04-30 13:26:28,156 [INFO] BlockDiagram:2775 - set Specific Code input for plugin: GPIO
2025-04-30 13:26:28,156 [INFO] BlockDiagram:2775 - set Specific Code input for plugin: RCC
2025-04-30 13:26:28,157 [INFO] CodeGenerator:882 - code generatio: config db path: G:\stm32cubeide\Install\STM32CubeIDE_1.18.0\STM32CubeIDE\plugins\com.st.stm32cube.common.mx_6.14.0.202502271554\\db\
2025-04-30 13:26:28,169 [WARN] IP:2250 - DEVICE_SERIAL0_DFU_FS not found: check if there is a RefParameter without a condition.
2025-04-30 13:26:28,169 [WARN] IP:2250 - DEVICE_SERIAL1_DFU_FS not found: check if there is a RefParameter without a condition.
2025-04-30 13:26:28,169 [WARN] IP:2250 - DEVICE_SERIAL2_DFU_FS not found: check if there is a RefParameter without a condition.
2025-04-30 13:26:28,264 [INFO] CodeEngine:263 - oldGeneratedFile, G:\stm32cubeide\workspace\BootLoader\BOOTLOADER\MXTmpFiles\license.tmp_save
2025-04-30 13:26:28,366 [INFO] CodeEngine:287 - Generated code: G:\stm32cubeide\workspace\BootLoader\BOOTLOADER\MXTmpFiles\license.tmp
2025-04-30 13:26:28,392 [INFO] CodeEngine:263 - oldGeneratedFile, G:\stm32cubeide\workspace\BootLoader\BOOTLOADER\MXTmpFiles\gpio.tmp_save
2025-04-30 13:26:28,498 [INFO] CodeEngine:287 - Generated code: G:\stm32cubeide\workspace\BootLoader\BOOTLOADER\MXTmpFiles\gpio.tmp
2025-04-30 13:26:28,574 [WARN] IPConfigManager:3174 - Warning: the RefConfig PWREx_EnableUSBVoltageDetector is not available in your config.xml file
2025-04-30 13:26:28,583 [INFO] CodeEngine:263 - oldGeneratedFile, G:\stm32cubeide\workspace\BootLoader\BOOTLOADER\MXTmpFiles\usb_otg_fs_vars.tmp_save
2025-04-30 13:26:28,680 [INFO] CodeEngine:287 - Generated code: G:\stm32cubeide\workspace\BootLoader\BOOTLOADER\MXTmpFiles\usb_otg_fs_vars.tmp
2025-04-30 13:26:28,684 [INFO] CodeEngine:263 - oldGeneratedFile, G:\stm32cubeide\workspace\BootLoader\BOOTLOADER\MXTmpFiles\usb_otg_fs_inc.tmp_save
2025-04-30 13:26:28,733 [INFO] CodeEngine:287 - Generated code: G:\stm32cubeide\workspace\BootLoader\BOOTLOADER\MXTmpFiles\usb_otg_fs_inc.tmp
2025-04-30 13:26:28,736 [INFO] CodeEngine:263 - oldGeneratedFile, G:\stm32cubeide\workspace\BootLoader\BOOTLOADER\MXTmpFiles\usb_otg_fs_HalInit.tmp_save
2025-04-30 13:26:28,822 [INFO] CodeEngine:287 - Generated code: G:\stm32cubeide\workspace\BootLoader\BOOTLOADER\MXTmpFiles\usb_otg_fs_HalInit.tmp
2025-04-30 13:26:28,825 [INFO] CodeEngine:263 - oldGeneratedFile, G:\stm32cubeide\workspace\BootLoader\BOOTLOADER\MXTmpFiles\usb_otg_fs_Msp.tmp_save
2025-04-30 13:26:28,896 [INFO] CodeEngine:287 - Generated code: G:\stm32cubeide\workspace\BootLoader\BOOTLOADER\MXTmpFiles\usb_otg_fs_Msp.tmp
2025-04-30 13:26:28,994 [INFO] Middleware:1452 - No code input for Bsp Dependency
2025-04-30 13:26:29,012 [INFO] Middleware:1452 - No code input for Bsp Dependency
2025-04-30 13:26:29,034 [INFO] CodeEngine:263 - oldGeneratedFile, G:\stm32cubeide\workspace\BootLoader\BOOTLOADER\USB_DEVICE\App\usb_device.c_save
2025-04-30 13:26:29,120 [INFO] CodeEngine:287 - Generated code: G:\stm32cubeide\workspace\BootLoader\BOOTLOADER\USB_DEVICE\App\usb_device.c
2025-04-30 13:26:29,124 [INFO] CodeEngine:263 - oldGeneratedFile, G:\stm32cubeide\workspace\BootLoader\BOOTLOADER\USB_DEVICE\App\usb_device.h_save
2025-04-30 13:26:29,179 [INFO] CodeEngine:287 - Generated code: G:\stm32cubeide\workspace\BootLoader\BOOTLOADER\USB_DEVICE\App\usb_device.h
2025-04-30 13:26:29,184 [INFO] CodeEngine:263 - oldGeneratedFile, G:\stm32cubeide\workspace\BootLoader\BOOTLOADER\USB_DEVICE\Target\usbd_conf.h_save
2025-04-30 13:26:29,241 [INFO] CodeEngine:287 - Generated code: G:\stm32cubeide\workspace\BootLoader\BOOTLOADER\USB_DEVICE\Target\usbd_conf.h
2025-04-30 13:26:29,262 [INFO] CodeEngine:263 - oldGeneratedFile, G:\stm32cubeide\workspace\BootLoader\BOOTLOADER\USB_DEVICE\Target\usbd_conf.c_save
2025-04-30 13:26:29,378 [INFO] CodeEngine:287 - Generated code: G:\stm32cubeide\workspace\BootLoader\BOOTLOADER\USB_DEVICE\Target\usbd_conf.c
2025-04-30 13:26:29,393 [INFO] CodeEngine:263 - oldGeneratedFile, G:\stm32cubeide\workspace\BootLoader\BOOTLOADER\USB_DEVICE\App\usbd_desc.h_save
2025-04-30 13:26:29,444 [INFO] CodeEngine:287 - Generated code: G:\stm32cubeide\workspace\BootLoader\BOOTLOADER\USB_DEVICE\App\usbd_desc.h
2025-04-30 13:26:29,457 [INFO] CodeEngine:263 - oldGeneratedFile, G:\stm32cubeide\workspace\BootLoader\BOOTLOADER\USB_DEVICE\App\usbd_desc.c_save
2025-04-30 13:26:29,542 [INFO] CodeEngine:287 - Generated code: G:\stm32cubeide\workspace\BootLoader\BOOTLOADER\USB_DEVICE\App\usbd_desc.c
2025-04-30 13:26:29,555 [INFO] CodeEngine:263 - oldGeneratedFile, G:\stm32cubeide\workspace\BootLoader\BOOTLOADER\USB_DEVICE\App\usbd_dfu_if.h_save
2025-04-30 13:26:29,610 [INFO] CodeEngine:287 - Generated code: G:\stm32cubeide\workspace\BootLoader\BOOTLOADER\USB_DEVICE\App\usbd_dfu_if.h
2025-04-30 13:26:29,614 [INFO] CodeEngine:263 - oldGeneratedFile, G:\stm32cubeide\workspace\BootLoader\BOOTLOADER\USB_DEVICE\App\usbd_dfu_if.c_save
2025-04-30 13:26:29,671 [INFO] CodeEngine:287 - Generated code: G:\stm32cubeide\workspace\BootLoader\BOOTLOADER\USB_DEVICE\App\usbd_dfu_if.c
2025-04-30 13:26:29,689 [INFO] CodeEngine:263 - oldGeneratedFile, G:\stm32cubeide\workspace\BootLoader\BOOTLOADER\Core\Src\stm32f4xx_it.c_save
2025-04-30 13:26:29,752 [INFO] CodeEngine:287 - Generated code: G:\stm32cubeide\workspace\BootLoader\BOOTLOADER\Core\Src\stm32f4xx_it.c
2025-04-30 13:26:29,755 [INFO] CodeEngine:263 - oldGeneratedFile, G:\stm32cubeide\workspace\BootLoader\BOOTLOADER\Core\Inc\stm32f4xx_it.h_save
2025-04-30 13:26:29,803 [INFO] CodeEngine:287 - Generated code: G:\stm32cubeide\workspace\BootLoader\BOOTLOADER\Core\Inc\stm32f4xx_it.h
2025-04-30 13:26:29,821 [INFO] CodeEngine:263 - oldGeneratedFile, G:\stm32cubeide\workspace\BootLoader\BOOTLOADER\Core\Src\stm32f4xx_hal_msp.c_save
2025-04-30 13:26:29,889 [INFO] CodeEngine:287 - Generated code: G:\stm32cubeide\workspace\BootLoader\BOOTLOADER\Core\Src\stm32f4xx_hal_msp.c
2025-04-30 13:26:29,893 [INFO] CodeEngine:263 - oldGeneratedFile, G:\stm32cubeide\workspace\BootLoader\BOOTLOADER\MXTmpFiles\system.tmp_save
2025-04-30 13:26:29,963 [INFO] CodeEngine:287 - Generated code: G:\stm32cubeide\workspace\BootLoader\BOOTLOADER\MXTmpFiles\system.tmp
2025-04-30 13:26:29,981 [INFO] CodeEngine:319 - oldGeneratedFile, G:\stm32cubeide\workspace\BootLoader\BOOTLOADER\Core\Inc\stm32f4xx_hal_conf.h_save
2025-04-30 13:26:30,072 [INFO] CodeEngine:343 - Generated code: G:\stm32cubeide\workspace\BootLoader\BOOTLOADER\Core\Inc\stm32f4xx_hal_conf.h
2025-04-30 13:26:30,125 [INFO] CodeEngine:263 - oldGeneratedFile, G:\stm32cubeide\workspace\BootLoader\BOOTLOADER\Core\Inc\main.h_save
2025-04-30 13:26:30,192 [INFO] CodeEngine:287 - Generated code: G:\stm32cubeide\workspace\BootLoader\BOOTLOADER\Core\Inc\main.h
2025-04-30 13:26:30,205 [INFO] CodeEngine:263 - oldGeneratedFile, G:\stm32cubeide\workspace\BootLoader\BOOTLOADER\Core\Src\main.c_save
2025-04-30 13:26:30,271 [INFO] CodeEngine:287 - Generated code: G:\stm32cubeide\workspace\BootLoader\BOOTLOADER\Core\Src\main.c
2025-04-30 13:26:30,576 [INFO] ProjectBuilder:3324 - Time for Copy HAL[1] : 164mS.
2025-04-30 13:26:30,581 [INFO] ProjectBuilder:4912 - Project Generator version: 4.6.0-B36
2025-04-30 13:26:30,645 [INFO] ConfigFileManager:1590 - The Die is : DIE431
2025-04-30 13:26:31,578 [INFO] ProjectBuilder:5191 - Time for Generating toolchain IDE Files: 997mS.
2025-04-30 13:26:31,579 [INFO] ProjectBuilder:3181 - Time for Copy CMSIS : 0mS.
2025-04-30 13:26:31,584 [INFO] ProjectBuilder:3181 - Time for Copy CMSIS : 0mS.
2025-04-30 13:34:17,380 [ERROR] LogOutputStream:75 - [STDERR_REDIRECT] 
2025-04-30 22:29:17,885 [INFO] Activator:176 - 


2025-04-30 22:29:17,889 [INFO] Activator:177 - !SESSION log4j initialized
2025-04-30 22:29:29,514 [INFO] LogOutputStream:77 - [STDOUT_REDIRECT] 
2025-04-30 22:29:37,322 [INFO] ApplicationProperties:184 - Using Application install path: G:\stm32cubeide\Install\STM32CubeIDE_1.18.0\STM32CubeIDE\plugins\com.st.stm32cube.common.mx_6.14.0.202502271554
2025-04-30 22:29:37,343 [INFO] DbMcusXml:78 - Set database path to: G:\stm32cubeide\Install\STM32CubeIDE_1.18.0\STM32CubeIDE\plugins\com.st.stm32cube.common.mx_6.14.0.202502271554\\db\/mcu/
2025-04-30 22:29:37,344 [INFO] ApiDb:274 - Set plugin database path to: G:\stm32cubeide\Install\STM32CubeIDE_1.18.0\STM32CubeIDE\plugins\com.st.stm32cube.common.mx_6.14.0.202502271554\\db\/plugins/boardmanager/
2025-04-30 22:29:37,344 [WARN] ApiDb:259 - Overriding images path with different value:  => G:\stm32cubeide\Install\STM32CubeIDE_1.18.0\STM32CubeIDE\plugins\com.st.stm32cube.common.mx_6.14.0.202502271554\\db\/plugins/mcufinder/images/
2025-04-30 22:29:37,363 [INFO] ApiDb:250 - Set database path to: C:\Users\Nghia\.stmcufinder\plugins\mcufinder//mcu/
2025-04-30 22:29:37,364 [INFO] DbMcusAds:125 - Set database path to: C:\Users\Nghia\.stmcufinder\plugins\mcufinder//mcu/
2025-04-30 22:29:37,367 [INFO] CrossReferenceDbSqlite:203 - Set database path to: C:\Users\Nghia\.stmcufinder\plugins\mcufinder//mcu/cs/
2025-04-30 22:29:37,511 [INFO] RulesReader:64 - Compatibility file has been processed (301 Rules)
2025-04-30 22:29:37,643 [INFO] DbMcusXml:78 - Set database path to: G:\stm32cubeide\Install\STM32CubeIDE_1.18.0\STM32CubeIDE\plugins\com.st.stm32cube.common.mx_6.14.0.202502271554\\db\/mcu/
2025-04-30 22:29:37,643 [INFO] ApiDb:274 - Set plugin database path to: G:\stm32cubeide\Install\STM32CubeIDE_1.18.0\STM32CubeIDE\plugins\com.st.stm32cube.common.mx_6.14.0.202502271554\\db\/plugins/boardmanager/
2025-04-30 22:29:37,643 [INFO] ApiDb:261 - Set plugin images path to: G:\stm32cubeide\Install\STM32CubeIDE_1.18.0\STM32CubeIDE\plugins\com.st.stm32cube.common.mx_6.14.0.202502271554\\db\/plugins/mcufinder/images/
2025-04-30 22:29:37,644 [WARN] DbFile:41 - Overriding database path with different value: C:\Users\Nghia\.stmcufinder\plugins\mcufinder/ => C:\Users\Nghia\.stmcufinder\plugins\mcufinder
2025-04-30 22:29:37,644 [INFO] ApiDb:250 - Set database path to: C:\Users\Nghia\.stmcufinder\plugins\mcufinder//mcu/
2025-04-30 22:29:37,644 [WARN] DbFile:41 - Overriding database path with different value: C:\Users\Nghia\.stmcufinder\plugins\mcufinder/ => C:\Users\Nghia\.stmcufinder\plugins\mcufinder
2025-04-30 22:29:37,644 [INFO] DbMcusAds:125 - Set database path to: C:\Users\Nghia\.stmcufinder\plugins\mcufinder//mcu/
2025-04-30 22:29:37,644 [WARN] DbFile:41 - Overriding database path with different value: C:\Users\Nghia\.stmcufinder\plugins\mcufinder/ => C:\Users\Nghia\.stmcufinder\plugins\mcufinder
2025-04-30 22:29:37,644 [WARN] DbFile:41 - Overriding database path with different value: C:\Users\Nghia\.stmcufinder\plugins\mcufinder/ => C:\Users\Nghia\.stmcufinder\plugins\mcufinder
2025-04-30 22:29:37,644 [INFO] CrossReferenceDbSqlite:203 - Set database path to: C:\Users\Nghia\.stmcufinder\plugins\mcufinder//mcu/cs/
2025-04-30 22:29:37,750 [INFO] MainPanel:272 - HeapMemory: 268435456
2025-04-30 22:29:37,885 [INFO] DbMcusXml:78 - Set database path to: G:\stm32cubeide\Install\STM32CubeIDE_1.18.0\STM32CubeIDE\plugins\com.st.stm32cube.common.mx_6.14.0.202502271554\\db\/mcu/
2025-04-30 22:29:37,886 [INFO] ApiDb:274 - Set plugin database path to: G:\stm32cubeide\Install\STM32CubeIDE_1.18.0\STM32CubeIDE\plugins\com.st.stm32cube.common.mx_6.14.0.202502271554\\db\/plugins/boardmanager/
2025-04-30 22:29:37,886 [INFO] ApiDb:261 - Set plugin images path to: G:\stm32cubeide\Install\STM32CubeIDE_1.18.0\STM32CubeIDE\plugins\com.st.stm32cube.common.mx_6.14.0.202502271554\\db\/plugins/mcufinder/images/
2025-04-30 22:29:37,887 [WARN] DbFile:41 - Overriding database path with different value: C:\Users\Nghia\.stmcufinder\plugins\mcufinder/ => C:\Users\Nghia\.stmcufinder\plugins\mcufinder
2025-04-30 22:29:37,887 [INFO] ApiDb:250 - Set database path to: C:\Users\Nghia\.stmcufinder\plugins\mcufinder//mcu/
2025-04-30 22:29:37,887 [WARN] DbFile:41 - Overriding database path with different value: C:\Users\Nghia\.stmcufinder\plugins\mcufinder/ => C:\Users\Nghia\.stmcufinder\plugins\mcufinder
2025-04-30 22:29:37,887 [INFO] DbMcusAds:125 - Set database path to: C:\Users\Nghia\.stmcufinder\plugins\mcufinder//mcu/
2025-04-30 22:29:37,887 [WARN] DbFile:41 - Overriding database path with different value: C:\Users\Nghia\.stmcufinder\plugins\mcufinder/ => C:\Users\Nghia\.stmcufinder\plugins\mcufinder
2025-04-30 22:29:37,887 [WARN] DbFile:41 - Overriding database path with different value: C:\Users\Nghia\.stmcufinder\plugins\mcufinder/ => C:\Users\Nghia\.stmcufinder\plugins\mcufinder
2025-04-30 22:29:37,888 [INFO] CrossReferenceDbSqlite:203 - Set database path to: C:\Users\Nghia\.stmcufinder\plugins\mcufinder//mcu/cs/
2025-04-30 22:29:37,916 [INFO] ApplicationProperties:184 - Using Application install path: G:\stm32cubeide\Install\STM32CubeIDE_1.18.0\STM32CubeIDE\plugins\com.st.stm32cube.common.mx_6.14.0.202502271554
2025-04-30 22:29:37,918 [INFO] PluginManage:196 - Search for loadable plugins [exclusion list=, ]
2025-04-30 22:29:37,920 [INFO] PluginManage:310 - Check plugin analytics
2025-04-30 22:29:43,404 [INFO] AnalyticsPlugin:253 - Accepted Software Licenses: STM32CubeMX.6.8.0,STM32CubeMX.6.1.1
2025-04-30 22:29:43,404 [INFO] AnalyticsPlugin:255 - Accepted CMSIS Pack Licenses: 
2025-04-30 22:29:43,404 [INFO] AnalyticsPlugin:257 - Accepted Firmware Licenses: FW.F4.1.27.0,FW.F4.1.28.0
2025-04-30 22:29:43,409 [INFO] PluginManage:359 - Loaded plugin analytics (category:tool,tabindex:-1)
2025-04-30 22:29:43,409 [INFO] PluginManage:310 - Check plugin cadmodel
2025-04-30 22:29:43,437 [INFO] CADModel:105 - Init CAD model plugin
2025-04-30 22:29:43,437 [INFO] PluginManage:359 - Loaded plugin cadmodel (category:power,tabindex:5)
2025-04-30 22:29:43,438 [INFO] PluginManage:310 - Check plugin clock
2025-04-30 22:29:43,482 [INFO] PluginManage:359 - Loaded plugin clock (category:base,tabindex:2)
2025-04-30 22:29:43,482 [INFO] PluginManage:310 - Check plugin ddr
2025-04-30 22:29:43,486 [INFO] PluginManage:359 - Loaded plugin ddr (category:tool,tabindex:6)
2025-04-30 22:29:43,487 [INFO] PluginManage:310 - Check plugin filemanager
2025-04-30 22:29:43,687 [INFO] PluginManage:359 - Loaded plugin filemanager (category:base,tabindex:10)
2025-04-30 22:29:43,687 [INFO] PluginManage:310 - Check plugin ipmanager
2025-04-30 22:29:43,697 [INFO] PluginManage:359 - Loaded plugin ipmanager (category:base,tabindex:5)
2025-04-30 22:29:43,698 [INFO] PluginManage:310 - Check plugin lpbam
2025-04-30 22:29:43,725 [INFO] PluginManage:359 - Loaded plugin lpbam (category:base,tabindex:0)
2025-04-30 22:29:43,725 [INFO] PluginManage:310 - Check plugin memorymap
2025-04-30 22:29:43,761 [INFO] PluginManage:359 - Loaded plugin memorymap (category:base,tabindex:4)
2025-04-30 22:29:43,761 [INFO] PluginManage:310 - Check plugin pinoutandconfiguration
2025-04-30 22:29:43,793 [INFO] PluginManage:359 - Loaded plugin pinoutandconfiguration (category:base,tabindex:1)
2025-04-30 22:29:43,794 [INFO] PluginManage:310 - Check plugin pinoutconfig
2025-04-30 22:29:43,927 [WARN] SupportedApi:132 - Cannot load RTOS API schema: s4s-elt-must-match.1: The content of 'definitions' must match (annotation?, (simpleType | complexType)?, (unique | key | keyref)*)). A problem was found starting at: attribute.
2025-04-30 22:29:44,135 [INFO] PluginManage:359 - Loaded plugin pinoutconfig (category:base,tabindex:0)
2025-04-30 22:29:44,135 [INFO] PluginManage:310 - Check plugin power
2025-04-30 22:29:44,175 [INFO] PluginManage:359 - Loaded plugin power (category:power,tabindex:4)
2025-04-30 22:29:44,175 [INFO] PluginManage:310 - Check plugin projectmanager
2025-04-30 22:29:44,199 [INFO] PluginManage:359 - Loaded plugin projectmanager (category:projectmanager,tabindex:4)
2025-04-30 22:29:44,199 [INFO] PluginManage:310 - Check plugin rif
2025-04-30 22:29:44,225 [INFO] PluginManage:359 - Loaded plugin rif (category:base,tabindex:3)
2025-04-30 22:29:44,226 [INFO] PluginManage:310 - Check plugin thirdparty
2025-04-30 22:29:44,707 [INFO] PluginManage:359 - Loaded plugin thirdparty (category:base,tabindex:-1)
2025-04-30 22:29:44,707 [WARN] IntegrityCheckThread:84 - waiting for thirdparty lock release [integrity check]
2025-04-30 22:29:44,707 [INFO] PluginManage:310 - Check plugin tools
2025-04-30 22:29:44,708 [INFO] IntegrityCheckThread:86 - entering critical section [integrity check]
2025-04-30 22:29:44,708 [INFO] ThirdPartyUpdaterWithRetryManager:70 - Updater plugin not ready yet. [1/15]
2025-04-30 22:29:44,762 [INFO] PluginManage:359 - Loaded plugin tools (category:base,tabindex:7)
2025-04-30 22:29:44,762 [INFO] PluginManage:310 - Check plugin tutovideos
2025-04-30 22:29:44,984 [INFO] PluginManage:359 - Loaded plugin tutovideos (category:base,tabindex:-1)
2025-04-30 22:29:44,984 [INFO] PluginManage:310 - Check plugin updater
2025-04-30 22:29:45,015 [INFO] PluginManage:359 - Loaded plugin updater (category:base,tabindex:12)
2025-04-30 22:29:45,015 [INFO] PluginManage:310 - Check plugin userauth
2025-04-30 22:29:45,020 [INFO] UserAuth:118 - Init User Auth plugin
2025-04-30 22:29:45,021 [INFO] PluginManage:359 - Loaded plugin userauth (category:base,tabindex:14)
2025-04-30 22:29:45,022 [INFO] PluginManage:283 - PluginManage : Loaded plugins [18]
2025-04-30 22:29:45,305 [INFO] PinOutPanel:1589 - setPackage(No Configuration,No Configuration)
2025-04-30 22:29:45,481 [INFO] CADModel:165 - CPN selected for project level
2025-04-30 22:29:45,481 [INFO] CADModel:114 - Register for checkConnection events
2025-04-30 22:29:45,535 [INFO] IPUIPlugin:80 - create IPUIPlugin
2025-04-30 22:29:45,536 [INFO] PluginManager:220 - loadIPPluginJar : add adc
2025-04-30 22:29:45,619 [INFO] IPUIPlugin:80 - create IPUIPlugin
2025-04-30 22:29:45,619 [INFO] PluginManager:220 - loadIPPluginJar : add aes
2025-04-30 22:29:45,708 [INFO] IPUIPlugin:80 - create IPUIPlugin
2025-04-30 22:29:45,709 [INFO] PluginManager:220 - loadIPPluginJar : add can
2025-04-30 22:29:45,763 [INFO] IPUIPlugin:80 - create IPUIPlugin
2025-04-30 22:29:45,764 [INFO] PluginManager:220 - loadIPPluginJar : add comp
2025-04-30 22:29:45,839 [INFO] IPUIPlugin:80 - create IPUIPlugin
2025-04-30 22:29:45,839 [INFO] PluginManager:220 - loadIPPluginJar : add cryp
2025-04-30 22:29:45,857 [INFO] IPUIPlugin:80 - create IPUIPlugin
2025-04-30 22:29:45,858 [INFO] PluginManager:220 - loadIPPluginJar : add ddr_ctrl_phy
2025-04-30 22:29:45,923 [INFO] IPUIPlugin:80 - create IPUIPlugin
2025-04-30 22:29:45,923 [INFO] PluginManager:220 - loadIPPluginJar : add dfsdm
2025-04-30 22:29:45,945 [INFO] IPUIPlugin:80 - create IPUIPlugin
2025-04-30 22:29:45,946 [INFO] PluginManager:220 - loadIPPluginJar : add dma
2025-04-30 22:29:46,004 [INFO] IPUIPlugin:80 - create IPUIPlugin
2025-04-30 22:29:46,004 [INFO] PluginManager:220 - loadIPPluginJar : add dma3
2025-04-30 22:29:46,069 [INFO] IPUIPlugin:80 - create IPUIPlugin
2025-04-30 22:29:46,069 [INFO] PluginManager:220 - loadIPPluginJar : add extmemmanager
2025-04-30 22:29:46,100 [INFO] IPUIPlugin:80 - create IPUIPlugin
2025-04-30 22:29:46,100 [INFO] PluginManager:220 - loadIPPluginJar : add fatfs
2025-04-30 22:29:46,162 [INFO] IPUIPlugin:80 - create IPUIPlugin
2025-04-30 22:29:46,162 [INFO] PluginManager:220 - loadIPPluginJar : add fmc
2025-04-30 22:29:46,201 [INFO] IPUIPlugin:80 - create IPUIPlugin
2025-04-30 22:29:46,202 [INFO] PluginManager:220 - loadIPPluginJar : add freertos
2025-04-30 22:29:46,240 [INFO] IPUIPlugin:80 - create IPUIPlugin
2025-04-30 22:29:46,240 [INFO] PluginManager:220 - loadIPPluginJar : add genericplugin
2025-04-30 22:29:46,416 [INFO] IPUIPlugin:80 - create IPUIPlugin
2025-04-30 22:29:46,417 [INFO] PluginManager:220 - loadIPPluginJar : add gfxmmu
2025-04-30 22:29:46,640 [INFO] IPUIPlugin:80 - create IPUIPlugin
2025-04-30 22:29:46,640 [INFO] PluginManager:220 - loadIPPluginJar : add gic
2025-04-30 22:29:46,658 [INFO] IPUIPlugin:80 - create IPUIPlugin
2025-04-30 22:29:46,658 [INFO] PluginManager:220 - loadIPPluginJar : add gpio
2025-04-30 22:29:46,791 [INFO] IPUIPlugin:80 - create IPUIPlugin
2025-04-30 22:29:46,791 [INFO] PluginManager:220 - loadIPPluginJar : add gtzc
2025-04-30 22:29:46,855 [INFO] IPUIPlugin:80 - create IPUIPlugin
2025-04-30 22:29:46,855 [INFO] PluginManager:220 - loadIPPluginJar : add hash
2025-04-30 22:29:46,941 [INFO] IPUIPlugin:80 - create IPUIPlugin
2025-04-30 22:29:46,941 [INFO] PluginManager:220 - loadIPPluginJar : add i2c
2025-04-30 22:29:47,025 [INFO] IPUIPlugin:80 - create IPUIPlugin
2025-04-30 22:29:47,026 [INFO] PluginManager:220 - loadIPPluginJar : add i2s
2025-04-30 22:29:47,106 [INFO] IPUIPlugin:80 - create IPUIPlugin
2025-04-30 22:29:47,106 [INFO] PluginManager:220 - loadIPPluginJar : add i3c
2025-04-30 22:29:47,292 [INFO] IPUIPlugin:80 - create IPUIPlugin
2025-04-30 22:29:47,292 [INFO] PluginManager:220 - loadIPPluginJar : add ipddr
2025-04-30 22:29:47,449 [INFO] IPUIPlugin:80 - create IPUIPlugin
2025-04-30 22:29:47,449 [INFO] PluginManager:220 - loadIPPluginJar : add linkedlist
2025-04-30 22:29:47,503 [INFO] IPUIPlugin:80 - create IPUIPlugin
2025-04-30 22:29:47,504 [INFO] PluginManager:220 - loadIPPluginJar : add lorawan
2025-04-30 22:29:47,551 [INFO] IPUIPlugin:80 - create IPUIPlugin
2025-04-30 22:29:47,551 [INFO] PluginManager:220 - loadIPPluginJar : add ltdc
2025-04-30 22:29:47,569 [INFO] IPUIPlugin:80 - create IPUIPlugin
2025-04-30 22:29:47,569 [INFO] PluginManager:220 - loadIPPluginJar : add mdma
2025-04-30 22:29:47,585 [INFO] IPUIPlugin:80 - create IPUIPlugin
2025-04-30 22:29:47,585 [INFO] PluginManager:220 - loadIPPluginJar : add nvic
2025-04-30 22:29:47,644 [INFO] IPUIPlugin:80 - create IPUIPlugin
2025-04-30 22:29:47,644 [INFO] PluginManager:220 - loadIPPluginJar : add opamp
2025-04-30 22:29:47,710 [INFO] ThirdPartyUpdaterWithRetryManager:70 - Updater plugin not ready yet. [2/15]
2025-04-30 22:29:47,721 [INFO] IPUIPlugin:80 - create IPUIPlugin
2025-04-30 22:29:47,721 [INFO] PluginManager:220 - loadIPPluginJar : add openamp
2025-04-30 22:29:47,801 [INFO] IPUIPlugin:80 - create IPUIPlugin
2025-04-30 22:29:47,801 [INFO] PluginManager:220 - loadIPPluginJar : add pdm2pcm
2025-04-30 22:29:47,824 [INFO] IPUIPlugin:80 - create IPUIPlugin
2025-04-30 22:29:47,827 [INFO] PluginManager:220 - loadIPPluginJar : add plateformsettings
2025-04-30 22:29:47,870 [INFO] IPUIPlugin:80 - create IPUIPlugin
2025-04-30 22:29:47,870 [INFO] PluginManager:220 - loadIPPluginJar : add quadspi
2025-04-30 22:29:47,908 [INFO] IPUIPlugin:80 - create IPUIPlugin
2025-04-30 22:29:47,909 [INFO] PluginManager:220 - loadIPPluginJar : add radio
2025-04-30 22:29:47,926 [INFO] IPUIPlugin:80 - create IPUIPlugin
2025-04-30 22:29:47,927 [INFO] PluginManager:220 - loadIPPluginJar : add resmgrutility
2025-04-30 22:29:47,995 [INFO] IPUIPlugin:80 - create IPUIPlugin
2025-04-30 22:29:47,995 [INFO] PluginManager:220 - loadIPPluginJar : add sai
2025-04-30 22:29:48,052 [INFO] IPUIPlugin:80 - create IPUIPlugin
2025-04-30 22:29:48,052 [INFO] PluginManager:220 - loadIPPluginJar : add spi
2025-04-30 22:29:48,187 [INFO] IPUIPlugin:80 - create IPUIPlugin
2025-04-30 22:29:48,187 [INFO] PluginManager:220 - loadIPPluginJar : add stm32_wpan
2025-04-30 22:29:48,245 [INFO] IPUIPlugin:80 - create IPUIPlugin
2025-04-30 22:29:48,245 [INFO] PluginManager:220 - loadIPPluginJar : add tim
2025-04-30 22:29:48,371 [INFO] IPUIPlugin:80 - create IPUIPlugin
2025-04-30 22:29:48,371 [INFO] PluginManager:220 - loadIPPluginJar : add touchsensing
2025-04-30 22:29:48,418 [INFO] IPUIPlugin:80 - create IPUIPlugin
2025-04-30 22:29:48,418 [INFO] PluginManager:220 - loadIPPluginJar : add tracer_emb
2025-04-30 22:29:48,481 [INFO] IPUIPlugin:80 - create IPUIPlugin
2025-04-30 22:29:48,481 [INFO] PluginManager:220 - loadIPPluginJar : add ts
2025-04-30 22:29:48,529 [INFO] IPUIPlugin:80 - create IPUIPlugin
2025-04-30 22:29:48,530 [INFO] PluginManager:220 - loadIPPluginJar : add tsc
2025-04-30 22:29:48,563 [INFO] IPUIPlugin:80 - create IPUIPlugin
2025-04-30 22:29:48,564 [INFO] PluginManager:220 - loadIPPluginJar : add ucpd
2025-04-30 22:29:48,628 [INFO] IPUIPlugin:80 - create IPUIPlugin
2025-04-30 22:29:48,628 [INFO] PluginManager:220 - loadIPPluginJar : add usart
2025-04-30 22:29:48,695 [INFO] IPUIPlugin:80 - create IPUIPlugin
2025-04-30 22:29:48,695 [INFO] PluginManager:220 - loadIPPluginJar : add usbx
2025-04-30 22:29:48,844 [FATAL] Updater:351 - Updater called before beeing initialized
2025-04-30 22:29:48,881 [INFO] RulesReader:64 - Compatibility file has been processed (301 Rules)
2025-04-30 22:29:48,899 [INFO] RulesReader:64 - Compatibility file has been processed (301 Rules)
2025-04-30 22:29:48,911 [INFO] CADModel:165 - CPN selected for project level
2025-04-30 22:29:48,912 [INFO] CADModel:114 - Register for checkConnection events
2025-04-30 22:29:48,912 [FATAL] Updater:351 - Updater called before beeing initialized
2025-04-30 22:29:48,912 [ERROR] CADModel:125 - Updater not yet initialized, retry later 
2025-04-30 22:29:49,132 [FATAL] Updater:351 - Updater called before beeing initialized
2025-04-30 22:29:49,136 [INFO] CADModel:165 - CPN selected for project level
2025-04-30 22:29:49,137 [INFO] CADModel:114 - Register for checkConnection events
2025-04-30 22:29:49,137 [FATAL] Updater:351 - Updater called before beeing initialized
2025-04-30 22:29:49,137 [ERROR] CADModel:125 - Updater not yet initialized, retry later 
2025-04-30 22:29:49,143 [FATAL] Updater:351 - Updater called before beeing initialized
2025-04-30 22:29:49,329 [FATAL] Updater:351 - Updater called before beeing initialized
2025-04-30 22:29:49,348 [INFO] DbMcusAds:53 - JSON generation date=Thu Mar 06 21:54:22 ICT 2025 (1741272862078)
2025-04-30 22:29:49,348 [FATAL] Updater:351 - Updater called before beeing initialized
2025-04-30 22:29:49,483 [WARN] DetailPanel:346 - Failed to get advertising image, set to default
2025-04-30 22:29:49,775 [FATAL] Updater:351 - Updater called before beeing initialized
2025-04-30 22:29:49,777 [FATAL] Updater:351 - Updater called before beeing initialized
2025-04-30 22:29:49,778 [FATAL] Updater:351 - Updater called before beeing initialized
2025-04-30 22:29:49,778 [WARN] DetailPanel:346 - Failed to get advertising image, set to default
2025-04-30 22:29:49,779 [FATAL] Updater:351 - Updater called before beeing initialized
2025-04-30 22:29:49,884 [ERROR] Updater:1198 - MainUpdater not yet initialized. External WinMGr cannot be set.
2025-04-30 22:29:49,897 [INFO] Updater:1134 - Updater Version found : 6.14.0
2025-04-30 22:29:49,923 [INFO] ApplicationProperties:184 - Using Application install path: G:\stm32cubeide\Install\STM32CubeIDE_1.18.0\STM32CubeIDE\plugins\com.st.stm32cube.common.mx_6.14.0.202502271554
2025-04-30 22:29:50,683 [INFO] MainUpdater:2872 - connection check result : 10
2025-04-30 22:29:50,684 [INFO] MainUpdater:289 - Updater Check For Update Now.
2025-04-30 22:29:50,685 [INFO] MicroXplorer:498 - Change Database Version : DB.6.0.140
2025-04-30 22:29:50,712 [WARN] MainUpdater:1193 - Updater busy. Cannot search thirdparties
2025-04-30 22:29:50,712 [INFO] ThirdPartyUpdaterWithRetryManager:96 - Updater plugin is busy. [1/15]
2025-04-30 22:29:50,714 [INFO] McuFinderGlobals:63 - Set McuFinder mode to 2 (CubeIDE integrated)
2025-04-30 22:29:50,730 [INFO] UserAuth:486 - Internet connection configuration mode: 1
2025-04-30 22:29:50,790 [INFO] JxBrowserEngine:152 - Initiate JxBrowser Engine with user profile folder
2025-04-30 22:29:50,991 [INFO] CheckServerUpdateThread:120 - End of CheckServer Thread
2025-04-30 22:29:52,197 [INFO] WebApp:169 - Instantiating new browser for Auth
2025-04-30 22:29:53,826 [INFO] WebApp:463 - Apply proxy settings
2025-04-30 22:29:53,826 [INFO] WebApp:548 - Chromium requires no authentication
2025-04-30 22:29:53,845 [INFO] WebApp:491 - Direct internet connection detected
2025-04-30 22:29:53,897 [INFO] WebApp:894 - Register for checkConnection events
2025-04-30 22:29:53,897 [INFO] WebApp:463 - Apply proxy settings
2025-04-30 22:29:53,897 [INFO] WebApp:548 - Chromium requires no authentication
2025-04-30 22:29:53,898 [INFO] WebApp:491 - Direct internet connection detected
2025-04-30 22:29:54,282 [INFO] WebApp:191 - Connection restablished
2025-04-30 22:29:54,393 [INFO] WebApp:225 - Starting web application
2025-04-30 22:29:54,394 [INFO] WebApp:593 - Web application path used G:\stm32cubeide\Install\STM32CubeIDE_1.18.0\STM32CubeIDE\plugins\com.st.stm32cube.common.mx_6.14.0.202502271554\db\plugins\mcufinder\reactClient1\index.html
2025-04-30 22:29:54,461 [WARN] PackLoader:240 - Cannot read IP mode file for STMicroelectronics.FP-SNS-MOTENVWB1.1.4.0
2025-04-30 22:29:54,521 [WARN] PackLoader:240 - Cannot read IP mode file for STMicroelectronics.FP-ATR-ASTRA1.2.0.2
2025-04-30 22:29:54,573 [WARN] PackLoader:240 - Cannot read IP mode file for STMicroelectronics.X-CUBE-SMBUS.2.1.0
2025-04-30 22:29:54,738 [WARN] PackLoader:240 - Cannot read IP mode file for STMicroelectronics.X-CUBE-WB05N.1.1.0
2025-04-30 22:29:54,825 [INFO] UserAuth:486 - Internet connection configuration mode: 1
2025-04-30 22:29:55,042 [WARN] PackLoader:240 - Cannot read IP mode file for STMicroelectronics.X-CUBE-AZRTOS-F7.1.1.0
2025-04-30 22:29:55,199 [WARN] PackLoader:240 - Cannot read IP mode file for STMicroelectronics.FP-SNS-FLIGHT1.5.0.2
2025-04-30 22:29:55,263 [WARN] PackLoader:240 - Cannot read IP mode file for STMicroelectronics.X-CUBE-DISPLAY.3.0.0
2025-04-30 22:29:55,338 [WARN] PackLoader:240 - Cannot read IP mode file for STMicroelectronics.X-CUBE-BLE1.7.0.0
2025-04-30 22:29:55,395 [WARN] PackLoader:240 - Cannot read IP mode file for STMicroelectronics.X-CUBE-NFC10.1.0.0
2025-04-30 22:29:55,474 [WARN] PackLoader:240 - Cannot read IP mode file for STMicroelectronics.X-CUBE-BLEMGR.4.0.0
2025-04-30 22:29:55,563 [WARN] PackLoader:240 - Cannot read IP mode file for emotas.I-CUBE-CANOPEN.1.3.0
2025-04-30 22:29:55,625 [WARN] ConditionMgr:438 - getConditionDescription Invalid condition id : Cortex-A Device cause : null
2025-04-30 22:29:55,729 [WARN] ConditionMgr:1044 - genDependencies : Invalid condition id : Cortex-A Device cause : null
2025-04-30 22:29:55,732 [WARN] ConditionMgr:1044 - genDependencies : Invalid condition id : Cortex-A Device cause : null
2025-04-30 22:29:55,732 [WARN] ConditionMgr:1044 - genDependencies : Invalid condition id : Cortex-A Device cause : null
2025-04-30 22:29:55,803 [WARN] PackLoader:240 - Cannot read IP mode file for STMicroelectronics.X-CUBE-BLEMGR.3.1.0
2025-04-30 22:29:55,854 [WARN] PackLoader:240 - Cannot read IP mode file for STMicroelectronics.X-CUBE-AI.10.0.0
2025-04-30 22:29:55,893 [WARN] PackLoader:240 - Cannot read IP mode file for STMicroelectronics.FP-SNS-SMARTAG2.1.2.0
2025-04-30 22:29:55,922 [WARN] PackLoader:240 - Cannot read IP mode file for STMicroelectronics.FP-SNS-FLIGHT1.5.1.0
2025-04-30 22:29:56,083 [WARN] PackLoader:240 - Cannot read IP mode file for STMicroelectronics.X-CUBE-MEMS1.11.1.0
2025-04-30 22:29:56,616 [INFO] LogOutputStream:77 - [STDOUT_REDIRECT] 1 : Invalid condition id : UX_CORESTACK_Condition cause : null
2025-04-30 22:29:56,617 [INFO] LogOutputStream:77 - [STDOUT_REDIRECT] 1 : Invalid condition id : UX_CORESTACK_Condition cause : null
2025-04-30 22:29:56,618 [INFO] LogOutputStream:77 - [STDOUT_REDIRECT] 1 : Invalid condition id : UX_CORESTACK_Condition cause : null
2025-04-30 22:29:56,620 [INFO] LogOutputStream:77 - [STDOUT_REDIRECT] 1 : Invalid condition id : UX_CORESTACK_Condition cause : null
2025-04-30 22:29:56,621 [INFO] LogOutputStream:77 - [STDOUT_REDIRECT] 1 : Invalid condition id : UX_CORESTACK_Condition cause : null
2025-04-30 22:29:56,624 [WARN] PackLoader:240 - Cannot read IP mode file for STMicroelectronics.X-CUBE-AZRTOS-WL.2.0.0
2025-04-30 22:29:56,647 [WARN] PackLoader:240 - Cannot read IP mode file for STMicroelectronics.FP-SNS-MOTENV1.5.0.0
2025-04-30 22:29:56,665 [WARN] PackLoader:240 - Cannot read IP mode file for wolfSSL.I-CUBE-wolfMQTT.1.19.0
2025-04-30 22:29:56,694 [WARN] PackLoader:240 - Cannot read IP mode file for WES.I-CUBE-Cesium.1.3.0
2025-04-30 22:29:56,714 [WARN] PackLoader:240 - Cannot read IP mode file for STMicroelectronics.X-CUBE-BLE2.3.3.0
2025-04-30 22:29:56,735 [WARN] PackLoader:240 - Cannot read IP mode file for STMicroelectronics.X-CUBE-NFC9.1.0.0
2025-04-30 22:29:56,754 [WARN] PackLoader:240 - Cannot read IP mode file for STMicroelectronics.X-CUBE-BLE1.7.1.0
2025-04-30 22:29:56,775 [WARN] PackLoader:240 - Cannot read IP mode file for STMicroelectronics.X-CUBE-TCPP.4.1.0
2025-04-30 22:29:56,860 [WARN] PackLoader:240 - Cannot read IP mode file for STMicroelectronics.X-CUBE-MEMS1.11.2.0
2025-04-30 22:29:57,030 [WARN] PackLoader:240 - Cannot read IP mode file for STMicroelectronics.X-CUBE-AZRTOS-G0.1.1.0
2025-04-30 22:29:57,061 [WARN] PackLoader:240 - Cannot read IP mode file for STMicroelectronics.X-CUBE-SAFEA1.1.2.2
2025-04-30 22:29:57,091 [WARN] PackLoader:240 - Cannot read IP mode file for STMicroelectronics.X-CUBE-NFC4.3.0.0
2025-04-30 22:29:57,125 [WARN] PackLoader:240 - Cannot read IP mode file for EmbeddedOffice.I-CUBE-FS-RTOS.1.0.1
2025-04-30 22:29:57,154 [WARN] PackLoader:240 - Cannot read IP mode file for STMicroelectronics.X-CUBE-WB05N.2.0.0
2025-04-30 22:29:57,177 [WARN] PackLoader:240 - Cannot read IP mode file for STMicroelectronics.X-CUBE-TCPP.4.2.0
2025-04-30 22:29:57,348 [WARN] PackLoader:240 - Cannot read IP mode file for RealThread.X-CUBE-RT-Thread_Nano.4.1.1
2025-04-30 22:29:57,378 [WARN] PackLoader:240 - Cannot read IP mode file for STMicroelectronics.FP-ATR-SIGFOX1.3.2.0
2025-04-30 22:29:57,403 [WARN] PackLoader:240 - Cannot read IP mode file for wolfSSL.I-CUBE-wolfSSL.5.7.2
2025-04-30 22:29:57,428 [WARN] PackLoader:240 - Cannot read IP mode file for STMicroelectronics.X-CUBE-EEPRMA1.5.1.0
2025-04-30 22:29:57,457 [WARN] PackLoader:240 - Cannot read IP mode file for ITTIA_DB.I-CUBE-ITTIADB.8.9.0
2025-04-30 22:29:57,525 [WARN] PackLoader:240 - Cannot read IP mode file for SEGGER.I-CUBE-embOS.1.3.1
2025-04-30 22:29:57,622 [WARN] PackLoader:240 - Cannot read IP mode file for STMicroelectronics.X-CUBE-ALGOBUILD.1.4.0
2025-04-30 22:29:57,655 [WARN] PackLoader:240 - Cannot read IP mode file for STMicroelectronics.X-CUBE-GNSS1.6.0.0
2025-04-30 22:29:57,720 [WARN] PackLoader:240 - Cannot read IP mode file for STMicroelectronics.X-CUBE-AZRTOS-F4.1.1.0
2025-04-30 22:29:57,761 [WARN] PackLoader:240 - Cannot read IP mode file for Avnet-IotConnect.X-CUBE-IoTC-DA16k-PMOD.1.0.0
2025-04-30 22:29:57,790 [WARN] PackLoader:240 - Cannot read IP mode file for STMicroelectronics.X-CUBE-ISPU.2.1.0
2025-04-30 22:29:57,820 [WARN] PackLoader:240 - Cannot read IP mode file for STMicroelectronics.X-CUBE-FREERTOS.1.2.0
2025-04-30 22:29:57,877 [WARN] PackLoader:240 - Cannot read IP mode file for STMicroelectronics.X-CUBE-AZRTOS-L5.2.0.0
2025-04-30 22:29:57,909 [WARN] PackLoader:240 - Cannot read IP mode file for STMicroelectronics.X-CUBE-NFC6.3.1.0
2025-04-30 22:29:57,938 [WARN] PackLoader:240 - Cannot read IP mode file for STMicroelectronics.X-CUBE-DPower.1.2.0
2025-04-30 22:29:57,979 [WARN] PackLoader:240 - Cannot read IP mode file for STMicroelectronics.X-CUBE-AI.9.0.0
2025-04-30 22:29:58,018 [WARN] PackLoader:240 - Cannot read IP mode file for STMicroelectronics.X-CUBE-FREERTOS.1.3.0
2025-04-30 22:29:58,052 [WARN] PackLoader:240 - Cannot read IP mode file for STMicroelectronics.X-CUBE-NFC7.1.0.1
2025-04-30 22:29:58,091 [WARN] PackLoader:240 - Cannot read IP mode file for wolfSSL.I-CUBE-wolfTPM.3.2.0
2025-04-30 22:29:58,114 [WARN] PackLoader:240 - Cannot read IP mode file for STMicroelectronics.X-CUBE-DPower.1.3.0
2025-04-30 22:29:58,165 [WARN] ConditionMgr:438 - getConditionDescription Invalid condition id : LAN8742 Phy interface Condition cause : null
2025-04-30 22:29:58,166 [WARN] PackLoader:240 - Cannot read IP mode file for STMicroelectronics.X-CUBE-AZRTOS-L4.2.0.0
2025-04-30 22:29:58,169 [WARN] ConditionMgr:1044 - genDependencies : Invalid condition id : LAN8742 Phy interface Condition cause : null
2025-04-30 22:29:58,170 [WARN] ConditionMgr:1044 - genDependencies : Invalid condition id : LAN8742 Phy interface Condition cause : null
2025-04-30 22:29:58,170 [WARN] ConditionMgr:1044 - genDependencies : Invalid condition id : LAN8742 Phy interface Condition cause : null
2025-04-30 22:29:58,202 [WARN] PackLoader:240 - Cannot read IP mode file for STMicroelectronics.X-CUBE-SFXS2LP1.4.0.0
2025-04-30 22:29:58,270 [WARN] PackLoader:240 - Cannot read IP mode file for STMicroelectronics.X-CUBE-AZRTOS-H7.3.3.0
2025-04-30 22:29:58,321 [WARN] ConditionMgr:438 - getConditionDescription Invalid condition id : UX DEVICE CLASS RTOS Condition cause : null
2025-04-30 22:29:58,322 [WARN] ConditionMgr:438 - getConditionDescription Invalid condition id : UX DEVICE CLASS RTOS Condition cause : null
2025-04-30 22:29:58,324 [WARN] PackLoader:240 - Cannot read IP mode file for STMicroelectronics.X-CUBE-AZRTOS-WB.2.0.0
2025-04-30 22:29:58,324 [WARN] ConditionMgr:1044 - genDependencies : Invalid condition id : UX DEVICE CLASS RTOS Condition cause : null
2025-04-30 22:29:58,325 [WARN] ConditionMgr:1044 - genDependencies : Invalid condition id : UX DEVICE CLASS RTOS Condition cause : null
2025-04-30 22:29:58,325 [WARN] ConditionMgr:1044 - genDependencies : Invalid condition id : UX DEVICE CLASS RTOS Condition cause : null
2025-04-30 22:29:58,326 [WARN] ConditionMgr:1044 - genDependencies : Invalid condition id : UX DEVICE CLASS RTOS Condition cause : null
2025-04-30 22:29:58,326 [WARN] ConditionMgr:1044 - genDependencies : Invalid condition id : UX DEVICE CLASS RTOS Condition cause : null
2025-04-30 22:29:58,347 [WARN] PackLoader:240 - Cannot read IP mode file for STMicroelectronics.X-CUBE-GNSS1.7.0.1
2025-04-30 22:29:58,370 [WARN] PackLoader:240 - Cannot read IP mode file for STMicroelectronics.X-CUBE-TOUCHGFX.4.25.0
2025-04-30 22:29:58,396 [WARN] PackLoader:240 - Cannot read IP mode file for STMicroelectronics.FP-SNS-STBOX1.2.0.0
2025-04-30 22:29:58,431 [WARN] PackLoader:240 - Cannot read IP mode file for STMicroelectronics.X-CUBE-SUBG2.5.0.0
2025-04-30 22:29:58,491 [WARN] PackLoader:240 - Cannot read IP mode file for STMicroelectronics.X-CUBE-AZRTOS-H7RS.1.1.0
2025-04-30 22:29:58,527 [WARN] PackLoader:240 - Cannot read IP mode file for Cesanta.I-CUBE-Mongoose.7.13.0
2025-04-30 22:29:58,582 [WARN] PackLoader:240 - Cannot read IP mode file for STMicroelectronics.X-CUBE-AZRTOS-G4.2.0.0
2025-04-30 22:29:58,612 [WARN] PackLoader:240 - Cannot read IP mode file for STMicroelectronics.X-CUBE-ISPU.2.0.0
2025-04-30 22:29:58,660 [WARN] PackLoader:240 - Cannot read IP mode file for STMicroelectronics.X-CUBE-IPS.3.1.0
2025-04-30 22:29:58,735 [WARN] PackLoader:240 - Cannot read IP mode file for STMicroelectronics.X-CUBE-ALS.1.0.2
2025-04-30 22:29:58,822 [WARN] PackLoader:240 - Cannot read IP mode file for STMicroelectronics.X-CUBE-MEMS1.10.0.0
2025-04-30 22:29:58,935 [WARN] PackLoader:240 - Cannot read IP mode file for STMicroelectronics.X-CUBE-TOUCHGFX.4.24.0
2025-04-30 22:29:58,955 [WARN] PackLoader:240 - Cannot read IP mode file for portGmbH.I-Cube-SoM-uGOAL.1.1.0
2025-04-30 22:29:58,994 [WARN] PackLoader:240 - Cannot read IP mode file for STMicroelectronics.X-CUBE-AZRTOS-H7RS.1.0.0
2025-04-30 22:29:59,015 [WARN] PackLoader:240 - Cannot read IP mode file for STMicroelectronics.FP-ATR-ASTRA1.2.0.0
2025-04-30 22:29:59,047 [WARN] PackLoader:240 - Cannot read IP mode file for STMicroelectronics.X-CUBE-TOF1.3.4.2
2025-04-30 22:29:59,095 [WARN] PackLoader:240 - Cannot read IP mode file for STMicroelectronics.X-CUBE-TOF1.3.4.3
2025-04-30 22:29:59,142 [WARN] PackLoader:240 - Cannot read IP mode file for STMicroelectronics.X-CUBE-TOF1.3.4.1
2025-04-30 22:29:59,202 [WARN] PackLoader:240 - Cannot read IP mode file for STMicroelectronics.X-CUBE-AZRTOS-H7.3.2.0
2025-04-30 22:29:59,236 [WARN] PackLoader:240 - Cannot read IP mode file for Infineon.AIROC-Wi-Fi-Bluetooth-STM32.1.6.0
2025-04-30 22:29:59,264 [WARN] PackLoader:240 - Cannot read IP mode file for wolfSSL.I-CUBE-wolfSSH.1.4.17
2025-04-30 22:29:59,265 [INFO] ThirdParty:978 - Integrity check success = true
2025-04-30 22:29:59,265 [INFO] IntegrityCheckThread:100 - exiting critical section [integrity check]
2025-04-30 22:29:59,265 [INFO] IntegrityCheckThread:103 - End integrity checks thread
2025-04-30 22:49:36,074 [INFO] McuFinderGlobals:63 - Set McuFinder mode to 2 (CubeIDE integrated)
2025-04-30 22:49:36,169 [INFO] MainUpdater:2872 - connection check result : 10
2025-04-30 22:49:36,186 [INFO] MainUpdater:2872 - connection check result : 10
2025-04-30 22:49:36,530 [INFO] MicroXplorer:468 - Change Database Path : 
2025-04-30 22:49:36,531 [INFO] MicroXplorer:498 - Change Database Version : DB.6.0.140
2025-04-30 22:49:36,554 [WARN] ThirdParty:871 - waiting for thirdparty lock release [close project]
2025-04-30 22:49:36,554 [INFO] ThirdParty:873 - entering critical section [close project]
2025-04-30 22:49:36,559 [INFO] ThirdParty:883 - exiting critical section [close project]
2025-04-30 22:49:36,565 [INFO] PinOutPanel:1589 - setPackage(No Configuration,No Configuration)
2025-04-30 22:49:36,581 [INFO] UtilMem:75 - Begin LoadConfig() Used Memory: 569381272 Bytes (1071644672)
2025-04-30 22:49:36,585 [INFO] MicroXplorer:468 - Change Database Path : 
2025-04-30 22:49:36,585 [INFO] MicroXplorer:498 - Change Database Version : DB.6.0.140
2025-04-30 22:49:36,586 [INFO] OpenFileManager:354 - Change cursor
2025-04-30 22:49:36,667 [INFO] Mcu:2011 - Initializing MCU STM32F411V(C-E)Tx STM32F411VETx STM32F411VET6
2025-04-30 22:49:39,189 [INFO] Context:756 - Trying to add GPIOservice into a context  which must be forbidden
2025-04-30 22:49:40,233 [INFO] ImportTextPane:218 - (OptionalMessage_ERROR) Pin14 (VP_RIF_VS_RIF1) cannot be retrieved for this MCU
2025-04-30 22:49:40,590 [INFO] RtosManager:558 - Registered RTOS mode: class=CMSIS, group=RTOS, mode=CMSIS_V1, owner=FREERTOS
2025-04-30 22:49:40,591 [INFO] RtosManager:558 - Registered RTOS mode: class=CMSIS, group=RTOS2, mode=CMSIS_V2, owner=FREERTOS
2025-04-30 22:49:40,591 [INFO] RtosManager:558 - Registered RTOS mode: class=RTOS, group=Core, mode=CMSIS_V1, owner=FREERTOS
2025-04-30 22:49:40,591 [INFO] RtosManager:558 - Registered RTOS mode: class=RTOS, group=Core, mode=CMSIS_V2, owner=FREERTOS
2025-04-30 22:49:40,592 [WARN] ModelIntegratedComponent:184 - Missing modes for component STMicroelectronics:FreeRTOS:0.0.1:STMicroelectronics:RTOS:FreeRTOS:Core:::10.2.0:
2025-04-30 22:49:40,620 [WARN] ModelIntegratedComponent:182 - Modes not found for component STMicroelectronics:USB_HOST:1.0.0:STMicroelectronics:USB::USB Host:Audio HS::1.0:USB_HOST_1_0_RESTRICTED_HS
2025-04-30 22:49:40,621 [WARN] ModelIntegratedComponent:188 - Modes not found for component STMicroelectronics:USB_HOST:1.0.0:STMicroelectronics:USB::USB Host:Audio HS::1.0:USB_HOST_1_0_RESTRICTED_HS
2025-04-30 22:49:40,621 [WARN] ModelIntegratedComponent:182 - Modes not found for component STMicroelectronics:USB_HOST:1.0.0:STMicroelectronics:USB::USB Host:CDC HS::1.0:USB_HOST_1_0_RESTRICTED_HS
2025-04-30 22:49:40,621 [WARN] ModelIntegratedComponent:188 - Modes not found for component STMicroelectronics:USB_HOST:1.0.0:STMicroelectronics:USB::USB Host:CDC HS::1.0:USB_HOST_1_0_RESTRICTED_HS
2025-04-30 22:49:40,621 [WARN] ModelIntegratedComponent:182 - Modes not found for component STMicroelectronics:USB_HOST:1.0.0:STMicroelectronics:USB::USB Host:MSC HS::1.0:USB_HOST_1_0_RESTRICTED_HS
2025-04-30 22:49:40,621 [WARN] ModelIntegratedComponent:188 - Modes not found for component STMicroelectronics:USB_HOST:1.0.0:STMicroelectronics:USB::USB Host:MSC HS::1.0:USB_HOST_1_0_RESTRICTED_HS
2025-04-30 22:49:40,621 [WARN] ModelIntegratedComponent:182 - Modes not found for component STMicroelectronics:USB_HOST:1.0.0:STMicroelectronics:USB::USB Host:HID HS::1.0:USB_HOST_1_0_RESTRICTED_HS
2025-04-30 22:49:40,621 [WARN] ModelIntegratedComponent:188 - Modes not found for component STMicroelectronics:USB_HOST:1.0.0:STMicroelectronics:USB::USB Host:HID HS::1.0:USB_HOST_1_0_RESTRICTED_HS
2025-04-30 22:49:40,621 [WARN] ModelIntegratedComponent:182 - Modes not found for component STMicroelectronics:USB_HOST:1.0.0:STMicroelectronics:USB::USB Host:MTP HS::1.0:USB_HOST_1_0_RESTRICTED_HS
2025-04-30 22:49:40,621 [WARN] ModelIntegratedComponent:188 - Modes not found for component STMicroelectronics:USB_HOST:1.0.0:STMicroelectronics:USB::USB Host:MTP HS::1.0:USB_HOST_1_0_RESTRICTED_HS
2025-04-30 22:49:40,636 [WARN] ModelIntegratedComponent:63 - No mode defined for component null
2025-04-30 22:49:40,636 [WARN] ModelIntegratedComponent:63 - No mode defined for component null
2025-04-30 22:49:40,636 [WARN] ModelIntegratedComponent:63 - No mode defined for component null
2025-04-30 22:49:40,636 [WARN] ModelIntegratedComponent:63 - No mode defined for component null
2025-04-30 22:49:40,636 [WARN] ModelIntegratedComponent:63 - No mode defined for component null
2025-04-30 22:49:40,636 [WARN] ModelIntegratedComponent:63 - No mode defined for component null
2025-04-30 22:49:40,636 [WARN] ModelIntegratedComponent:63 - No mode defined for component null
2025-04-30 22:49:40,636 [WARN] ModelIntegratedComponent:63 - No mode defined for component null
2025-04-30 22:49:40,637 [WARN] ModelIntegratedComponent:63 - No mode defined for component null
2025-04-30 22:49:40,637 [WARN] ModelIntegratedComponent:63 - No mode defined for component null
2025-04-30 22:49:40,637 [WARN] ModelIntegratedComponent:63 - No mode defined for component null
2025-04-30 22:49:40,637 [WARN] ModelIntegratedComponent:63 - No mode defined for component null
2025-04-30 22:49:40,637 [WARN] ModelIntegratedComponent:63 - No mode defined for component null
2025-04-30 22:49:40,637 [WARN] ModelIntegratedComponent:63 - No mode defined for component null
2025-04-30 22:49:40,637 [WARN] ModelIntegratedComponent:63 - No mode defined for component null
2025-04-30 22:49:40,637 [WARN] ModelIntegratedComponent:63 - No mode defined for component null
2025-04-30 22:49:40,637 [WARN] ModelIntegratedComponent:63 - No mode defined for component null
2025-04-30 22:49:40,638 [WARN] ModelIntegratedComponent:63 - No mode defined for component null
2025-04-30 22:49:40,638 [WARN] ModelIntegratedComponent:63 - No mode defined for component null
2025-04-30 22:49:40,638 [WARN] ModelIntegratedComponent:63 - No mode defined for component null
2025-04-30 22:49:40,638 [WARN] ModelIntegratedComponent:63 - No mode defined for component null
2025-04-30 22:49:40,638 [WARN] ModelIntegratedComponent:63 - No mode defined for component null
2025-04-30 22:49:40,639 [WARN] ModelIntegratedComponent:63 - No mode defined for component null
2025-04-30 22:49:40,639 [WARN] ModelIntegratedComponent:63 - No mode defined for component null
2025-04-30 22:49:40,639 [WARN] ModelIntegratedComponent:63 - No mode defined for component null
2025-04-30 22:49:40,639 [WARN] ModelIntegratedComponent:63 - No mode defined for component null
2025-04-30 22:49:40,639 [WARN] ModelIntegratedComponent:63 - No mode defined for component null
2025-04-30 22:49:40,639 [WARN] ModelIntegratedComponent:63 - No mode defined for component null
2025-04-30 22:49:40,639 [WARN] ModelIntegratedComponent:63 - No mode defined for component null
2025-04-30 22:49:40,639 [WARN] ModelIntegratedComponent:63 - No mode defined for component null
2025-04-30 22:49:40,640 [WARN] ModelIntegratedComponent:63 - No mode defined for component null
2025-04-30 22:49:40,640 [WARN] ModelIntegratedComponent:63 - No mode defined for component null
2025-04-30 22:49:40,640 [WARN] ModelIntegratedComponent:63 - No mode defined for component null
2025-04-30 22:49:40,641 [WARN] ModelIntegratedComponent:63 - No mode defined for component null
2025-04-30 22:49:40,641 [WARN] ModelIntegratedComponent:63 - No mode defined for component null
2025-04-30 22:49:40,641 [WARN] ModelPack:524 - Component already loaded: STMicroelectronics:HAL Drivers:0.0.0:STMicroelectronics:Device:STMicro_Driver:XSPI:HAL::0.0.1:HAL_XSPI
2025-04-30 22:49:40,839 [WARN] ModelIntegratedComponent:182 - Modes not found for component STMicroelectronics:USB_DEVICE:1.0.0:STMicroelectronics:USB::USB Device:Audio HS::1.0:USB_DEVICE_1_0_RESTRICTED_HS
2025-04-30 22:49:40,839 [WARN] ModelIntegratedComponent:188 - Modes not found for component STMicroelectronics:USB_DEVICE:1.0.0:STMicroelectronics:USB::USB Device:Audio HS::1.0:USB_DEVICE_1_0_RESTRICTED_HS
2025-04-30 22:49:40,839 [WARN] ModelIntegratedComponent:182 - Modes not found for component STMicroelectronics:USB_DEVICE:1.0.0:STMicroelectronics:USB::USB Device:CDC HS::1.0:USB_DEVICE_1_0_RESTRICTED_HS
2025-04-30 22:49:40,839 [WARN] ModelIntegratedComponent:188 - Modes not found for component STMicroelectronics:USB_DEVICE:1.0.0:STMicroelectronics:USB::USB Device:CDC HS::1.0:USB_DEVICE_1_0_RESTRICTED_HS
2025-04-30 22:49:40,840 [WARN] ModelIntegratedComponent:182 - Modes not found for component STMicroelectronics:USB_DEVICE:1.0.0:STMicroelectronics:USB::USB Device:DFU HS::1.0:USB_DEVICE_1_0_RESTRICTED_HS
2025-04-30 22:49:40,840 [WARN] ModelIntegratedComponent:188 - Modes not found for component STMicroelectronics:USB_DEVICE:1.0.0:STMicroelectronics:USB::USB Device:DFU HS::1.0:USB_DEVICE_1_0_RESTRICTED_HS
2025-04-30 22:49:40,840 [WARN] ModelIntegratedComponent:182 - Modes not found for component STMicroelectronics:USB_DEVICE:1.0.0:STMicroelectronics:USB::USB Device:HID HS::1.0:USB_DEVICE_1_0_RESTRICTED_HS
2025-04-30 22:49:40,840 [WARN] ModelIntegratedComponent:188 - Modes not found for component STMicroelectronics:USB_DEVICE:1.0.0:STMicroelectronics:USB::USB Device:HID HS::1.0:USB_DEVICE_1_0_RESTRICTED_HS
2025-04-30 22:49:40,841 [WARN] ModelIntegratedComponent:182 - Modes not found for component STMicroelectronics:USB_DEVICE:1.0.0:STMicroelectronics:USB::USB Device:Custom HID HS::1.0:USB_DEVICE_1_0_RESTRICTED_HS
2025-04-30 22:49:40,841 [WARN] ModelIntegratedComponent:188 - Modes not found for component STMicroelectronics:USB_DEVICE:1.0.0:STMicroelectronics:USB::USB Device:Custom HID HS::1.0:USB_DEVICE_1_0_RESTRICTED_HS
2025-04-30 22:49:40,841 [WARN] ModelIntegratedComponent:182 - Modes not found for component STMicroelectronics:USB_DEVICE:1.0.0:STMicroelectronics:USB::USB Device:MSC HS::1.0:USB_DEVICE_1_0_RESTRICTED_HS
2025-04-30 22:49:40,841 [WARN] ModelIntegratedComponent:188 - Modes not found for component STMicroelectronics:USB_DEVICE:1.0.0:STMicroelectronics:USB::USB Device:MSC HS::1.0:USB_DEVICE_1_0_RESTRICTED_HS
2025-04-30 22:49:40,888 [INFO] ThirdPartyModel:298 - Start build external matchings
2025-04-30 22:49:42,548 [INFO] ThirdPartyModel:316 - End build external matchings
2025-04-30 22:49:42,590 [INFO] ImportTextPane:218 - (OptionalMessage_ERROR) IP (RCC) : Parameter (RTCHSEDivFreq_Value) has invalid value (4000000)
2025-04-30 22:49:42,594 [WARN] IP:2250 - DEVICE_SERIAL0_DFU_FS not found: check if there is a RefParameter without a condition.
2025-04-30 22:49:42,594 [WARN] IP:2250 - DEVICE_SERIAL1_DFU_FS not found: check if there is a RefParameter without a condition.
2025-04-30 22:49:42,594 [WARN] IP:2250 - DEVICE_SERIAL2_DFU_FS not found: check if there is a RefParameter without a condition.
2025-04-30 22:49:43,310 [INFO] ApiDb:581 - Connected to CubeFinder SQLite database (C:\Users\Nghia\.stmcufinder\plugins\mcufinder\mcu\cube-finder-db.db)
2025-04-30 22:49:43,478 [INFO] ApiDb:668 - CubeFinder database Data Model version=2.1
2025-04-30 22:49:43,478 [INFO] ApiDb:669 - CubeFinder database Configuration version=3.0.39
2025-04-30 22:49:43,479 [INFO] ApiDb:670 - CubeFinder database generation date=2025-04-23 (1745419778)
2025-04-30 22:49:43,479 [INFO] ApiDb:671 - CubeFinder database FW Pack versions=[FP-ATR-ASTRA1_V2.0.0, FP-SNS-FLIGHT1_V5.1.0, FP-SNS-MOTENV1_V5.0.0, FP-SNS-MOTENVWB1_V1.4.0, FP-SNS-SMARTAG2_V1.2.0, FP-SNS-STBOX1_V2.0.0, STM32Cube_FW_C0_V1.4.0, STM32Cube_FW_F4_V1.28.1, STM32Cube_FW_F7_V1.17.2, STM32Cube_FW_G0_V1.6.2, STM32Cube_FW_G4_V1.6.1, STM32Cube_FW_H5_V1.5.0, STM32Cube_FW_H7RS_V1.2.0, STM32Cube_FW_H7_V1.12.1, STM32Cube_FW_L0_V1.12.2, STM32Cube_FW_L4_V1.18.1, STM32Cube_FW_L5_V1.5.1, STM32Cube_FW_N6_V1.1.1, STM32Cube_FW_U0_V1.2.0, STM32Cube_FW_U3_V1.1.0, STM32Cube_FW_U5_V1.7.0, STM32Cube_FW_WB0_V1.2.0, STM32Cube_FW_WBA_V1.6.0, STM32Cube_FW_WB_V1.22.0, STM32Cube_FW_WL3_V1.1.0, STM32Cube_FW_WL_V1.3.1, X-CUBE-ALGOBUILD_V1.4.0, X-CUBE-ALS_V1.0.2, X-CUBE-AZRTOS-F4_V1.1.0, X-CUBE-AZRTOS-F7_V1.1.0, X-CUBE-AZRTOS-G0_V1.1.0, X-CUBE-AZRTOS-G4_V2.0.0, X-CUBE-AZRTOS-H7RS_V1.1.0, X-CUBE-AZRTOS-H7_V3.3.0, X-CUBE-AZRTOS-L4_V2.0.0, X-CUBE-AZRTOS-L5_V2.0.0, X-CUBE-AZRTOS-WB_V2.0.0, X-CUBE-AZRTOS-WL_V2.0.0, X-CUBE-BLE1_V7.1.0, X-CUBE-BLE2_V3.3.0, X-CUBE-BLEMGR_V4.0.0, X-CUBE-EEPRMA1_V5.1.0, X-CUBE-FREERTOS_V1.3.0, X-CUBE-GNSS1_V6.0.0, X-CUBE-MEMS1_V11.2.0, X-CUBE-NFC4_V3.0.0, X-CUBE-NFC7_V1.0.1, X-CUBE-SFXS2LP1_V4.0.0, X-CUBE-SUBG2_V5.0.0, X-CUBE-TOF1_V3.4.3]
2025-04-30 22:49:43,794 [INFO] DbBoardsSqlite:226 - include board P-NUCLEO-WB55-NUCLEO as a kit item of type 'Nucleo-64'
2025-04-30 22:49:43,794 [INFO] DbBoardsSqlite:226 - include board P-NUCLEO-WB55-USBDONGLE as a kit item of type 'Nucleo USB Dongle'
2025-04-30 22:49:43,795 [INFO] DbBoardsSqlite:226 - include board STEVAL-IDP005V1 as a kit item of type 'Evaluation Board'
2025-04-30 22:49:43,796 [INFO] DbBoardsSqlite:226 - include board STEVAL-IDP005V2 as a kit item of type 'Evaluation Board'
2025-04-30 22:49:44,420 [INFO] ApiDb:240 - Found 895 in-development CPN: [B-G473E-ZEST1S, B-WB1M-WPAN1, B-WBA5M-WPAN, B-WL5M-SUBG1, NUCLEO-C031C6, NUCLEO-C051C8, NUCLEO-C071RB, NUCLEO-C092RC, NUCLEO-H503RB, NUCLEO-H533RE, NUCLEO-H563ZI, NUCLEO-H7S3L8, NUCLEO-N657X0-Q, NUCLEO-U031R8, NUCLEO-U083RC, NUCLEO-U385RG-Q, NUCLEO-U545RE-Q, NUCLEO-U5A5ZJ-Q, NUCLEO-WB05KZ, NUCLEO-WB07CC, NUCLEO-WB09KE, NUCLEO-WBA52CG, NUCLEO-WBA55CG, NUCLEO-WBA65RI, NUCLEO-WL33CC1, NUCLEO-WL33CC2, STEVAL-PROTEUS1, STEVAL-SMARTAG2, STEVAL-STWINBX1, STM320518-EVAL, STM32C0116-DK, STM32C011D6Y3TR, STM32C011D6Y6TR, STM32C011F4P3, STM32C011F4P6, STM32C011F4U3, STM32C011F4U6TR, STM32C011F6P3, STM32C011F6P6, STM32C011F6U3, STM32C011F6U6TR, STM32C011J4M3, STM32C011J4M6, STM32C011J6M3, STM32C011J6M6, STM32C0316-DK, STM32C031C4T3, STM32C031C4T6, STM32C031C4U3, STM32C031C4U6, STM32C031C6T3, STM32C031C6T6, STM32C031C6U3, STM32C031C6U6, STM32C031F4P3, STM32C031F4P6, STM32C031F6P3, STM32C031F6P6, STM32C031G4U3, STM32C031G4U6, STM32C031G6U3, STM32C031G6U6, STM32C031K4T3, STM32C031K4T6, STM32C031K4U3, STM32C031K4U6, STM32C031K6T3, STM32C031K6T6, STM32C031K6U3, STM32C031K6U6, STM32C051C6T6, STM32C051C6U6, STM32C051C8T6, STM32C051C8U6, STM32C051D8Y6TR, STM32C051F6P6, STM32C051F8P6, STM32C051G6U6, STM32C051G8U6, STM32C051K6T6, STM32C051K6U6, STM32C051K8T6, STM32C071C8T6, STM32C071C8T6N, STM32C071C8U6, STM32C071C8U6N, STM32C071CBT6, STM32C071CBT6N, STM32C071CBU6, STM32C071CBU6N, STM32C071F8P6, STM32C071F8P6N, STM32C071FBP6, STM32C071FBP6N, STM32C071FBY6TR, STM32C071G8U6, STM32C071G8U6N, STM32C071GBU6, STM32C071GBU6N, STM32C071K8T6, STM32C071K8T6N, STM32C071K8U6, STM32C071K8U6N, STM32C071KBT6, STM32C071KBT6N, STM32C071KBU6, STM32C071KBU6N, STM32C071R8T6, STM32C071R8T6N, STM32C071RBI6N, STM32C071RBT6, STM32C071RBT6N, STM32C091CBT6, STM32C091CBU6, STM32C091CCT6, STM32C091CCU6, STM32C091ECY6TR, STM32C091FBP6, STM32C091FCP6, STM32C091GBU6, STM32C091GCU6, STM32C091KBT6, STM32C091KBU6, STM32C091KCT6, STM32C091KCU6, STM32C091RBT6, STM32C091RCI6, STM32C091RCT6, STM32C092CBT6, STM32C092CBU6, STM32C092CCT6, STM32C092CCU6, STM32C092ECY6TR, STM32C092FBP6, STM32C092FCP6, STM32C092GBU6, STM32C092GCU6, STM32C092KBT6, STM32C092KBU6, STM32C092KCT6, STM32C092KCU6, STM32C092RBT6, STM32C092RCI6, STM32C092RCT6, STM32G071K8TXN, STM32G071K8UXN, STM32G081GBU6N, STM32G081KBT6N, STM32G081KBUXN, STM32G0B1CCT6N, STM32G0B1KCT6, STM32G0B1NEY6TR, STM32G0B1RCT6N, STM32G0C1CCT6, STM32G0C1CCT6N, STM32G0C1CCU6N, STM32G0C1CET6N, STM32G0C1CEU6N, STM32G0C1KCT6, STM32G0C1NEY6TR, STM32G0C1RCI6N, STM32G0C1RCT6N, STM32G0C1REI6N, STM32G0C1RET6N, STM32G0C1VCI6, STM32G0C1VEI6, STM32G411C6T3, STM32G411C6T6, STM32G411C6U3, STM32G411C6U6, STM32G411C8T3, STM32G411C8T6, STM32G411C8U3, STM32G411C8U6, STM32G411CBT3, STM32G411CBT6, STM32G411CBU3, STM32G411CBU6, STM32G411CCT3, STM32G411CCT6, STM32G411CCU3, STM32G411CCU6, STM32G411K6T3, STM32G411K6T6, STM32G411K6U3, STM32G411K6U6, STM32G411K8T3, STM32G411K8T6, STM32G411K8U3, STM32G411K8U6, STM32G411KBT3, STM32G411KBT6, STM32G411KBU3, STM32G411KBU6, STM32G411M6T3, STM32G411M6T6, STM32G411M8T3, STM32G411M8T6, STM32G411MBT3, STM32G411MBT6, STM32G411MCT3, STM32G411MCT6, STM32G411R6T3, STM32G411R6T6, STM32G411R8T3, STM32G411R8T6, STM32G411RBT3, STM32G411RBT6, STM32G411RCT3, STM32G411RCT6, STM32G414CBT3, STM32G414CBT6, STM32G414CBU3, STM32G414CBU6, STM32G414CCT3, STM32G414CCT6, STM32G414CCU3, STM32G414CCU6, STM32G414MBT3, STM32G414MBT6, STM32G414MCT3, STM32G414MCT6, STM32G414RBT3, STM32G414RBT6, STM32G414RCT3, STM32G414RCT6, STM32G414VBT3, STM32G414VBT6, STM32G414VCT3, STM32G414VCT6, STM32G431CBT3Z, STM32G431RBT3Z, STM32G471CCT6, STM32G471CCU6, STM32G471CET3, STM32G471CET6, STM32G471CEU3, STM32G471CEU6, STM32G471MCT6, STM32G471MET3, STM32G471MET6, STM32G471MEY6TR, STM32G471QCT6, STM32G471QET3, STM32G471RCT6, STM32G471RET3, STM32G471RET6, STM32G471VCH6, STM32G471VCI6, STM32G471VCT6, STM32G471VEH3, STM32G471VEH6, STM32G471VEI3, STM32G471VEI6, STM32G471VET3, STM32G471VET6, STM32G473QET3Z, STM32G473RET3Z, STM32G474CCT6, STM32G491RET3Z, STM32H503CBT6, STM32H503CBU6, STM32H503EBY6TR, STM32H503KBU6, STM32H503RBT6, STM32H523CCT6, STM32H523CCU6, STM32H523CET6, STM32H523CEU6, STM32H523HEY6TR, STM32H523RCT6, STM32H523RET6, STM32H523VCI6, STM32H523VCT6, STM32H523VEI6, STM32H523VET6, STM32H523ZCJ6, STM32H523ZCT6, STM32H523ZEJ6, STM32H523ZET6, STM32H533CET6, STM32H533CEU6, STM32H533HEY6TR, STM32H533RET6, STM32H533VEI6, STM32H533VET6, STM32H533ZEJ6, STM32H533ZET6, STM32H562AGI6, STM32H562AII6, STM32H562IGK6, STM32H562IGT6, STM32H562IIK6, STM32H562IIT6, STM32H562RGT6, STM32H562RGV6, STM32H562RIT6, STM32H562RIV6, STM32H562VGT6, STM32H562VIT6, STM32H562ZGT6, STM32H562ZIT6, STM32H563AGI6, STM32H563AII3Q, STM32H563AII6, STM32H563IGK6, STM32H563IGT6, STM32H563IIK3Q, STM32H563IIK6, STM32H563IIT3Q, STM32H563IIT6, STM32H563MIY3QTR, STM32H563RGT6, STM32H563RGV6, STM32H563RIT6, STM32H563RIV6, STM32H563VGT6, STM32H563VIT3Q, STM32H563VIT6, STM32H563ZGT6, STM32H563ZIT3Q, STM32H563ZIT6, STM32H573AII3Q, STM32H573AII6, STM32H573I-DK, STM32H573IIK3Q, STM32H573IIK6, STM32H573IIT3Q, STM32H573IIT6, STM32H573MIY3QTR, STM32H573RIT6, STM32H573RIV6, STM32H573VIT3Q, STM32H573VIT6, STM32H573ZIT3Q, STM32H573ZIT6, STM32H7R3A8I6, STM32H7R3I8K6, STM32H7R3I8T6, STM32H7R3L8H6, STM32H7R3L8H6H, STM32H7R3R8V6, STM32H7R3V8H6, STM32H7R3V8T6, STM32H7R3V8Y6TR, STM32H7R3Z8J6, STM32H7R3Z8T6, STM32H7R7A8I6, STM32H7R7I8K6, STM32H7R7I8T6, STM32H7R7L8H6, STM32H7R7L8H6H, STM32H7R7Z8J6, STM32H7S3A8I6, STM32H7S3I8K6, STM32H7S3I8T6, STM32H7S3L8H6, STM32H7S3L8H6H, STM32H7S3R8V6, STM32H7S3V8H6, STM32H7S3V8T6, STM32H7S3V8Y6TR, STM32H7S3Z8J6, STM32H7S3Z8T6, STM32H7S78-DK, STM32H7S7A8I6, STM32H7S7I8K6, STM32H7S7I8T6, STM32H7S7L8H6, STM32H7S7L8H6H, STM32H7S7Z8J6, STM32L4R5QGI6STR, STM32MP131AAE3, STM32MP131AAF3, STM32MP131AAG3, STM32MP131CAE3, STM32MP131CAF3, STM32MP131CAG3, STM32MP131DAE7, STM32MP131DAF7, STM32MP131DAG7, STM32MP131FAE7, STM32MP131FAF7, STM32MP131FAG7, STM32MP133AAE3, STM32MP133AAF3, STM32MP133AAG3, STM32MP133CAE3, STM32MP133CAF3, STM32MP133CAG3, STM32MP133DAE7, STM32MP133DAF7, STM32MP133DAG7, STM32MP133FAE7, STM32MP133FAF7, STM32MP133FAG7, STM32MP135AAE3, STM32MP135AAF3, STM32MP135AAG3, STM32MP135CAE3, STM32MP135CAF3, STM32MP135CAG3, STM32MP135DAE7, STM32MP135DAF7, STM32MP135DAG7, STM32MP135F-DK, STM32MP135FAE7, STM32MP135FAF7, STM32MP135FAF7T, STM32MP135FAF7U, STM32MP135FAG7, STM32MP231AAJ3, STM32MP231AAK3, STM32MP231AAL3, STM32MP231CAJ3, STM32MP231CAK3, STM32MP231CAL3, STM32MP231DAJ3, STM32MP231DAK3, STM32MP231DAL3, STM32MP231FAJ3, STM32MP231FAK3, STM32MP231FAL3, STM32MP233AAJ3, STM32MP233AAK3, STM32MP233AAL3, STM32MP233CAJ3, STM32MP233CAK3, STM32MP233CAL3, STM32MP233DAJ3, STM32MP233DAK3, STM32MP233DAL3, STM32MP233FAJ3, STM32MP233FAK3, STM32MP233FAL3, STM32MP235AAJ3, STM32MP235AAK3, STM32MP235AAL3, STM32MP235CAJ3, STM32MP235CAK3, STM32MP235CAL3, STM32MP235DAJ3, STM32MP235DAK3, STM32MP235DAL3, STM32MP235FAJ3, STM32MP235FAK3, STM32MP235FAL3, STM32MP251AAI3, STM32MP251AAJ3, STM32MP251AAK3, STM32MP251AAL3, STM32MP251CAI3, STM32MP251CAJ3, STM32MP251CAK3, STM32MP251CAL3, STM32MP251DAI3, STM32MP251DAJ3, STM32MP251DAK3, STM32MP251DAL3, STM32MP251FAI3, STM32MP251FAJ3, STM32MP251FAK3, STM32MP251FAL3, STM32MP253AAI3, STM32MP253AAJ3, STM32MP253AAK3, STM32MP253AAL3, STM32MP253CAI3, STM32MP253CAJ3, STM32MP253CAK3, STM32MP253CAL3, STM32MP253DAI3, STM32MP253DAJ3, STM32MP253DAK3, STM32MP253DAL3, STM32MP253FAI3, STM32MP253FAJ3, STM32MP253FAK3, STM32MP253FAL3, STM32MP255AAI3, STM32MP255AAJ3, STM32MP255AAK3, STM32MP255AAL3, STM32MP255CAI3, STM32MP255CAJ3, STM32MP255CAK3, STM32MP255CAL3, STM32MP255DAI3, STM32MP255DAJ3, STM32MP255DAK3, STM32MP255DAL3, STM32MP255FAI3, STM32MP255FAJ3, STM32MP255FAK3, STM32MP255FAL3, STM32MP257AAI3, STM32MP257AAJ3, STM32MP257AAK3, STM32MP257AAL3, STM32MP257CAI3, STM32MP257CAJ3, STM32MP257CAK3, STM32MP257CAL3, STM32MP257DAI3, STM32MP257DAJ3, STM32MP257DAK3, STM32MP257DAL3, STM32MP257F-DK, STM32MP257F-EV1, STM32MP257FAI3, STM32MP257FAJ3, STM32MP257FAK3, STM32MP257FAL3, STM32N645A0H3Q, STM32N645B0H3Q, STM32N645I0H3Q, STM32N645L0H3Q, STM32N645X0H3Q, STM32N645Z0H3Q, STM32N647A0H3Q, STM32N647B0H3Q, STM32N647I0H3Q, STM32N647L0H3Q, STM32N647X0H3Q, STM32N647Z0H3Q, STM32N655A0H3Q, STM32N655B0H3Q, STM32N655I0H3Q, STM32N655L0H3Q, STM32N655X0H3Q, STM32N655Z0H3Q, STM32N6570-DK, STM32N657A0H3Q, STM32N657B0H3Q, STM32N657I0H3Q, STM32N657L0H3Q, STM32N657X0H3Q, STM32N657Z0H3Q, STM32U031C6T6, STM32U031C6U6, STM32U031C8T6, STM32U031C8U6, STM32U031F4P6, STM32U031F6P6, STM32U031F8P6, STM32U031G6Y6TR, STM32U031G8Y6TR, STM32U031K4U6, STM32U031K6U6, STM32U031K8U6, STM32U031R6I6, STM32U031R6T6, STM32U031R8I6, STM32U031R8T6, STM32U073C8T6, STM32U073C8U6, STM32U073CBT6, STM32U073CBU6, STM32U073CCT6, STM32U073CCU6, STM32U073H8Y6TR, STM32U073HBY6TR, STM32U073HCY6TR, STM32U073K8U6, STM32U073KBU6, STM32U073KCU6, STM32U073M8I6, STM32U073M8T6, STM32U073MBI6, STM32U073MBT6, STM32U073MCI6, STM32U073MCT6, STM32U073R8I6, STM32U073R8T6, STM32U073RBI6, STM32U073RBT6, STM32U073RCI6, STM32U073RCT6, STM32U083C-DK, STM32U083CCT6, STM32U083CCU6, STM32U083HCY6TR, STM32U083KCU6, STM32U083MCI6, STM32U083MCT6, STM32U083RCI6, STM32U083RCT6, STM32U375CET6, STM32U375CET6Q, STM32U375CEU6, STM32U375CEU6Q, STM32U375CEY6QTR, STM32U375CGT6, STM32U375CGT6Q, STM32U375CGU6, STM32U375CGU6Q, STM32U375CGY6QTR, STM32U375KEU6, STM32U375KGU6, STM32U375REI6, STM32U375REI6Q, STM32U375RET6, STM32U375RET6Q, STM32U375REY6GTR, STM32U375REY6QTR, STM32U375RGI6, STM32U375RGI6Q, STM32U375RGT6, STM32U375RGT6Q, STM32U375RGY6GTR, STM32U375RGY6QTR, STM32U375VEI6, STM32U375VEI6Q, STM32U375VET6, STM32U375VET6Q, STM32U375VGI6, STM32U375VGI6Q, STM32U375VGT6, STM32U375VGT6Q, STM32U385CGT6, STM32U385CGT6Q, STM32U385CGU6, STM32U385CGU6Q, STM32U385CGY6QTR, STM32U385KGU6, STM32U385RGI6, STM32U385RGI6Q, STM32U385RGT6, STM32U385RGT6Q, STM32U385RGY6GTR, STM32U385RGY6QTR, STM32U385VGI6, STM32U385VGI6Q, STM32U385VGT6, STM32U385VGT6Q, STM32U535CBT6, STM32U535CBT6Q, STM32U535CBU6, STM32U535CBU6Q, STM32U535CCT6, STM32U535CCT6Q, STM32U535CCU6, STM32U535CCU6Q, STM32U535CET6, STM32U535CET6Q, STM32U535CEU6, STM32U535CEU6Q, STM32U535JEY6QTR, STM32U535NCY6QTR, STM32U535NEY6QTR, STM32U535RBI6, STM32U535RBI6Q, STM32U535RBT6, STM32U535RBT6Q, STM32U535RCI6, STM32U535RCI6Q, STM32U535RCT6, STM32U535RCT6Q, STM32U535REI6, STM32U535REI6Q, STM32U535RET6, STM32U535RET6Q, STM32U535VCI6, STM32U535VCI6Q, STM32U535VCT6, STM32U535VCT6Q, STM32U535VEI6, STM32U535VEI6Q, STM32U535VET6, STM32U535VET6Q, STM32U545CET6, STM32U545CET6Q, STM32U545CEU6, STM32U545CEU6Q, STM32U545JEY6QTR, STM32U545NEY6QTR, STM32U545REI6, STM32U545REI6Q, STM32U545RET6, STM32U545RET6Q, STM32U545VEI6, STM32U545VEI6Q, STM32U545VET6, STM32U545VET6Q, STM32U595AIH6, STM32U595AIH6Q, STM32U595AJH6, STM32U595AJH6Q, STM32U595QII6, STM32U595QII6Q, STM32U595QJI6, STM32U595QJI6Q, STM32U595RIT6, STM32U595RIT6Q, STM32U595RJT6, STM32U595RJT6Q, STM32U595VIT6, STM32U595VIT6Q, STM32U595VJT6, STM32U595VJT6Q, STM32U595ZIT6, STM32U595ZIT6Q, STM32U595ZIY6QTR, STM32U595ZJT6, STM32U595ZJT6Q, STM32U595ZJY6QTR, STM32U599BJY6QTR, STM32U599NIH6Q, STM32U599NJH6Q, STM32U599VIT6Q, STM32U599VJT6, STM32U599VJT6Q, STM32U599ZIT6Q, STM32U599ZIY6QTR, STM32U599ZJT6Q, STM32U599ZJY6QTR, STM32U5A5AJH6, STM32U5A5AJH6Q, STM32U5A5QII3Q , STM32U5A5QJI6, STM32U5A5QJI6Q, STM32U5A5RJT6, STM32U5A5RJT6Q, STM32U5A5VJT6, STM32U5A5VJT6Q, STM32U5A5ZJT6, STM32U5A5ZJT6Q, STM32U5A5ZJY6QTR, STM32U5A9BJY6QTR, STM32U5A9J-DK, STM32U5A9NJH6Q, STM32U5A9VJT6Q, STM32U5A9ZJT6Q, STM32U5A9ZJY6QTR, STM32U5F7VIT6, STM32U5F7VIT6Q, STM32U5F7VJT6, STM32U5F7VJT6Q, STM32U5F9BJY6QTR, STM32U5F9NJH6Q, STM32U5F9VIT6Q, STM32U5F9VJT6Q, STM32U5F9ZIJ6QTR, STM32U5F9ZIT6Q, STM32U5F9ZJJ6QTR, STM32U5F9ZJT6Q, STM32U5G7VJT6, STM32U5G7VJT6Q, STM32U5G9BJY6QTR, STM32U5G9J-DK1, STM32U5G9J-DK2, STM32U5G9NJH6Q, STM32U5G9VJT6Q, STM32U5G9ZJJ6QTR, STM32U5G9ZJT6Q, STM32WB05KZV6TR, STM32WB05KZV7TR, STM32WB05TZF6TR, STM32WB05TZF7TR, STM32WB06CCF6TR, STM32WB06CCF7TR, STM32WB06CCV6TR, STM32WB06CCV7TR, STM32WB06KCV6TR, STM32WB06KCV7TR, STM32WB07CCF6TR, STM32WB07CCF7TR, STM32WB07CCV6TR, STM32WB07CCV7TR, STM32WB07KCV6TR, STM32WB07KCV7TR, STM32WB09KEV6TR, STM32WB09KEV7TR, STM32WB09TEF6TR, STM32WB09TEF7TR, STM32WB1MMCH6, STM32WBA50KGU6, STM32WBA50KGU6TR, STM32WBA52CEU6, STM32WBA52CEU6TR, STM32WBA52CEU7, STM32WBA52CEU7TR, STM32WBA52CGU6, STM32WBA52CGU6TR, STM32WBA52CGU6U, STM32WBA52CGU7, STM32WBA52CGU7TR, STM32WBA52KEU6, STM32WBA52KEU6TR, STM32WBA52KGU6, STM32WBA52KGU6TR, STM32WBA54CEU6, STM32WBA54CEU6TR, STM32WBA54CEU7, STM32WBA54CEU7TR, STM32WBA54CGU6, STM32WBA54CGU6TR, STM32WBA54CGU7, STM32WBA54CGU7TR, STM32WBA54KEU6, STM32WBA54KEU6TR, STM32WBA54KEU7, STM32WBA54KEU7TR, STM32WBA54KGU6, STM32WBA54KGU6TR, STM32WBA54KGU7, STM32WBA54KGU7TR, STM32WBA55CEU6, STM32WBA55CEU6TR, STM32WBA55CEU7, STM32WBA55CEU7TR, STM32WBA55CGU6, STM32WBA55CGU6TR, STM32WBA55CGU6U, STM32WBA55CGU7, STM32WBA55CGU7TR, STM32WBA55G-DK1, STM32WBA55HEF6, STM32WBA55HEF7, STM32WBA55HGF6, STM32WBA55HGF7, STM32WBA55UEI6, STM32WBA55UEI6TR, STM32WBA55UEI7, STM32WBA55UEI7TR, STM32WBA55UGI6, STM32WBA55UGI6TR, STM32WBA55UGI7, STM32WBA55UGI7TR, STM32WBA5MJGH6TR, STM32WBA62CGU6, STM32WBA62CIU6, STM32WBA62MGF6, STM32WBA62MIF6, STM32WBA62PGI6, STM32WBA62PII6, STM32WBA63CGU6, STM32WBA63CGU7, STM32WBA63CIU6, STM32WBA63CIU7, STM32WBA64CGU6, STM32WBA64CGU7, STM32WBA64CIU6, STM32WBA64CIU7, STM32WBA65CGU6, STM32WBA65CGU7, STM32WBA65CIU6, STM32WBA65CIU7, STM32WBA65I-DK1, STM32WBA65MGF6, STM32WBA65MGF7, STM32WBA65MIF6, STM32WBA65MIF7, STM32WBA65PGI6, STM32WBA65PGI7, STM32WBA65PII6, STM32WBA65PII7, STM32WBA65RGV6, STM32WBA65RGV7, STM32WBA65RIV6, STM32WBA65RIV7, STM32WL30K8V6, STM32WL30KBV6, STM32WL31C8V6, STM32WL31CBV6, STM32WL31K8V6, STM32WL31KBV6, STM32WL33C8V6, STM32WL33C8V6TR, STM32WL33C8V7, STM32WL33C8V7TR, STM32WL33CBV6, STM32WL33CBV6TR, STM32WL33CBV7, STM32WL33CBV7TR, STM32WL33CCV6, STM32WL33CCV6TR, STM32WL33CCV7, STM32WL33CCV7A, STM32WL33CCV7ATR, STM32WL33CCV7TR, STM32WL33K8V6, STM32WL33K8V6TR, STM32WL33K8V7, STM32WL33K8V7TR, STM32WL33KBV6, STM32WL33KBV6TR, STM32WL33KBV7, STM32WL33KBV7TR, STM32WL33KCV6, STM32WL33KCV6TR, STM32WL33KCV7, STM32WL33KCV7TR, STM32WL5MOCH6, STM32WL5MOCH6TR]
2025-04-30 22:49:44,611 [INFO] BoardInfo:889 - No configuration file found for board P-NUCLEO-WB55
2025-04-30 22:49:44,612 [INFO] DbBoards:161 - Kit is not supported: P-NUCLEO-WB55
2025-04-30 22:49:44,618 [INFO] BoardInfo:889 - No configuration file found for board STEVAL-BFA001V1B
2025-04-30 22:49:44,618 [INFO] DbBoards:161 - Kit is not supported: STEVAL-BFA001V1B
2025-04-30 22:49:44,620 [INFO] BoardInfo:889 - No configuration file found for board STEVAL-BFA001V2B
2025-04-30 22:49:44,620 [INFO] DbBoards:161 - Kit is not supported: STEVAL-BFA001V2B
2025-04-30 22:49:44,854 [INFO] DbBoards:168 - Found 211 boards, 208 are supported
2025-04-30 22:49:44,854 [INFO] DbBoards:169 - Found 211 boards, 43 of them is supported for  Bsp
2025-04-30 22:49:44,860 [INFO] ApiDb:668 - CubeFinder database Data Model version=2.1
2025-04-30 22:49:44,860 [INFO] ApiDb:669 - CubeFinder database Configuration version=3.0.39
2025-04-30 22:49:44,860 [INFO] ApiDb:670 - CubeFinder database generation date=2025-04-23 (1745419778)
2025-04-30 22:49:44,860 [INFO] ApiDb:671 - CubeFinder database FW Pack versions=[FP-ATR-ASTRA1_V2.0.0, FP-SNS-FLIGHT1_V5.1.0, FP-SNS-MOTENV1_V5.0.0, FP-SNS-MOTENVWB1_V1.4.0, FP-SNS-SMARTAG2_V1.2.0, FP-SNS-STBOX1_V2.0.0, STM32Cube_FW_C0_V1.4.0, STM32Cube_FW_F4_V1.28.1, STM32Cube_FW_F7_V1.17.2, STM32Cube_FW_G0_V1.6.2, STM32Cube_FW_G4_V1.6.1, STM32Cube_FW_H5_V1.5.0, STM32Cube_FW_H7RS_V1.2.0, STM32Cube_FW_H7_V1.12.1, STM32Cube_FW_L0_V1.12.2, STM32Cube_FW_L4_V1.18.1, STM32Cube_FW_L5_V1.5.1, STM32Cube_FW_N6_V1.1.1, STM32Cube_FW_U0_V1.2.0, STM32Cube_FW_U3_V1.1.0, STM32Cube_FW_U5_V1.7.0, STM32Cube_FW_WB0_V1.2.0, STM32Cube_FW_WBA_V1.6.0, STM32Cube_FW_WB_V1.22.0, STM32Cube_FW_WL3_V1.1.0, STM32Cube_FW_WL_V1.3.1, X-CUBE-ALGOBUILD_V1.4.0, X-CUBE-ALS_V1.0.2, X-CUBE-AZRTOS-F4_V1.1.0, X-CUBE-AZRTOS-F7_V1.1.0, X-CUBE-AZRTOS-G0_V1.1.0, X-CUBE-AZRTOS-G4_V2.0.0, X-CUBE-AZRTOS-H7RS_V1.1.0, X-CUBE-AZRTOS-H7_V3.3.0, X-CUBE-AZRTOS-L4_V2.0.0, X-CUBE-AZRTOS-L5_V2.0.0, X-CUBE-AZRTOS-WB_V2.0.0, X-CUBE-AZRTOS-WL_V2.0.0, X-CUBE-BLE1_V7.1.0, X-CUBE-BLE2_V3.3.0, X-CUBE-BLEMGR_V4.0.0, X-CUBE-EEPRMA1_V5.1.0, X-CUBE-FREERTOS_V1.3.0, X-CUBE-GNSS1_V6.0.0, X-CUBE-MEMS1_V11.2.0, X-CUBE-NFC4_V3.0.0, X-CUBE-NFC7_V1.0.1, X-CUBE-SFXS2LP1_V4.0.0, X-CUBE-SUBG2_V5.0.0, X-CUBE-TOF1_V3.4.3]
2025-04-30 22:49:47,783 [INFO] ApiDb:240 - Found 895 in-development CPN: [B-G473E-ZEST1S, B-WB1M-WPAN1, B-WBA5M-WPAN, B-WL5M-SUBG1, NUCLEO-C031C6, NUCLEO-C051C8, NUCLEO-C071RB, NUCLEO-C092RC, NUCLEO-H503RB, NUCLEO-H533RE, NUCLEO-H563ZI, NUCLEO-H7S3L8, NUCLEO-N657X0-Q, NUCLEO-U031R8, NUCLEO-U083RC, NUCLEO-U385RG-Q, NUCLEO-U545RE-Q, NUCLEO-U5A5ZJ-Q, NUCLEO-WB05KZ, NUCLEO-WB07CC, NUCLEO-WB09KE, NUCLEO-WBA52CG, NUCLEO-WBA55CG, NUCLEO-WBA65RI, NUCLEO-WL33CC1, NUCLEO-WL33CC2, STEVAL-PROTEUS1, STEVAL-SMARTAG2, STEVAL-STWINBX1, STM320518-EVAL, STM32C0116-DK, STM32C011D6Y3TR, STM32C011D6Y6TR, STM32C011F4P3, STM32C011F4P6, STM32C011F4U3, STM32C011F4U6TR, STM32C011F6P3, STM32C011F6P6, STM32C011F6U3, STM32C011F6U6TR, STM32C011J4M3, STM32C011J4M6, STM32C011J6M3, STM32C011J6M6, STM32C0316-DK, STM32C031C4T3, STM32C031C4T6, STM32C031C4U3, STM32C031C4U6, STM32C031C6T3, STM32C031C6T6, STM32C031C6U3, STM32C031C6U6, STM32C031F4P3, STM32C031F4P6, STM32C031F6P3, STM32C031F6P6, STM32C031G4U3, STM32C031G4U6, STM32C031G6U3, STM32C031G6U6, STM32C031K4T3, STM32C031K4T6, STM32C031K4U3, STM32C031K4U6, STM32C031K6T3, STM32C031K6T6, STM32C031K6U3, STM32C031K6U6, STM32C051C6T6, STM32C051C6U6, STM32C051C8T6, STM32C051C8U6, STM32C051D8Y6TR, STM32C051F6P6, STM32C051F8P6, STM32C051G6U6, STM32C051G8U6, STM32C051K6T6, STM32C051K6U6, STM32C051K8T6, STM32C071C8T6, STM32C071C8T6N, STM32C071C8U6, STM32C071C8U6N, STM32C071CBT6, STM32C071CBT6N, STM32C071CBU6, STM32C071CBU6N, STM32C071F8P6, STM32C071F8P6N, STM32C071FBP6, STM32C071FBP6N, STM32C071FBY6TR, STM32C071G8U6, STM32C071G8U6N, STM32C071GBU6, STM32C071GBU6N, STM32C071K8T6, STM32C071K8T6N, STM32C071K8U6, STM32C071K8U6N, STM32C071KBT6, STM32C071KBT6N, STM32C071KBU6, STM32C071KBU6N, STM32C071R8T6, STM32C071R8T6N, STM32C071RBI6N, STM32C071RBT6, STM32C071RBT6N, STM32C091CBT6, STM32C091CBU6, STM32C091CCT6, STM32C091CCU6, STM32C091ECY6TR, STM32C091FBP6, STM32C091FCP6, STM32C091GBU6, STM32C091GCU6, STM32C091KBT6, STM32C091KBU6, STM32C091KCT6, STM32C091KCU6, STM32C091RBT6, STM32C091RCI6, STM32C091RCT6, STM32C092CBT6, STM32C092CBU6, STM32C092CCT6, STM32C092CCU6, STM32C092ECY6TR, STM32C092FBP6, STM32C092FCP6, STM32C092GBU6, STM32C092GCU6, STM32C092KBT6, STM32C092KBU6, STM32C092KCT6, STM32C092KCU6, STM32C092RBT6, STM32C092RCI6, STM32C092RCT6, STM32G071K8TXN, STM32G071K8UXN, STM32G081GBU6N, STM32G081KBT6N, STM32G081KBUXN, STM32G0B1CCT6N, STM32G0B1KCT6, STM32G0B1NEY6TR, STM32G0B1RCT6N, STM32G0C1CCT6, STM32G0C1CCT6N, STM32G0C1CCU6N, STM32G0C1CET6N, STM32G0C1CEU6N, STM32G0C1KCT6, STM32G0C1NEY6TR, STM32G0C1RCI6N, STM32G0C1RCT6N, STM32G0C1REI6N, STM32G0C1RET6N, STM32G0C1VCI6, STM32G0C1VEI6, STM32G411C6T3, STM32G411C6T6, STM32G411C6U3, STM32G411C6U6, STM32G411C8T3, STM32G411C8T6, STM32G411C8U3, STM32G411C8U6, STM32G411CBT3, STM32G411CBT6, STM32G411CBU3, STM32G411CBU6, STM32G411CCT3, STM32G411CCT6, STM32G411CCU3, STM32G411CCU6, STM32G411K6T3, STM32G411K6T6, STM32G411K6U3, STM32G411K6U6, STM32G411K8T3, STM32G411K8T6, STM32G411K8U3, STM32G411K8U6, STM32G411KBT3, STM32G411KBT6, STM32G411KBU3, STM32G411KBU6, STM32G411M6T3, STM32G411M6T6, STM32G411M8T3, STM32G411M8T6, STM32G411MBT3, STM32G411MBT6, STM32G411MCT3, STM32G411MCT6, STM32G411R6T3, STM32G411R6T6, STM32G411R8T3, STM32G411R8T6, STM32G411RBT3, STM32G411RBT6, STM32G411RCT3, STM32G411RCT6, STM32G414CBT3, STM32G414CBT6, STM32G414CBU3, STM32G414CBU6, STM32G414CCT3, STM32G414CCT6, STM32G414CCU3, STM32G414CCU6, STM32G414MBT3, STM32G414MBT6, STM32G414MCT3, STM32G414MCT6, STM32G414RBT3, STM32G414RBT6, STM32G414RCT3, STM32G414RCT6, STM32G414VBT3, STM32G414VBT6, STM32G414VCT3, STM32G414VCT6, STM32G431CBT3Z, STM32G431RBT3Z, STM32G471CCT6, STM32G471CCU6, STM32G471CET3, STM32G471CET6, STM32G471CEU3, STM32G471CEU6, STM32G471MCT6, STM32G471MET3, STM32G471MET6, STM32G471MEY6TR, STM32G471QCT6, STM32G471QET3, STM32G471RCT6, STM32G471RET3, STM32G471RET6, STM32G471VCH6, STM32G471VCI6, STM32G471VCT6, STM32G471VEH3, STM32G471VEH6, STM32G471VEI3, STM32G471VEI6, STM32G471VET3, STM32G471VET6, STM32G473QET3Z, STM32G473RET3Z, STM32G474CCT6, STM32G491RET3Z, STM32H503CBT6, STM32H503CBU6, STM32H503EBY6TR, STM32H503KBU6, STM32H503RBT6, STM32H523CCT6, STM32H523CCU6, STM32H523CET6, STM32H523CEU6, STM32H523HEY6TR, STM32H523RCT6, STM32H523RET6, STM32H523VCI6, STM32H523VCT6, STM32H523VEI6, STM32H523VET6, STM32H523ZCJ6, STM32H523ZCT6, STM32H523ZEJ6, STM32H523ZET6, STM32H533CET6, STM32H533CEU6, STM32H533HEY6TR, STM32H533RET6, STM32H533VEI6, STM32H533VET6, STM32H533ZEJ6, STM32H533ZET6, STM32H562AGI6, STM32H562AII6, STM32H562IGK6, STM32H562IGT6, STM32H562IIK6, STM32H562IIT6, STM32H562RGT6, STM32H562RGV6, STM32H562RIT6, STM32H562RIV6, STM32H562VGT6, STM32H562VIT6, STM32H562ZGT6, STM32H562ZIT6, STM32H563AGI6, STM32H563AII3Q, STM32H563AII6, STM32H563IGK6, STM32H563IGT6, STM32H563IIK3Q, STM32H563IIK6, STM32H563IIT3Q, STM32H563IIT6, STM32H563MIY3QTR, STM32H563RGT6, STM32H563RGV6, STM32H563RIT6, STM32H563RIV6, STM32H563VGT6, STM32H563VIT3Q, STM32H563VIT6, STM32H563ZGT6, STM32H563ZIT3Q, STM32H563ZIT6, STM32H573AII3Q, STM32H573AII6, STM32H573I-DK, STM32H573IIK3Q, STM32H573IIK6, STM32H573IIT3Q, STM32H573IIT6, STM32H573MIY3QTR, STM32H573RIT6, STM32H573RIV6, STM32H573VIT3Q, STM32H573VIT6, STM32H573ZIT3Q, STM32H573ZIT6, STM32H7R3A8I6, STM32H7R3I8K6, STM32H7R3I8T6, STM32H7R3L8H6, STM32H7R3L8H6H, STM32H7R3R8V6, STM32H7R3V8H6, STM32H7R3V8T6, STM32H7R3V8Y6TR, STM32H7R3Z8J6, STM32H7R3Z8T6, STM32H7R7A8I6, STM32H7R7I8K6, STM32H7R7I8T6, STM32H7R7L8H6, STM32H7R7L8H6H, STM32H7R7Z8J6, STM32H7S3A8I6, STM32H7S3I8K6, STM32H7S3I8T6, STM32H7S3L8H6, STM32H7S3L8H6H, STM32H7S3R8V6, STM32H7S3V8H6, STM32H7S3V8T6, STM32H7S3V8Y6TR, STM32H7S3Z8J6, STM32H7S3Z8T6, STM32H7S78-DK, STM32H7S7A8I6, STM32H7S7I8K6, STM32H7S7I8T6, STM32H7S7L8H6, STM32H7S7L8H6H, STM32H7S7Z8J6, STM32L4R5QGI6STR, STM32MP131AAE3, STM32MP131AAF3, STM32MP131AAG3, STM32MP131CAE3, STM32MP131CAF3, STM32MP131CAG3, STM32MP131DAE7, STM32MP131DAF7, STM32MP131DAG7, STM32MP131FAE7, STM32MP131FAF7, STM32MP131FAG7, STM32MP133AAE3, STM32MP133AAF3, STM32MP133AAG3, STM32MP133CAE3, STM32MP133CAF3, STM32MP133CAG3, STM32MP133DAE7, STM32MP133DAF7, STM32MP133DAG7, STM32MP133FAE7, STM32MP133FAF7, STM32MP133FAG7, STM32MP135AAE3, STM32MP135AAF3, STM32MP135AAG3, STM32MP135CAE3, STM32MP135CAF3, STM32MP135CAG3, STM32MP135DAE7, STM32MP135DAF7, STM32MP135DAG7, STM32MP135F-DK, STM32MP135FAE7, STM32MP135FAF7, STM32MP135FAF7T, STM32MP135FAF7U, STM32MP135FAG7, STM32MP231AAJ3, STM32MP231AAK3, STM32MP231AAL3, STM32MP231CAJ3, STM32MP231CAK3, STM32MP231CAL3, STM32MP231DAJ3, STM32MP231DAK3, STM32MP231DAL3, STM32MP231FAJ3, STM32MP231FAK3, STM32MP231FAL3, STM32MP233AAJ3, STM32MP233AAK3, STM32MP233AAL3, STM32MP233CAJ3, STM32MP233CAK3, STM32MP233CAL3, STM32MP233DAJ3, STM32MP233DAK3, STM32MP233DAL3, STM32MP233FAJ3, STM32MP233FAK3, STM32MP233FAL3, STM32MP235AAJ3, STM32MP235AAK3, STM32MP235AAL3, STM32MP235CAJ3, STM32MP235CAK3, STM32MP235CAL3, STM32MP235DAJ3, STM32MP235DAK3, STM32MP235DAL3, STM32MP235FAJ3, STM32MP235FAK3, STM32MP235FAL3, STM32MP251AAI3, STM32MP251AAJ3, STM32MP251AAK3, STM32MP251AAL3, STM32MP251CAI3, STM32MP251CAJ3, STM32MP251CAK3, STM32MP251CAL3, STM32MP251DAI3, STM32MP251DAJ3, STM32MP251DAK3, STM32MP251DAL3, STM32MP251FAI3, STM32MP251FAJ3, STM32MP251FAK3, STM32MP251FAL3, STM32MP253AAI3, STM32MP253AAJ3, STM32MP253AAK3, STM32MP253AAL3, STM32MP253CAI3, STM32MP253CAJ3, STM32MP253CAK3, STM32MP253CAL3, STM32MP253DAI3, STM32MP253DAJ3, STM32MP253DAK3, STM32MP253DAL3, STM32MP253FAI3, STM32MP253FAJ3, STM32MP253FAK3, STM32MP253FAL3, STM32MP255AAI3, STM32MP255AAJ3, STM32MP255AAK3, STM32MP255AAL3, STM32MP255CAI3, STM32MP255CAJ3, STM32MP255CAK3, STM32MP255CAL3, STM32MP255DAI3, STM32MP255DAJ3, STM32MP255DAK3, STM32MP255DAL3, STM32MP255FAI3, STM32MP255FAJ3, STM32MP255FAK3, STM32MP255FAL3, STM32MP257AAI3, STM32MP257AAJ3, STM32MP257AAK3, STM32MP257AAL3, STM32MP257CAI3, STM32MP257CAJ3, STM32MP257CAK3, STM32MP257CAL3, STM32MP257DAI3, STM32MP257DAJ3, STM32MP257DAK3, STM32MP257DAL3, STM32MP257F-DK, STM32MP257F-EV1, STM32MP257FAI3, STM32MP257FAJ3, STM32MP257FAK3, STM32MP257FAL3, STM32N645A0H3Q, STM32N645B0H3Q, STM32N645I0H3Q, STM32N645L0H3Q, STM32N645X0H3Q, STM32N645Z0H3Q, STM32N647A0H3Q, STM32N647B0H3Q, STM32N647I0H3Q, STM32N647L0H3Q, STM32N647X0H3Q, STM32N647Z0H3Q, STM32N655A0H3Q, STM32N655B0H3Q, STM32N655I0H3Q, STM32N655L0H3Q, STM32N655X0H3Q, STM32N655Z0H3Q, STM32N6570-DK, STM32N657A0H3Q, STM32N657B0H3Q, STM32N657I0H3Q, STM32N657L0H3Q, STM32N657X0H3Q, STM32N657Z0H3Q, STM32U031C6T6, STM32U031C6U6, STM32U031C8T6, STM32U031C8U6, STM32U031F4P6, STM32U031F6P6, STM32U031F8P6, STM32U031G6Y6TR, STM32U031G8Y6TR, STM32U031K4U6, STM32U031K6U6, STM32U031K8U6, STM32U031R6I6, STM32U031R6T6, STM32U031R8I6, STM32U031R8T6, STM32U073C8T6, STM32U073C8U6, STM32U073CBT6, STM32U073CBU6, STM32U073CCT6, STM32U073CCU6, STM32U073H8Y6TR, STM32U073HBY6TR, STM32U073HCY6TR, STM32U073K8U6, STM32U073KBU6, STM32U073KCU6, STM32U073M8I6, STM32U073M8T6, STM32U073MBI6, STM32U073MBT6, STM32U073MCI6, STM32U073MCT6, STM32U073R8I6, STM32U073R8T6, STM32U073RBI6, STM32U073RBT6, STM32U073RCI6, STM32U073RCT6, STM32U083C-DK, STM32U083CCT6, STM32U083CCU6, STM32U083HCY6TR, STM32U083KCU6, STM32U083MCI6, STM32U083MCT6, STM32U083RCI6, STM32U083RCT6, STM32U375CET6, STM32U375CET6Q, STM32U375CEU6, STM32U375CEU6Q, STM32U375CEY6QTR, STM32U375CGT6, STM32U375CGT6Q, STM32U375CGU6, STM32U375CGU6Q, STM32U375CGY6QTR, STM32U375KEU6, STM32U375KGU6, STM32U375REI6, STM32U375REI6Q, STM32U375RET6, STM32U375RET6Q, STM32U375REY6GTR, STM32U375REY6QTR, STM32U375RGI6, STM32U375RGI6Q, STM32U375RGT6, STM32U375RGT6Q, STM32U375RGY6GTR, STM32U375RGY6QTR, STM32U375VEI6, STM32U375VEI6Q, STM32U375VET6, STM32U375VET6Q, STM32U375VGI6, STM32U375VGI6Q, STM32U375VGT6, STM32U375VGT6Q, STM32U385CGT6, STM32U385CGT6Q, STM32U385CGU6, STM32U385CGU6Q, STM32U385CGY6QTR, STM32U385KGU6, STM32U385RGI6, STM32U385RGI6Q, STM32U385RGT6, STM32U385RGT6Q, STM32U385RGY6GTR, STM32U385RGY6QTR, STM32U385VGI6, STM32U385VGI6Q, STM32U385VGT6, STM32U385VGT6Q, STM32U535CBT6, STM32U535CBT6Q, STM32U535CBU6, STM32U535CBU6Q, STM32U535CCT6, STM32U535CCT6Q, STM32U535CCU6, STM32U535CCU6Q, STM32U535CET6, STM32U535CET6Q, STM32U535CEU6, STM32U535CEU6Q, STM32U535JEY6QTR, STM32U535NCY6QTR, STM32U535NEY6QTR, STM32U535RBI6, STM32U535RBI6Q, STM32U535RBT6, STM32U535RBT6Q, STM32U535RCI6, STM32U535RCI6Q, STM32U535RCT6, STM32U535RCT6Q, STM32U535REI6, STM32U535REI6Q, STM32U535RET6, STM32U535RET6Q, STM32U535VCI6, STM32U535VCI6Q, STM32U535VCT6, STM32U535VCT6Q, STM32U535VEI6, STM32U535VEI6Q, STM32U535VET6, STM32U535VET6Q, STM32U545CET6, STM32U545CET6Q, STM32U545CEU6, STM32U545CEU6Q, STM32U545JEY6QTR, STM32U545NEY6QTR, STM32U545REI6, STM32U545REI6Q, STM32U545RET6, STM32U545RET6Q, STM32U545VEI6, STM32U545VEI6Q, STM32U545VET6, STM32U545VET6Q, STM32U595AIH6, STM32U595AIH6Q, STM32U595AJH6, STM32U595AJH6Q, STM32U595QII6, STM32U595QII6Q, STM32U595QJI6, STM32U595QJI6Q, STM32U595RIT6, STM32U595RIT6Q, STM32U595RJT6, STM32U595RJT6Q, STM32U595VIT6, STM32U595VIT6Q, STM32U595VJT6, STM32U595VJT6Q, STM32U595ZIT6, STM32U595ZIT6Q, STM32U595ZIY6QTR, STM32U595ZJT6, STM32U595ZJT6Q, STM32U595ZJY6QTR, STM32U599BJY6QTR, STM32U599NIH6Q, STM32U599NJH6Q, STM32U599VIT6Q, STM32U599VJT6, STM32U599VJT6Q, STM32U599ZIT6Q, STM32U599ZIY6QTR, STM32U599ZJT6Q, STM32U599ZJY6QTR, STM32U5A5AJH6, STM32U5A5AJH6Q, STM32U5A5QII3Q , STM32U5A5QJI6, STM32U5A5QJI6Q, STM32U5A5RJT6, STM32U5A5RJT6Q, STM32U5A5VJT6, STM32U5A5VJT6Q, STM32U5A5ZJT6, STM32U5A5ZJT6Q, STM32U5A5ZJY6QTR, STM32U5A9BJY6QTR, STM32U5A9J-DK, STM32U5A9NJH6Q, STM32U5A9VJT6Q, STM32U5A9ZJT6Q, STM32U5A9ZJY6QTR, STM32U5F7VIT6, STM32U5F7VIT6Q, STM32U5F7VJT6, STM32U5F7VJT6Q, STM32U5F9BJY6QTR, STM32U5F9NJH6Q, STM32U5F9VIT6Q, STM32U5F9VJT6Q, STM32U5F9ZIJ6QTR, STM32U5F9ZIT6Q, STM32U5F9ZJJ6QTR, STM32U5F9ZJT6Q, STM32U5G7VJT6, STM32U5G7VJT6Q, STM32U5G9BJY6QTR, STM32U5G9J-DK1, STM32U5G9J-DK2, STM32U5G9NJH6Q, STM32U5G9VJT6Q, STM32U5G9ZJJ6QTR, STM32U5G9ZJT6Q, STM32WB05KZV6TR, STM32WB05KZV7TR, STM32WB05TZF6TR, STM32WB05TZF7TR, STM32WB06CCF6TR, STM32WB06CCF7TR, STM32WB06CCV6TR, STM32WB06CCV7TR, STM32WB06KCV6TR, STM32WB06KCV7TR, STM32WB07CCF6TR, STM32WB07CCF7TR, STM32WB07CCV6TR, STM32WB07CCV7TR, STM32WB07KCV6TR, STM32WB07KCV7TR, STM32WB09KEV6TR, STM32WB09KEV7TR, STM32WB09TEF6TR, STM32WB09TEF7TR, STM32WB1MMCH6, STM32WBA50KGU6, STM32WBA50KGU6TR, STM32WBA52CEU6, STM32WBA52CEU6TR, STM32WBA52CEU7, STM32WBA52CEU7TR, STM32WBA52CGU6, STM32WBA52CGU6TR, STM32WBA52CGU6U, STM32WBA52CGU7, STM32WBA52CGU7TR, STM32WBA52KEU6, STM32WBA52KEU6TR, STM32WBA52KGU6, STM32WBA52KGU6TR, STM32WBA54CEU6, STM32WBA54CEU6TR, STM32WBA54CEU7, STM32WBA54CEU7TR, STM32WBA54CGU6, STM32WBA54CGU6TR, STM32WBA54CGU7, STM32WBA54CGU7TR, STM32WBA54KEU6, STM32WBA54KEU6TR, STM32WBA54KEU7, STM32WBA54KEU7TR, STM32WBA54KGU6, STM32WBA54KGU6TR, STM32WBA54KGU7, STM32WBA54KGU7TR, STM32WBA55CEU6, STM32WBA55CEU6TR, STM32WBA55CEU7, STM32WBA55CEU7TR, STM32WBA55CGU6, STM32WBA55CGU6TR, STM32WBA55CGU6U, STM32WBA55CGU7, STM32WBA55CGU7TR, STM32WBA55G-DK1, STM32WBA55HEF6, STM32WBA55HEF7, STM32WBA55HGF6, STM32WBA55HGF7, STM32WBA55UEI6, STM32WBA55UEI6TR, STM32WBA55UEI7, STM32WBA55UEI7TR, STM32WBA55UGI6, STM32WBA55UGI6TR, STM32WBA55UGI7, STM32WBA55UGI7TR, STM32WBA5MJGH6TR, STM32WBA62CGU6, STM32WBA62CIU6, STM32WBA62MGF6, STM32WBA62MIF6, STM32WBA62PGI6, STM32WBA62PII6, STM32WBA63CGU6, STM32WBA63CGU7, STM32WBA63CIU6, STM32WBA63CIU7, STM32WBA64CGU6, STM32WBA64CGU7, STM32WBA64CIU6, STM32WBA64CIU7, STM32WBA65CGU6, STM32WBA65CGU7, STM32WBA65CIU6, STM32WBA65CIU7, STM32WBA65I-DK1, STM32WBA65MGF6, STM32WBA65MGF7, STM32WBA65MIF6, STM32WBA65MIF7, STM32WBA65PGI6, STM32WBA65PGI7, STM32WBA65PII6, STM32WBA65PII7, STM32WBA65RGV6, STM32WBA65RGV7, STM32WBA65RIV6, STM32WBA65RIV7, STM32WL30K8V6, STM32WL30KBV6, STM32WL31C8V6, STM32WL31CBV6, STM32WL31K8V6, STM32WL31KBV6, STM32WL33C8V6, STM32WL33C8V6TR, STM32WL33C8V7, STM32WL33C8V7TR, STM32WL33CBV6, STM32WL33CBV6TR, STM32WL33CBV7, STM32WL33CBV7TR, STM32WL33CCV6, STM32WL33CCV6TR, STM32WL33CCV7, STM32WL33CCV7A, STM32WL33CCV7ATR, STM32WL33CCV7TR, STM32WL33K8V6, STM32WL33K8V6TR, STM32WL33K8V7, STM32WL33K8V7TR, STM32WL33KBV6, STM32WL33KBV6TR, STM32WL33KBV7, STM32WL33KBV7TR, STM32WL33KCV6, STM32WL33KCV6TR, STM32WL33KCV7, STM32WL33KCV7TR, STM32WL5MOCH6, STM32WL5MOCH6TR]
2025-04-30 22:49:47,792 [INFO] DbMcus:218 - Found 4686 MCUs, 4686 are supported
2025-04-30 22:49:47,797 [INFO] ApiDb:423 - Load user favorites file C:\Users\Nghia/.stm32cubeide/favorites.mcus.txt: 0 item(s)
2025-04-30 22:49:47,798 [INFO] ApiDb:427 - User favorites MCUs=[]
2025-04-30 22:49:47,798 [INFO] DbMcus:224 - Set 0 / 0 favorites MCUs
2025-04-30 22:49:48,488 [INFO] ApiDb:423 - Load user favorites file C:\Users\Nghia/.stm32cubeide/favorites.boards.txt: 0 item(s)
2025-04-30 22:49:48,490 [INFO] ApiDb:427 - User favorites Boards=[]
2025-04-30 22:49:48,490 [INFO] DbBoards:198 - Set 0 / 0 favorites Boards
2025-04-30 22:49:48,583 [INFO] UtilMem:75 - End LoadConfig() Used Memory: 712681664 Bytes (1073741824)
2025-04-30 22:49:48,812 [WARN] ThirdParty:833 - waiting for thirdparty lock release [change project]
2025-04-30 22:49:48,812 [INFO] ThirdParty:835 - entering critical section [change project]
2025-04-30 22:49:48,812 [INFO] ThirdParty:1030 - CMSIS Pack Vendor :STMicroelectronics USBPD 4.1
2025-04-30 22:49:48,812 [INFO] ThirdParty:1030 - CMSIS Pack Vendor :STMicroelectronics X-CUBE-AZRTOS-H7 3.3.0
2025-04-30 22:49:48,812 [INFO] ThirdParty:1030 - CMSIS Pack Vendor :STMicroelectronics X-CUBE-NFC9 1.0.0
2025-04-30 22:49:48,812 [INFO] ThirdParty:1030 - CMSIS Pack Vendor :STMicroelectronics X-CUBE-GNSS1 6.0.0
2025-04-30 22:49:48,813 [INFO] ThirdParty:1030 - CMSIS Pack Vendor :STMicroelectronics USB_HOST 2.0.0
2025-04-30 22:49:48,813 [INFO] ThirdParty:1030 - CMSIS Pack Vendor :STMicroelectronics FP-SNS-MOTENVWB1 1.4.0
2025-04-30 22:49:48,813 [INFO] ThirdParty:1030 - CMSIS Pack Vendor :STMicroelectronics X-CUBE-AZRTOS-F4 1.1.0
2025-04-30 22:49:48,813 [INFO] ThirdParty:1030 - CMSIS Pack Vendor :STMicroelectronics LIBJPEG 8.0.0
2025-04-30 22:49:48,813 [INFO] ThirdParty:1030 - CMSIS Pack Vendor :STMicroelectronics FP-ATR-ASTRA1 2.0.2
2025-04-30 22:49:48,813 [INFO] ThirdParty:1030 - CMSIS Pack Vendor :STMicroelectronics X-CUBE-BLE1 7.1.0
2025-04-30 22:49:48,813 [INFO] ThirdParty:1030 - CMSIS Pack Vendor :Avnet-IotConnect X-CUBE-IoTC-DA16k-PMOD 1.0.0
2025-04-30 22:49:48,813 [INFO] ThirdParty:1030 - CMSIS Pack Vendor :STMicroelectronics X-CUBE-SMBUS 2.1.0
2025-04-30 22:49:48,813 [INFO] ThirdParty:1030 - CMSIS Pack Vendor :STMicroelectronics X-CUBE-WB05N 1.1.0
2025-04-30 22:49:48,813 [INFO] ThirdParty:1030 - CMSIS Pack Vendor :STMicroelectronics USB_DEVICE 3.0.0
2025-04-30 22:49:48,813 [INFO] ThirdParty:1030 - CMSIS Pack Vendor :STMicroelectronics X-CUBE-TCPP 4.1.0
2025-04-30 22:49:48,813 [INFO] ThirdParty:1030 - CMSIS Pack Vendor :STMicroelectronics X-CUBE-ISPU 2.1.0
2025-04-30 22:49:48,813 [INFO] ThirdParty:1030 - CMSIS Pack Vendor :STMicroelectronics X-CUBE-FREERTOS 1.2.0
2025-04-30 22:49:48,813 [INFO] ThirdParty:1030 - CMSIS Pack Vendor :STMicroelectronics X-CUBE-AZRTOS-WB 2.0.0
2025-04-30 22:49:48,813 [INFO] ThirdParty:1030 - CMSIS Pack Vendor :STMicroelectronics X-CUBE-GNSS1 7.0.1
2025-04-30 22:49:48,813 [INFO] ThirdParty:1030 - CMSIS Pack Vendor :STMicroelectronics X-CUBE-AZRTOS-F7 1.1.0
2025-04-30 22:49:48,814 [INFO] ThirdParty:1030 - CMSIS Pack Vendor :STMicroelectronics X-CUBE-AZRTOS-L5 2.0.0
2025-04-30 22:49:48,814 [INFO] ThirdParty:1030 - CMSIS Pack Vendor :STMicroelectronics X-CUBE-TOUCHGFX 4.25.0
2025-04-30 22:49:48,814 [INFO] ThirdParty:1030 - CMSIS Pack Vendor :STMicroelectronics USB_DEVICE 2.0.0
2025-04-30 22:49:48,814 [INFO] ThirdParty:1030 - CMSIS Pack Vendor :STMicroelectronics X-CUBE-NFC6 3.1.0
2025-04-30 22:49:48,814 [INFO] ThirdParty:1030 - CMSIS Pack Vendor :STMicroelectronics FP-SNS-STBOX1 2.0.0
2025-04-30 22:49:48,814 [INFO] ThirdParty:1030 - CMSIS Pack Vendor :STMicroelectronics X-CUBE-MEMS1 11.2.0
2025-04-30 22:49:48,814 [INFO] ThirdParty:1030 - CMSIS Pack Vendor :STMicroelectronics FreeRTOS 0.0.1
2025-04-30 22:49:48,814 [INFO] ThirdParty:1030 - CMSIS Pack Vendor :STMicroelectronics X-CUBE-AZRTOS-G0 1.1.0
2025-04-30 22:49:48,814 [INFO] ThirdParty:1030 - CMSIS Pack Vendor :STMicroelectronics X-CUBE-SAFEA1 1.2.2
2025-04-30 22:49:48,814 [INFO] ThirdParty:1030 - CMSIS Pack Vendor :STMicroelectronics X-CUBE-NFC4 3.0.0
2025-04-30 22:49:48,814 [INFO] ThirdParty:1030 - CMSIS Pack Vendor :STMicroelectronics X-CUBE-DPower 1.2.0
2025-04-30 22:49:48,814 [INFO] ThirdParty:1030 - CMSIS Pack Vendor :STMicroelectronics X-CUBE-SUBG2 5.0.0
2025-04-30 22:49:48,814 [INFO] ThirdParty:1030 - CMSIS Pack Vendor :STMicroelectronics X-CUBE-AZRTOS-H7RS 1.1.0
2025-04-30 22:49:48,814 [INFO] ThirdParty:1030 - CMSIS Pack Vendor :STMicroelectronics STM32_WPAN 1.0.0
2025-04-30 22:49:48,814 [INFO] ThirdParty:1030 - CMSIS Pack Vendor :EmbeddedOffice I-CUBE-FS-RTOS 1.0.1
2025-04-30 22:49:48,814 [INFO] ThirdParty:1030 - CMSIS Pack Vendor :STMicroelectronics lwIP 2.0.3
2025-04-30 22:49:48,815 [INFO] ThirdParty:1030 - CMSIS Pack Vendor :STMicroelectronics FP-SNS-FLIGHT1 5.0.2
2025-04-30 22:49:48,815 [INFO] ThirdParty:1030 - CMSIS Pack Vendor :Cesanta I-CUBE-Mongoose 7.13.0
2025-04-30 22:49:48,815 [INFO] ThirdParty:1030 - CMSIS Pack Vendor :STMicroelectronics USB_HOST 1.0.0
2025-04-30 22:49:48,815 [INFO] ThirdParty:1030 - CMSIS Pack Vendor :STMicroelectronics X-CUBE-AI 9.0.0
2025-04-30 22:49:48,815 [INFO] ThirdParty:1030 - CMSIS Pack Vendor :STMicroelectronics X-CUBE-AZRTOS-G4 2.0.0
2025-04-30 22:49:48,815 [INFO] ThirdParty:1030 - CMSIS Pack Vendor :STMicroelectronics X-CUBE-WB05N 2.0.0
2025-04-30 22:49:48,815 [INFO] ThirdParty:1030 - CMSIS Pack Vendor :STMicroelectronics PDM2PCM 3.1.0
2025-04-30 22:49:48,815 [INFO] ThirdParty:1030 - CMSIS Pack Vendor :STMicroelectronics PDM2PCM 3.3.0
2025-04-30 22:49:48,815 [INFO] ThirdParty:1030 - CMSIS Pack Vendor :STMicroelectronics X-CUBE-DISPLAY 3.0.0
2025-04-30 22:49:48,815 [INFO] ThirdParty:1030 - CMSIS Pack Vendor :STMicroelectronics X-CUBE-TCPP 4.2.0
2025-04-30 22:49:48,815 [INFO] ThirdParty:1030 - CMSIS Pack Vendor :RealThread X-CUBE-RT-Thread_Nano 4.1.1
2025-04-30 22:49:48,815 [INFO] ThirdParty:1030 - CMSIS Pack Vendor :STMicroelectronics X-CUBE-BLE1 7.0.0
2025-04-30 22:49:48,815 [INFO] ThirdParty:1030 - CMSIS Pack Vendor :STMicroelectronics FP-ATR-SIGFOX1 3.2.0
2025-04-30 22:49:48,815 [INFO] ThirdParty:1030 - CMSIS Pack Vendor :STMicroelectronics X-CUBE-NFC10 1.0.0
2025-04-30 22:49:48,815 [INFO] ThirdParty:1030 - CMSIS Pack Vendor :wolfSSL I-CUBE-wolfSSL 5.7.2
2025-04-30 22:49:48,816 [INFO] ThirdParty:1030 - CMSIS Pack Vendor :STMicroelectronics X-CUBE-ISPU 2.0.0
2025-04-30 22:49:48,816 [INFO] ThirdParty:1030 - CMSIS Pack Vendor :STMicroelectronics X-CUBE-BLEMGR 4.0.0
2025-04-30 22:49:48,816 [INFO] ThirdParty:1030 - CMSIS Pack Vendor :STMicroelectronics X-CUBE-EEPRMA1 5.1.0
2025-04-30 22:49:48,816 [INFO] ThirdParty:1030 - CMSIS Pack Vendor :STMicroelectronics HAL Drivers 0.0.0
2025-04-30 22:49:48,816 [INFO] ThirdParty:1030 - CMSIS Pack Vendor :STMicroelectronics MBEDTLS 2.16.2
2025-04-30 22:49:48,816 [INFO] ThirdParty:1030 - CMSIS Pack Vendor :STMicroelectronics X-CUBE-IPS 3.1.0
2025-04-30 22:49:48,816 [INFO] ThirdParty:1030 - CMSIS Pack Vendor :STMicroelectronics X-CUBE-ALS 1.0.2
2025-04-30 22:49:48,816 [INFO] ThirdParty:1030 - CMSIS Pack Vendor :emotas I-CUBE-CANOPEN 1.3.0
2025-04-30 22:49:48,816 [INFO] ThirdParty:1030 - CMSIS Pack Vendor :STMicroelectronics X-CUBE-FREERTOS 1.3.0
2025-04-30 22:49:48,816 [INFO] ThirdParty:1030 - CMSIS Pack Vendor :STMicroelectronics X-CUBE-MEMS1 10.0.0
2025-04-30 22:49:48,816 [INFO] ThirdParty:1030 - CMSIS Pack Vendor :STMicroelectronics X-CUBE-NFC7 1.0.1
2025-04-30 22:49:48,817 [INFO] ThirdParty:1030 - CMSIS Pack Vendor :STMicroelectronics MBEDTLS 2.14.1
2025-04-30 22:49:48,817 [INFO] ThirdParty:1030 - CMSIS Pack Vendor :STMicroelectronics X-CUBE-TOUCHGFX 4.24.0
2025-04-30 22:49:48,817 [INFO] ThirdParty:1030 - CMSIS Pack Vendor :ITTIA_DB I-CUBE-ITTIADB 8.9.0
2025-04-30 22:49:48,817 [INFO] ThirdParty:1030 - CMSIS Pack Vendor :wolfSSL I-CUBE-wolfTPM 3.2.0
2025-04-30 22:49:48,817 [INFO] ThirdParty:1030 - CMSIS Pack Vendor :portGmbH I-Cube-SoM-uGOAL 1.1.0
2025-04-30 22:49:48,817 [INFO] ThirdParty:1030 - CMSIS Pack Vendor :quantropi X-CUBE-qispace-sdk-base 2.0.0
2025-04-30 22:49:48,817 [INFO] ThirdParty:1030 - CMSIS Pack Vendor :STMicroelectronics X-CUBE-BLEMGR 3.1.0
2025-04-30 22:49:48,817 [INFO] ThirdParty:1030 - CMSIS Pack Vendor :STMicroelectronics X-CUBE-AI 10.0.0
2025-04-30 22:49:48,817 [INFO] ThirdParty:1030 - CMSIS Pack Vendor :STMicroelectronics ThreadX 1.0.0
2025-04-30 22:49:48,817 [INFO] ThirdParty:1030 - CMSIS Pack Vendor :STMicroelectronics FP-SNS-SMARTAG2 1.2.0
2025-04-30 22:49:48,817 [INFO] ThirdParty:1030 - CMSIS Pack Vendor :STMicroelectronics FP-SNS-FLIGHT1 5.1.0
2025-04-30 22:49:48,817 [INFO] ThirdParty:1030 - CMSIS Pack Vendor :STMicroelectronics X-CUBE-MEMS1 11.1.0
2025-04-30 22:49:48,817 [INFO] ThirdParty:1030 - CMSIS Pack Vendor :STMicroelectronics X-CUBE-AZRTOS-WL 2.0.0
2025-04-30 22:49:48,818 [INFO] ThirdParty:1030 - CMSIS Pack Vendor :SEGGER I-CUBE-embOS 1.3.1
2025-04-30 22:49:48,818 [INFO] ThirdParty:1030 - CMSIS Pack Vendor :STMicroelectronics X-CUBE-ALGOBUILD 1.4.0
2025-04-30 22:49:48,818 [INFO] ThirdParty:1030 - CMSIS Pack Vendor :STMicroelectronics X-CUBE-DPower 1.3.0
2025-04-30 22:49:48,818 [INFO] ThirdParty:1030 - CMSIS Pack Vendor :STMicroelectronics FP-SNS-MOTENV1 5.0.0
2025-04-30 22:49:48,818 [INFO] ThirdParty:1030 - CMSIS Pack Vendor :STMicroelectronics USB_DEVICE 1.0.0
2025-04-30 22:49:48,818 [INFO] ThirdParty:1030 - CMSIS Pack Vendor :STMicroelectronics X-CUBE-AZRTOS-H7RS 1.0.0
2025-04-30 22:49:48,819 [INFO] ThirdParty:1030 - CMSIS Pack Vendor :wolfSSL I-CUBE-wolfMQTT 1.19.0
2025-04-30 22:49:48,819 [INFO] ThirdParty:1030 - CMSIS Pack Vendor :STMicroelectronics X-CUBE-AZRTOS-L4 2.0.0
2025-04-30 22:49:48,819 [INFO] ThirdParty:1030 - CMSIS Pack Vendor :STMicroelectronics ThreadX 0.0.2
2025-04-30 22:49:48,819 [INFO] ThirdParty:1030 - CMSIS Pack Vendor :WES I-CUBE-Cesium 1.3.0
2025-04-30 22:49:48,819 [INFO] ThirdParty:1030 - CMSIS Pack Vendor :STMicroelectronics FP-ATR-ASTRA1 2.0.0
2025-04-30 22:49:48,819 [INFO] ThirdParty:1030 - CMSIS Pack Vendor :STMicroelectronics lwIP 2.1.2
2025-04-30 22:49:48,820 [INFO] ThirdParty:1030 - CMSIS Pack Vendor :STMicroelectronics X-CUBE-SFXS2LP1 4.0.0
2025-04-30 22:49:48,820 [INFO] ThirdParty:1030 - CMSIS Pack Vendor :STMicroelectronics X-CUBE-BLE2 3.3.0
2025-04-30 22:49:48,820 [INFO] ThirdParty:1030 - CMSIS Pack Vendor :STMicroelectronics X-CUBE-TOF1 3.4.2
2025-04-30 22:49:48,820 [INFO] ThirdParty:1030 - CMSIS Pack Vendor :STMicroelectronics X-CUBE-TOF1 3.4.3
2025-04-30 22:49:48,820 [INFO] ThirdParty:1030 - CMSIS Pack Vendor :STMicroelectronics X-CUBE-TOF1 3.4.1
2025-04-30 22:49:48,820 [INFO] ThirdParty:1030 - CMSIS Pack Vendor :STMicroelectronics X-CUBE-AZRTOS-H7 3.2.0
2025-04-30 22:49:48,820 [INFO] ThirdParty:1030 - CMSIS Pack Vendor :Infineon AIROC-Wi-Fi-Bluetooth-STM32 1.6.0
2025-04-30 22:49:48,820 [INFO] ThirdParty:1030 - CMSIS Pack Vendor :STMicroelectronics PDM2PCM 3.2.0
2025-04-30 22:49:48,821 [INFO] ThirdParty:1030 - CMSIS Pack Vendor :wolfSSL I-CUBE-wolfSSH 1.4.17
2025-04-30 22:49:48,821 [INFO] ThirdParty:841 - exiting critical section [change project]
2025-04-30 22:49:49,513 [INFO] PinOutPanel:1589 - setPackage(No Configuration,No Configuration)
2025-04-30 22:49:49,519 [INFO] PinOutPanel:1589 - setPackage(STM32F411VETx,LQFP100)
2025-04-30 22:49:50,191 [INFO] UtilMem:75 - Before build in PCC Used Memory: 877133824 Bytes (1073741824)
2025-04-30 22:49:51,478 [INFO] UtilMem:75 - After build in PCC Used Memory: 947004232 Bytes (1073741824)
2025-04-30 22:49:51,735 [INFO] ApiDbMcu:508 - Load IP Config File for USB_DEVICE
2025-04-30 22:49:51,778 [INFO] IPUIPlugin:80 - create IPUIPlugin
2025-04-30 22:49:51,778 [INFO] IPUIPlugin:80 - create IPUIPlugin
2025-04-30 22:49:51,778 [INFO] IPUIPlugin:80 - create IPUIPlugin
2025-04-30 22:49:51,779 [INFO] IPUIPlugin:80 - create IPUIPlugin
2025-04-30 22:49:51,779 [INFO] IPUIPlugin:80 - create IPUIPlugin
2025-04-30 22:49:51,779 [INFO] IPUIPlugin:80 - create IPUIPlugin
2025-04-30 22:49:51,780 [INFO] IPUIPlugin:80 - create IPUIPlugin
2025-04-30 22:49:51,780 [INFO] IPUIPlugin:80 - create IPUIPlugin
2025-04-30 22:49:51,780 [INFO] IPUIPlugin:80 - create IPUIPlugin
2025-04-30 22:49:51,780 [INFO] IPUIPlugin:80 - create IPUIPlugin
2025-04-30 22:49:51,780 [INFO] IPUIPlugin:80 - create IPUIPlugin
2025-04-30 22:49:51,780 [INFO] IPUIPlugin:80 - create IPUIPlugin
2025-04-30 22:49:51,780 [INFO] IPUIPlugin:80 - create IPUIPlugin
2025-04-30 22:49:51,781 [INFO] IPUIPlugin:80 - create IPUIPlugin
2025-04-30 22:49:51,781 [INFO] IPUIPlugin:80 - create IPUIPlugin
2025-04-30 22:49:51,781 [INFO] IPUIPlugin:80 - create IPUIPlugin
2025-04-30 22:49:51,781 [INFO] IPUIPlugin:80 - create IPUIPlugin
2025-04-30 22:49:51,782 [INFO] IPUIPlugin:80 - create IPUIPlugin
2025-04-30 22:49:51,782 [INFO] IPUIPlugin:80 - create IPUIPlugin
2025-04-30 22:49:51,782 [INFO] IPUIPlugin:80 - create IPUIPlugin
2025-04-30 22:49:51,782 [INFO] IPUIPlugin:80 - create IPUIPlugin
2025-04-30 22:49:51,783 [INFO] IPUIPlugin:80 - create IPUIPlugin
2025-04-30 22:49:51,783 [INFO] IPUIPlugin:80 - create IPUIPlugin
2025-04-30 22:49:51,783 [INFO] IPUIPlugin:80 - create IPUIPlugin
2025-04-30 22:49:51,784 [INFO] IPUIPlugin:80 - create IPUIPlugin
2025-04-30 22:49:51,784 [INFO] IPUIPlugin:80 - create IPUIPlugin
2025-04-30 22:49:51,784 [INFO] IPUIPlugin:80 - create IPUIPlugin
2025-04-30 22:49:51,784 [INFO] IPUIPlugin:80 - create IPUIPlugin
2025-04-30 22:49:51,785 [INFO] IPUIPlugin:80 - create IPUIPlugin
2025-04-30 22:49:51,785 [INFO] IPUIPlugin:80 - create IPUIPlugin
2025-04-30 22:49:51,786 [INFO] IPUIPlugin:80 - create IPUIPlugin
2025-04-30 22:49:51,786 [INFO] IPUIPlugin:80 - create IPUIPlugin
2025-04-30 22:49:51,787 [INFO] IPUIPlugin:80 - create IPUIPlugin
2025-04-30 22:49:51,787 [INFO] IPUIPlugin:80 - create IPUIPlugin
2025-04-30 22:49:51,787 [INFO] IPUIPlugin:80 - create IPUIPlugin
2025-04-30 22:49:51,788 [INFO] IPUIPlugin:80 - create IPUIPlugin
2025-04-30 22:49:51,788 [INFO] IPUIPlugin:80 - create IPUIPlugin
2025-04-30 22:49:51,788 [INFO] IPUIPlugin:80 - create IPUIPlugin
2025-04-30 22:49:51,789 [INFO] IPUIPlugin:80 - create IPUIPlugin
2025-04-30 22:49:51,790 [INFO] IPUIPlugin:80 - create IPUIPlugin
2025-04-30 22:49:51,791 [INFO] IPUIPlugin:80 - create IPUIPlugin
2025-04-30 22:49:51,791 [INFO] IPUIPlugin:80 - create IPUIPlugin
2025-04-30 22:49:51,792 [INFO] IPUIPlugin:80 - create IPUIPlugin
2025-04-30 22:49:51,829 [INFO] ApiDbMcu:508 - Load IP Config File for PDM2PCM
2025-04-30 22:49:52,195 [INFO] CADModel:165 - CPN selected for project levelSTM32F411VET6
2025-04-30 22:49:52,195 [INFO] CADModel:114 - Register for checkConnection events
2025-04-30 22:49:52,277 [INFO] OpenFileManager:385 - Restore cursor
2025-04-30 22:49:52,486 [WARN] IP:2250 - DEVICE_SERIAL0_DFU_FS not found: check if there is a RefParameter without a condition.
2025-04-30 22:49:52,486 [WARN] IP:2250 - DEVICE_SERIAL1_DFU_FS not found: check if there is a RefParameter without a condition.
2025-04-30 22:49:52,486 [WARN] IP:2250 - DEVICE_SERIAL2_DFU_FS not found: check if there is a RefParameter without a condition.
2025-04-30 22:49:52,488 [WARN] IP:2250 - DEVICE_SERIAL0_DFU_FS not found: check if there is a RefParameter without a condition.
2025-04-30 22:49:52,488 [WARN] IP:2250 - DEVICE_SERIAL1_DFU_FS not found: check if there is a RefParameter without a condition.
2025-04-30 22:49:52,488 [WARN] IP:2250 - DEVICE_SERIAL2_DFU_FS not found: check if there is a RefParameter without a condition.
2025-04-30 22:50:11,448 [WARN] IP:2250 - DEVICE_SERIAL0_DFU_FS not found: check if there is a RefParameter without a condition.
2025-04-30 22:50:11,448 [WARN] IP:2250 - DEVICE_SERIAL1_DFU_FS not found: check if there is a RefParameter without a condition.
2025-04-30 22:50:11,448 [WARN] IP:2250 - DEVICE_SERIAL2_DFU_FS not found: check if there is a RefParameter without a condition.
2025-04-30 22:50:13,608 [WARN] IP:2250 - DEVICE_SERIAL0_CDC_FS not found: check if there is a RefParameter without a condition.
2025-04-30 22:50:13,608 [WARN] IP:2250 - DEVICE_SERIAL1_CDC_FS not found: check if there is a RefParameter without a condition.
2025-04-30 22:50:13,608 [WARN] IP:2250 - DEVICE_SERIAL2_CDC_FS not found: check if there is a RefParameter without a condition.
2025-04-30 22:50:13,648 [WARN] IP:2250 - DEVICE_SERIAL0_CDC_FS not found: check if there is a RefParameter without a condition.
2025-04-30 22:50:13,648 [WARN] IP:2250 - DEVICE_SERIAL1_CDC_FS not found: check if there is a RefParameter without a condition.
2025-04-30 22:50:13,648 [WARN] IP:2250 - DEVICE_SERIAL2_CDC_FS not found: check if there is a RefParameter without a condition.
2025-04-30 22:50:13,650 [WARN] IP:2250 - DEVICE_SERIAL0_CDC_FS not found: check if there is a RefParameter without a condition.
2025-04-30 22:50:13,650 [WARN] IP:2250 - DEVICE_SERIAL1_CDC_FS not found: check if there is a RefParameter without a condition.
2025-04-30 22:50:13,650 [WARN] IP:2250 - DEVICE_SERIAL2_CDC_FS not found: check if there is a RefParameter without a condition.
2025-04-30 22:50:13,888 [WARN] IP:2250 - DEVICE_SERIAL0_CDC_FS not found: check if there is a RefParameter without a condition.
2025-04-30 22:50:13,888 [WARN] IP:2250 - DEVICE_SERIAL1_CDC_FS not found: check if there is a RefParameter without a condition.
2025-04-30 22:50:13,888 [WARN] IP:2250 - DEVICE_SERIAL2_CDC_FS not found: check if there is a RefParameter without a condition.
2025-04-30 22:50:13,890 [WARN] IP:2250 - DEVICE_SERIAL0_CDC_FS not found: check if there is a RefParameter without a condition.
2025-04-30 22:50:13,890 [WARN] IP:2250 - DEVICE_SERIAL1_CDC_FS not found: check if there is a RefParameter without a condition.
2025-04-30 22:50:13,890 [WARN] IP:2250 - DEVICE_SERIAL2_CDC_FS not found: check if there is a RefParameter without a condition.
2025-04-30 22:50:22,533 [INFO] UtilMem:75 - End SaveConfig() Used Memory: 863502336 Bytes (1073741824)
2025-04-30 22:50:24,028 [INFO] UtilMem:75 - End SaveConfig() Used Memory: 893616288 Bytes (1073741824)
2025-04-30 22:50:27,008 [INFO] UtilMem:75 - End SaveConfig() Used Memory: 967311360 Bytes (1073741824)
2025-04-30 22:50:28,067 [INFO] BlockDiagram:2775 - set Specific Code input for plugin: USB_OTG_FS
2025-04-30 22:50:28,068 [INFO] BlockDiagram:2775 - set Specific Code input for plugin: NVIC
2025-04-30 22:50:28,068 [INFO] BlockDiagram:2775 - set Specific Code input for plugin: USART
2025-04-30 22:50:28,068 [INFO] BlockDiagram:2775 - set Specific Code input for plugin: USB_DEVICE
2025-04-30 22:50:28,069 [INFO] BlockDiagram:2775 - set Specific Code input for plugin: SYS
2025-04-30 22:50:28,070 [INFO] BlockDiagram:2775 - set Specific Code input for plugin: GPIO
2025-04-30 22:50:28,071 [INFO] BlockDiagram:2775 - set Specific Code input for plugin: RCC
2025-04-30 22:50:28,075 [INFO] CodeGenerator:882 - code generatio: config db path: G:\stm32cubeide\Install\STM32CubeIDE_1.18.0\STM32CubeIDE\plugins\com.st.stm32cube.common.mx_6.14.0.202502271554\\db\
2025-04-30 22:50:28,114 [WARN] IP:2250 - DEVICE_SERIAL0_CDC_FS not found: check if there is a RefParameter without a condition.
2025-04-30 22:50:28,114 [WARN] IP:2250 - DEVICE_SERIAL1_CDC_FS not found: check if there is a RefParameter without a condition.
2025-04-30 22:50:28,114 [WARN] IP:2250 - DEVICE_SERIAL2_CDC_FS not found: check if there is a RefParameter without a condition.
2025-04-30 22:50:28,418 [INFO] CodeEngine:263 - oldGeneratedFile, G:\stm32cubeide\workspace\BootLoader\BOOTLOADER\MXTmpFiles\license.tmp_save
2025-04-30 22:50:29,055 [INFO] CodeEngine:287 - Generated code: G:\stm32cubeide\workspace\BootLoader\BOOTLOADER\MXTmpFiles\license.tmp
2025-04-30 22:50:29,269 [INFO] CodeEngine:263 - oldGeneratedFile, G:\stm32cubeide\workspace\BootLoader\BOOTLOADER\MXTmpFiles\gpio.tmp_save
2025-04-30 22:50:29,516 [INFO] CodeEngine:287 - Generated code: G:\stm32cubeide\workspace\BootLoader\BOOTLOADER\MXTmpFiles\gpio.tmp
2025-04-30 22:50:29,635 [WARN] IPConfigManager:3174 - Warning: the RefConfig PWREx_EnableUSBVoltageDetector is not available in your config.xml file
2025-04-30 22:50:29,665 [INFO] CodeEngine:263 - oldGeneratedFile, G:\stm32cubeide\workspace\BootLoader\BOOTLOADER\MXTmpFiles\usb_otg_fs_vars.tmp_save
2025-04-30 22:50:29,837 [INFO] CodeEngine:287 - Generated code: G:\stm32cubeide\workspace\BootLoader\BOOTLOADER\MXTmpFiles\usb_otg_fs_vars.tmp
2025-04-30 22:50:29,853 [INFO] CodeEngine:263 - oldGeneratedFile, G:\stm32cubeide\workspace\BootLoader\BOOTLOADER\MXTmpFiles\usb_otg_fs_inc.tmp_save
2025-04-30 22:50:29,971 [INFO] CodeEngine:287 - Generated code: G:\stm32cubeide\workspace\BootLoader\BOOTLOADER\MXTmpFiles\usb_otg_fs_inc.tmp
2025-04-30 22:50:30,004 [INFO] CodeEngine:263 - oldGeneratedFile, G:\stm32cubeide\workspace\BootLoader\BOOTLOADER\MXTmpFiles\usb_otg_fs_HalInit.tmp_save
2025-04-30 22:50:30,183 [INFO] CodeEngine:287 - Generated code: G:\stm32cubeide\workspace\BootLoader\BOOTLOADER\MXTmpFiles\usb_otg_fs_HalInit.tmp
2025-04-30 22:50:30,210 [INFO] CodeEngine:263 - oldGeneratedFile, G:\stm32cubeide\workspace\BootLoader\BOOTLOADER\MXTmpFiles\usb_otg_fs_Msp.tmp_save
2025-04-30 22:50:30,368 [INFO] CodeEngine:287 - Generated code: G:\stm32cubeide\workspace\BootLoader\BOOTLOADER\MXTmpFiles\usb_otg_fs_Msp.tmp
2025-04-30 22:50:30,573 [INFO] Middleware:1452 - No code input for Bsp Dependency
2025-04-30 22:50:30,646 [INFO] Middleware:1452 - No code input for Bsp Dependency
2025-04-30 22:50:30,699 [INFO] CodeEngine:263 - oldGeneratedFile, G:\stm32cubeide\workspace\BootLoader\BOOTLOADER\USB_DEVICE\App\usb_device.c_save
2025-04-30 22:50:30,881 [INFO] CodeEngine:287 - Generated code: G:\stm32cubeide\workspace\BootLoader\BOOTLOADER\USB_DEVICE\App\usb_device.c
2025-04-30 22:50:30,917 [INFO] CodeEngine:263 - oldGeneratedFile, G:\stm32cubeide\workspace\BootLoader\BOOTLOADER\USB_DEVICE\App\usb_device.h_save
2025-04-30 22:50:31,043 [INFO] CodeEngine:287 - Generated code: G:\stm32cubeide\workspace\BootLoader\BOOTLOADER\USB_DEVICE\App\usb_device.h
2025-04-30 22:50:31,075 [INFO] CodeEngine:263 - oldGeneratedFile, G:\stm32cubeide\workspace\BootLoader\BOOTLOADER\USB_DEVICE\Target\usbd_conf.h_save
2025-04-30 22:50:31,215 [INFO] CodeEngine:287 - Generated code: G:\stm32cubeide\workspace\BootLoader\BOOTLOADER\USB_DEVICE\Target\usbd_conf.h
2025-04-30 22:50:31,243 [INFO] CodeEngine:263 - oldGeneratedFile, G:\stm32cubeide\workspace\BootLoader\BOOTLOADER\USB_DEVICE\Target\usbd_conf.c_save
2025-04-30 22:50:31,396 [INFO] CodeEngine:287 - Generated code: G:\stm32cubeide\workspace\BootLoader\BOOTLOADER\USB_DEVICE\Target\usbd_conf.c
2025-04-30 22:50:31,448 [INFO] CodeEngine:263 - oldGeneratedFile, G:\stm32cubeide\workspace\BootLoader\BOOTLOADER\USB_DEVICE\App\usbd_desc.h_save
2025-04-30 22:50:31,574 [INFO] CodeEngine:287 - Generated code: G:\stm32cubeide\workspace\BootLoader\BOOTLOADER\USB_DEVICE\App\usbd_desc.h
2025-04-30 22:50:31,603 [INFO] CodeEngine:263 - oldGeneratedFile, G:\stm32cubeide\workspace\BootLoader\BOOTLOADER\USB_DEVICE\App\usbd_desc.c_save
2025-04-30 22:50:31,743 [INFO] CodeEngine:287 - Generated code: G:\stm32cubeide\workspace\BootLoader\BOOTLOADER\USB_DEVICE\App\usbd_desc.c
2025-04-30 22:50:31,766 [INFO] CodeEngine:263 - oldGeneratedFile, G:\stm32cubeide\workspace\BootLoader\BOOTLOADER\USB_DEVICE\App\usbd_cdc_if.h_save
2025-04-30 22:50:31,863 [INFO] CodeEngine:287 - Generated code: G:\stm32cubeide\workspace\BootLoader\BOOTLOADER\USB_DEVICE\App\usbd_cdc_if.h
2025-04-30 22:50:31,878 [INFO] CodeEngine:263 - oldGeneratedFile, G:\stm32cubeide\workspace\BootLoader\BOOTLOADER\USB_DEVICE\App\usbd_cdc_if.c_save
2025-04-30 22:50:31,994 [INFO] CodeEngine:287 - Generated code: G:\stm32cubeide\workspace\BootLoader\BOOTLOADER\USB_DEVICE\App\usbd_cdc_if.c
2025-04-30 22:50:32,042 [INFO] CodeEngine:263 - oldGeneratedFile, G:\stm32cubeide\workspace\BootLoader\BOOTLOADER\Core\Src\stm32f4xx_it.c_save
2025-04-30 22:50:32,188 [INFO] CodeEngine:287 - Generated code: G:\stm32cubeide\workspace\BootLoader\BOOTLOADER\Core\Src\stm32f4xx_it.c
2025-04-30 22:50:32,214 [INFO] CodeEngine:263 - oldGeneratedFile, G:\stm32cubeide\workspace\BootLoader\BOOTLOADER\Core\Inc\stm32f4xx_it.h_save
2025-04-30 22:50:32,322 [INFO] CodeEngine:287 - Generated code: G:\stm32cubeide\workspace\BootLoader\BOOTLOADER\Core\Inc\stm32f4xx_it.h
2025-04-30 22:50:32,376 [INFO] CodeEngine:263 - oldGeneratedFile, G:\stm32cubeide\workspace\BootLoader\BOOTLOADER\Core\Src\stm32f4xx_hal_msp.c_save
2025-04-30 22:50:32,529 [INFO] CodeEngine:287 - Generated code: G:\stm32cubeide\workspace\BootLoader\BOOTLOADER\Core\Src\stm32f4xx_hal_msp.c
2025-04-30 22:50:32,548 [INFO] CodeEngine:263 - oldGeneratedFile, G:\stm32cubeide\workspace\BootLoader\BOOTLOADER\MXTmpFiles\system.tmp_save
2025-04-30 22:50:32,622 [INFO] CodeEngine:287 - Generated code: G:\stm32cubeide\workspace\BootLoader\BOOTLOADER\MXTmpFiles\system.tmp
2025-04-30 22:50:32,670 [INFO] CodeEngine:319 - oldGeneratedFile, G:\stm32cubeide\workspace\BootLoader\BOOTLOADER\Core\Inc\stm32f4xx_hal_conf.h_save
2025-04-30 22:50:32,810 [INFO] CodeEngine:343 - Generated code: G:\stm32cubeide\workspace\BootLoader\BOOTLOADER\Core\Inc\stm32f4xx_hal_conf.h
2025-04-30 22:50:32,861 [INFO] ApiDbMcu:508 - Load IP Config File for USART2
2025-04-30 22:50:32,866 [INFO] ApiDbMcu:508 - Load IP Config File for RCC
2025-04-30 22:50:32,914 [INFO] CodeEngine:263 - oldGeneratedFile, G:\stm32cubeide\workspace\BootLoader\BOOTLOADER\Core\Inc\main.h_save
2025-04-30 22:50:33,062 [INFO] CodeEngine:287 - Generated code: G:\stm32cubeide\workspace\BootLoader\BOOTLOADER\Core\Inc\main.h
2025-04-30 22:50:33,102 [INFO] CodeEngine:263 - oldGeneratedFile, G:\stm32cubeide\workspace\BootLoader\BOOTLOADER\Core\Src\main.c_save
2025-04-30 22:50:33,293 [INFO] CodeEngine:287 - Generated code: G:\stm32cubeide\workspace\BootLoader\BOOTLOADER\Core\Src\main.c
2025-04-30 22:50:33,998 [INFO] ProjectBuilder:3324 - Time for Copy HAL[1] : 361mS.
2025-04-30 22:50:34,012 [INFO] ProjectBuilder:4912 - Project Generator version: 4.6.0-B36
2025-04-30 22:50:34,145 [INFO] ConfigFileManager:1590 - The Die is : DIE431
2025-04-30 22:50:34,169 [INFO] ApiDbMcu:508 - Load IP Config File for FATFS
2025-04-30 22:50:34,188 [INFO] ApiDbMcu:508 - Load IP Config File for FREERTOS
2025-04-30 22:50:34,203 [INFO] ApiDbMcu:508 - Load IP Config File for LIBJPEG
2025-04-30 22:50:34,220 [INFO] ApiDbMcu:508 - Load IP Config File for MBEDTLS
2025-04-30 22:50:34,237 [INFO] ApiDbMcu:508 - Load IP Config File for USB_HOST
2025-04-30 22:50:35,965 [INFO] LogOutputStream:77 - [STDOUT_REDIRECT] 
2025-04-30 22:50:40,733 [INFO] ProjectBuilder:5191 - Time for Generating toolchain IDE Files: 6721mS.
2025-04-30 22:50:40,734 [INFO] ProjectBuilder:3181 - Time for Copy CMSIS : 0mS.
2025-04-30 22:50:40,740 [INFO] ProjectBuilder:3181 - Time for Copy CMSIS : 0mS.
2025-04-30 23:37:37,899 [INFO] MainUpdater:2872 - connection check result : 10
2025-04-30 23:37:38,278 [INFO] McuFinderGlobals:76 - Set McuFinderConnectedMode to true
2025-04-30 23:37:38,303 [INFO] MultiScanPanel:200 - Auto-refresh data requested => check proxy status ongoing
2025-04-30 23:37:38,313 [INFO] FinderPluginLoader:95 - Searching for filters in installed packs
2025-04-30 23:37:40,160 [INFO] LoadUrlFilesThread:185 - End of LoadServerUrlFiles without Thread
2025-04-30 23:37:40,220 [INFO] DetailPanel:341 - Set advertising image to C:/Users/Nghia/STM32Cube/Repository/\en.prom-stm32u3-mcu-finder.jpg
2025-04-30 23:38:03,791 [INFO] MainUpdater:2872 - connection check result : 10
2025-04-30 23:38:03,791 [INFO] MainUpdater:2872 - connection check result : 10
2025-04-30 23:38:03,928 [INFO] MicroXplorer:468 - Change Database Path : 
2025-04-30 23:38:03,929 [INFO] MicroXplorer:498 - Change Database Version : DB.6.0.140
2025-04-30 23:38:03,963 [ERROR] ProjectManagerView:394 - 
java.lang.NullPointerException: Cannot invoke "javax.swing.JTextField.getText()" because the return value of "java.util.List.get(int)" is null
	at com.st.microxplorer.plugins.projectmanager.gui.ProjectChoiceTab$9.caretUpdate(ProjectChoiceTab.java:2678) ~[filemanager.jar:?]
	at javax.swing.text.JTextComponent.fireCaretUpdate(JTextComponent.java:408) ~[?:?]
	at javax.swing.text.JTextComponent$MutableCaretEvent.fire(JTextComponent.java:4484) ~[?:?]
	at javax.swing.text.JTextComponent$MutableCaretEvent.stateChanged(JTextComponent.java:4506) ~[?:?]
	at javax.swing.text.DefaultCaret.fireStateChanged(DefaultCaret.java:857) ~[?:?]
	at javax.swing.text.DefaultCaret.changeCaretPosition(DefaultCaret.java:1343) ~[?:?]
	at javax.swing.text.DefaultCaret.handleSetDot(DefaultCaret.java:1242) ~[?:?]
	at javax.swing.text.DefaultCaret.setDot(DefaultCaret.java:1223) ~[?:?]
	at javax.swing.text.DefaultCaret$Handler.insertUpdate(DefaultCaret.java:1819) ~[?:?]
	at javax.swing.text.AbstractDocument.fireInsertUpdate(AbstractDocument.java:227) ~[?:?]
	at javax.swing.text.AbstractDocument.handleInsertString(AbstractDocument.java:781) ~[?:?]
	at javax.swing.text.AbstractDocument.insertString(AbstractDocument.java:740) ~[?:?]
	at javax.swing.text.PlainDocument.insertString(PlainDocument.java:131) ~[?:?]
	at javax.swing.text.AbstractDocument.replace(AbstractDocument.java:699) ~[?:?]
	at javax.swing.text.JTextComponent.setText(JTextComponent.java:1725) ~[?:?]
	at com.st.microxplorer.plugins.projectmanager.gui.ProjectChoiceTab.createHeapStackFields(ProjectChoiceTab.java:979) ~[filemanager.jar:?]
	at com.st.microxplorer.plugins.projectmanager.gui.ProjectChoiceTab.buildLinkSettingsPanel(ProjectChoiceTab.java:3766) ~[filemanager.jar:?]
	at com.st.microxplorer.plugins.projectmanager.gui.ProjectChoiceTab.defineWindowsFields(ProjectChoiceTab.java:1962) ~[filemanager.jar:?]
	at com.st.microxplorer.plugins.projectmanager.gui.ProjectChoiceTab.updateSettings(ProjectChoiceTab.java:555) ~[filemanager.jar:?]
	at com.st.microxplorer.plugins.projectmanager.gui.ProjectSettingsPanel.UpdateDialog(ProjectSettingsPanel.java:245) ~[filemanager.jar:?]
	at com.st.microxplorer.plugins.projectmanager.ProjectManagerView.propertyChange(ProjectManagerView.java:391) ~[filemanager.jar:?]
	at java.beans.PropertyChangeSupport.fire(PropertyChangeSupport.java:343) ~[?:?]
	at java.beans.PropertyChangeSupport.firePropertyChange(PropertyChangeSupport.java:335) ~[?:?]
	at java.beans.PropertyChangeSupport.firePropertyChange(PropertyChangeSupport.java:268) ~[?:?]
	at com.st.microxplorer.util.MXPropertyChangeSupport.firePropertyChange(MXPropertyChangeSupport.java:54) ~[STM32CubeMX.jar:?]
	at com.st.microxplorer.mxsystem.MxSystem.closeConfig(MxSystem.java:899) ~[STM32CubeMX.jar:?]
	at com.st.microxplorer.maingui.MainPanel.closeConfig(MainPanel.java:789) ~[STM32CubeMX.jar:?]
	at com.st.microxplorer.plugins.filemanager.engine.OpenFileManager.loadConfigurationFile(OpenFileManager.java:287) ~[filemanager.jar:?]
	at com.st.microxplorer.plugins.filemanager.engine.MainFileManager.userLoadConfig(MainFileManager.java:341) ~[filemanager.jar:?]
	at com.st.microxplorer.plugins.filemanager.engine.MainFileManager.userLoadConfig(MainFileManager.java:319) ~[filemanager.jar:?]
	at com.st.microxplorer.plugins.filemanager.FileManagerView.getSpecificTask(FileManagerView.java:246) ~[filemanager.jar:?]
	at com.st.stm32cube.common.mx.editor.CubeMxEditor.getMxTabbedPaneInstance(CubeMxEditor.java:1198) ~[com.st.stm32cube.common.mx_6.14.0.202502271554/:?]
	at com.st.stm32cube.common.mx.editor.CubeMxEditor$12$1.createSwingComponent(CubeMxEditor.java:1068) ~[com.st.stm32cube.common.mx_6.14.0.202502271554/:?]
	at com.st.stm32cube.common.mx.oss.core.awtswtbridge.EmbeddedSwingComposite.doComponentCreation(EmbeddedSwingComposite.java:492) ~[com.st.stm32cube.common.mx.oss_6.14.0.202502271554/:?]
	at com.st.stm32cube.common.mx.oss.core.awtswtbridge.EmbeddedSwingComposite$4.run(EmbeddedSwingComposite.java:291) ~[com.st.stm32cube.common.mx.oss_6.14.0.202502271554/:?]
	at com.st.stm32cube.common.mx.oss.core.awtswtbridge.AwtEnvironment$2.run(AwtEnvironment.java:166) ~[com.st.stm32cube.common.mx.oss_6.14.0.202502271554/:?]
	at java.awt.event.InvocationEvent.dispatch(InvocationEvent.java:318) ~[?:?]
	at java.awt.EventQueue.dispatchEventImpl(EventQueue.java:773) ~[?:?]
	at java.awt.EventQueue$4.run(EventQueue.java:720) ~[?:?]
	at java.awt.EventQueue$4.run(EventQueue.java:714) ~[?:?]
	at java.security.AccessController.doPrivileged(AccessController.java:400) ~[?:?]
	at java.security.ProtectionDomain$JavaSecurityAccessImpl.doIntersectionPrivilege(ProtectionDomain.java:87) ~[?:?]
	at java.awt.EventQueue.dispatchEvent(EventQueue.java:742) ~[?:?]
	at java.awt.EventDispatchThread.pumpOneEventForFilters(EventDispatchThread.java:203) ~[?:?]
	at java.awt.EventDispatchThread.pumpEventsForFilter(EventDispatchThread.java:124) ~[?:?]
	at java.awt.EventDispatchThread.pumpEventsForHierarchy(EventDispatchThread.java:113) ~[?:?]
	at java.awt.EventDispatchThread.pumpEvents(EventDispatchThread.java:109) ~[?:?]
	at java.awt.EventDispatchThread.pumpEvents(EventDispatchThread.java:101) ~[?:?]
	at java.awt.EventDispatchThread.run(EventDispatchThread.java:90) ~[?:?]
2025-04-30 23:38:03,974 [WARN] ThirdParty:871 - waiting for thirdparty lock release [close project]
2025-04-30 23:38:03,974 [INFO] ThirdParty:873 - entering critical section [close project]
2025-04-30 23:38:03,975 [INFO] ThirdParty:883 - exiting critical section [close project]
2025-04-30 23:38:03,979 [INFO] PinOutPanel:1589 - setPackage(No Configuration,No Configuration)
2025-04-30 23:38:03,996 [WARN] IpParametersView:155 - Warning: This peripheral hasn't parameters
2025-04-30 23:38:04,007 [WARN] MainPanel:289 - <html><b><center>Warning: This peripheral has no parameters to be configured<br></b></html>
2025-04-30 23:38:04,020 [INFO] UtilMem:75 - Begin LoadConfig() Used Memory: 877007224 Bytes (1073741824)
2025-04-30 23:38:04,021 [INFO] MicroXplorer:468 - Change Database Path : 
2025-04-30 23:38:04,022 [INFO] MicroXplorer:498 - Change Database Version : DB.6.0.140
2025-04-30 23:38:04,023 [INFO] OpenFileManager:354 - Change cursor
2025-04-30 23:38:04,081 [INFO] RulesReader:64 - Compatibility file has been processed (301 Rules)
2025-04-30 23:38:04,111 [INFO] Mcu:2011 - Initializing MCU STM32F411VETx STM32F411VETx STM32F411VET6
2025-04-30 23:38:05,420 [INFO] Context:756 - Trying to add GPIOservice into a context  which must be forbidden
2025-04-30 23:38:05,919 [INFO] ImportTextPane:218 - (OptionalMessage_ERROR) Unable to find key (Mcu.ThirdPartyNb) in loaded IOC file
2025-04-30 23:38:05,919 [INFO] ImportTextPane:218 - (OptionalMessage_ERROR) Unable to find key (Mcu.PinsNb) in loaded IOC file
2025-04-30 23:38:05,920 [INFO] ImportTextPane:218 - (OptionalMessage_ERROR) Pin0 (VP_RIF_VS_RIF1) cannot be retrieved for this MCU
2025-04-30 23:38:05,921 [INFO] ImportTextPane:218 - (OptionalMessage_ERROR) Unable to find key (Mcu.IPNb) in loaded IOC file
2025-04-30 23:38:06,159 [INFO] RtosManager:558 - Registered RTOS mode: class=CMSIS, group=RTOS, mode=CMSIS_V1, owner=FREERTOS
2025-04-30 23:38:06,159 [INFO] RtosManager:558 - Registered RTOS mode: class=CMSIS, group=RTOS2, mode=CMSIS_V2, owner=FREERTOS
2025-04-30 23:38:06,159 [INFO] RtosManager:558 - Registered RTOS mode: class=RTOS, group=Core, mode=CMSIS_V1, owner=FREERTOS
2025-04-30 23:38:06,159 [INFO] RtosManager:558 - Registered RTOS mode: class=RTOS, group=Core, mode=CMSIS_V2, owner=FREERTOS
2025-04-30 23:38:06,160 [WARN] ModelIntegratedComponent:184 - Missing modes for component STMicroelectronics:FreeRTOS:0.0.1:STMicroelectronics:RTOS:FreeRTOS:Core:::10.2.0:
2025-04-30 23:38:06,172 [WARN] ModelIntegratedComponent:182 - Modes not found for component STMicroelectronics:USB_HOST:1.0.0:STMicroelectronics:USB::USB Host:Audio HS::1.0:USB_HOST_1_0_RESTRICTED_HS
2025-04-30 23:38:06,173 [WARN] ModelIntegratedComponent:188 - Modes not found for component STMicroelectronics:USB_HOST:1.0.0:STMicroelectronics:USB::USB Host:Audio HS::1.0:USB_HOST_1_0_RESTRICTED_HS
2025-04-30 23:38:06,173 [WARN] ModelIntegratedComponent:182 - Modes not found for component STMicroelectronics:USB_HOST:1.0.0:STMicroelectronics:USB::USB Host:CDC HS::1.0:USB_HOST_1_0_RESTRICTED_HS
2025-04-30 23:38:06,173 [WARN] ModelIntegratedComponent:188 - Modes not found for component STMicroelectronics:USB_HOST:1.0.0:STMicroelectronics:USB::USB Host:CDC HS::1.0:USB_HOST_1_0_RESTRICTED_HS
2025-04-30 23:38:06,173 [WARN] ModelIntegratedComponent:182 - Modes not found for component STMicroelectronics:USB_HOST:1.0.0:STMicroelectronics:USB::USB Host:MSC HS::1.0:USB_HOST_1_0_RESTRICTED_HS
2025-04-30 23:38:06,173 [WARN] ModelIntegratedComponent:188 - Modes not found for component STMicroelectronics:USB_HOST:1.0.0:STMicroelectronics:USB::USB Host:MSC HS::1.0:USB_HOST_1_0_RESTRICTED_HS
2025-04-30 23:38:06,173 [WARN] ModelIntegratedComponent:182 - Modes not found for component STMicroelectronics:USB_HOST:1.0.0:STMicroelectronics:USB::USB Host:HID HS::1.0:USB_HOST_1_0_RESTRICTED_HS
2025-04-30 23:38:06,173 [WARN] ModelIntegratedComponent:188 - Modes not found for component STMicroelectronics:USB_HOST:1.0.0:STMicroelectronics:USB::USB Host:HID HS::1.0:USB_HOST_1_0_RESTRICTED_HS
2025-04-30 23:38:06,173 [WARN] ModelIntegratedComponent:182 - Modes not found for component STMicroelectronics:USB_HOST:1.0.0:STMicroelectronics:USB::USB Host:MTP HS::1.0:USB_HOST_1_0_RESTRICTED_HS
2025-04-30 23:38:06,173 [WARN] ModelIntegratedComponent:188 - Modes not found for component STMicroelectronics:USB_HOST:1.0.0:STMicroelectronics:USB::USB Host:MTP HS::1.0:USB_HOST_1_0_RESTRICTED_HS
2025-04-30 23:38:06,182 [WARN] ModelIntegratedComponent:63 - No mode defined for component null
2025-04-30 23:38:06,182 [WARN] ModelIntegratedComponent:63 - No mode defined for component null
2025-04-30 23:38:06,182 [WARN] ModelIntegratedComponent:63 - No mode defined for component null
2025-04-30 23:38:06,182 [WARN] ModelIntegratedComponent:63 - No mode defined for component null
2025-04-30 23:38:06,182 [WARN] ModelIntegratedComponent:63 - No mode defined for component null
2025-04-30 23:38:06,182 [WARN] ModelIntegratedComponent:63 - No mode defined for component null
2025-04-30 23:38:06,182 [WARN] ModelIntegratedComponent:63 - No mode defined for component null
2025-04-30 23:38:06,182 [WARN] ModelIntegratedComponent:63 - No mode defined for component null
2025-04-30 23:38:06,182 [WARN] ModelIntegratedComponent:63 - No mode defined for component null
2025-04-30 23:38:06,183 [WARN] ModelIntegratedComponent:63 - No mode defined for component null
2025-04-30 23:38:06,183 [WARN] ModelIntegratedComponent:63 - No mode defined for component null
2025-04-30 23:38:06,183 [WARN] ModelIntegratedComponent:63 - No mode defined for component null
2025-04-30 23:38:06,184 [WARN] ModelIntegratedComponent:63 - No mode defined for component null
2025-04-30 23:38:06,184 [WARN] ModelIntegratedComponent:63 - No mode defined for component null
2025-04-30 23:38:06,184 [WARN] ModelIntegratedComponent:63 - No mode defined for component null
2025-04-30 23:38:06,185 [WARN] ModelIntegratedComponent:63 - No mode defined for component null
2025-04-30 23:38:06,185 [WARN] ModelIntegratedComponent:63 - No mode defined for component null
2025-04-30 23:38:06,185 [WARN] ModelIntegratedComponent:63 - No mode defined for component null
2025-04-30 23:38:06,185 [WARN] ModelIntegratedComponent:63 - No mode defined for component null
2025-04-30 23:38:06,185 [WARN] ModelIntegratedComponent:63 - No mode defined for component null
2025-04-30 23:38:06,185 [WARN] ModelIntegratedComponent:63 - No mode defined for component null
2025-04-30 23:38:06,185 [WARN] ModelIntegratedComponent:63 - No mode defined for component null
2025-04-30 23:38:06,185 [WARN] ModelIntegratedComponent:63 - No mode defined for component null
2025-04-30 23:38:06,185 [WARN] ModelIntegratedComponent:63 - No mode defined for component null
2025-04-30 23:38:06,186 [WARN] ModelIntegratedComponent:63 - No mode defined for component null
2025-04-30 23:38:06,186 [WARN] ModelIntegratedComponent:63 - No mode defined for component null
2025-04-30 23:38:06,186 [WARN] ModelIntegratedComponent:63 - No mode defined for component null
2025-04-30 23:38:06,186 [WARN] ModelIntegratedComponent:63 - No mode defined for component null
2025-04-30 23:38:06,186 [WARN] ModelIntegratedComponent:63 - No mode defined for component null
2025-04-30 23:38:06,186 [WARN] ModelIntegratedComponent:63 - No mode defined for component null
2025-04-30 23:38:06,186 [WARN] ModelIntegratedComponent:63 - No mode defined for component null
2025-04-30 23:38:06,186 [WARN] ModelIntegratedComponent:63 - No mode defined for component null
2025-04-30 23:38:06,186 [WARN] ModelIntegratedComponent:63 - No mode defined for component null
2025-04-30 23:38:06,186 [WARN] ModelIntegratedComponent:63 - No mode defined for component null
2025-04-30 23:38:06,187 [WARN] ModelIntegratedComponent:63 - No mode defined for component null
2025-04-30 23:38:06,187 [WARN] ModelPack:524 - Component already loaded: STMicroelectronics:HAL Drivers:0.0.0:STMicroelectronics:Device:STMicro_Driver:XSPI:HAL::0.0.1:HAL_XSPI
2025-04-30 23:38:06,461 [WARN] ModelIntegratedComponent:182 - Modes not found for component STMicroelectronics:USB_DEVICE:1.0.0:STMicroelectronics:USB::USB Device:Audio HS::1.0:USB_DEVICE_1_0_RESTRICTED_HS
2025-04-30 23:38:06,462 [WARN] ModelIntegratedComponent:188 - Modes not found for component STMicroelectronics:USB_DEVICE:1.0.0:STMicroelectronics:USB::USB Device:Audio HS::1.0:USB_DEVICE_1_0_RESTRICTED_HS
2025-04-30 23:38:06,462 [WARN] ModelIntegratedComponent:182 - Modes not found for component STMicroelectronics:USB_DEVICE:1.0.0:STMicroelectronics:USB::USB Device:CDC HS::1.0:USB_DEVICE_1_0_RESTRICTED_HS
2025-04-30 23:38:06,462 [WARN] ModelIntegratedComponent:188 - Modes not found for component STMicroelectronics:USB_DEVICE:1.0.0:STMicroelectronics:USB::USB Device:CDC HS::1.0:USB_DEVICE_1_0_RESTRICTED_HS
2025-04-30 23:38:06,462 [WARN] ModelIntegratedComponent:182 - Modes not found for component STMicroelectronics:USB_DEVICE:1.0.0:STMicroelectronics:USB::USB Device:DFU HS::1.0:USB_DEVICE_1_0_RESTRICTED_HS
2025-04-30 23:38:06,462 [WARN] ModelIntegratedComponent:188 - Modes not found for component STMicroelectronics:USB_DEVICE:1.0.0:STMicroelectronics:USB::USB Device:DFU HS::1.0:USB_DEVICE_1_0_RESTRICTED_HS
2025-04-30 23:38:06,462 [WARN] ModelIntegratedComponent:182 - Modes not found for component STMicroelectronics:USB_DEVICE:1.0.0:STMicroelectronics:USB::USB Device:HID HS::1.0:USB_DEVICE_1_0_RESTRICTED_HS
2025-04-30 23:38:06,462 [WARN] ModelIntegratedComponent:188 - Modes not found for component STMicroelectronics:USB_DEVICE:1.0.0:STMicroelectronics:USB::USB Device:HID HS::1.0:USB_DEVICE_1_0_RESTRICTED_HS
2025-04-30 23:38:06,463 [WARN] ModelIntegratedComponent:182 - Modes not found for component STMicroelectronics:USB_DEVICE:1.0.0:STMicroelectronics:USB::USB Device:Custom HID HS::1.0:USB_DEVICE_1_0_RESTRICTED_HS
2025-04-30 23:38:06,463 [WARN] ModelIntegratedComponent:188 - Modes not found for component STMicroelectronics:USB_DEVICE:1.0.0:STMicroelectronics:USB::USB Device:Custom HID HS::1.0:USB_DEVICE_1_0_RESTRICTED_HS
2025-04-30 23:38:06,463 [WARN] ModelIntegratedComponent:182 - Modes not found for component STMicroelectronics:USB_DEVICE:1.0.0:STMicroelectronics:USB::USB Device:MSC HS::1.0:USB_DEVICE_1_0_RESTRICTED_HS
2025-04-30 23:38:06,463 [WARN] ModelIntegratedComponent:188 - Modes not found for component STMicroelectronics:USB_DEVICE:1.0.0:STMicroelectronics:USB::USB Device:MSC HS::1.0:USB_DEVICE_1_0_RESTRICTED_HS
2025-04-30 23:38:06,490 [INFO] ThirdPartyModel:298 - Start build external matchings
2025-04-30 23:38:08,799 [INFO] ThirdPartyModel:316 - End build external matchings
2025-04-30 23:38:09,146 [INFO] UtilMem:75 - End LoadConfig() Used Memory: 900096328 Bytes (1073741824)
2025-04-30 23:38:09,194 [WARN] ThirdParty:833 - waiting for thirdparty lock release [change project]
2025-04-30 23:38:09,195 [INFO] ThirdParty:835 - entering critical section [change project]
2025-04-30 23:38:09,195 [INFO] ThirdParty:1030 - CMSIS Pack Vendor :STMicroelectronics USBPD 4.1
2025-04-30 23:38:09,195 [INFO] ThirdParty:1030 - CMSIS Pack Vendor :STMicroelectronics X-CUBE-AZRTOS-H7 3.3.0
2025-04-30 23:38:09,195 [INFO] ThirdParty:1030 - CMSIS Pack Vendor :STMicroelectronics X-CUBE-NFC9 1.0.0
2025-04-30 23:38:09,195 [INFO] ThirdParty:1030 - CMSIS Pack Vendor :STMicroelectronics X-CUBE-GNSS1 6.0.0
2025-04-30 23:38:09,195 [INFO] ThirdParty:1030 - CMSIS Pack Vendor :STMicroelectronics USB_HOST 2.0.0
2025-04-30 23:38:09,195 [INFO] ThirdParty:1030 - CMSIS Pack Vendor :STMicroelectronics FP-SNS-MOTENVWB1 1.4.0
2025-04-30 23:38:09,195 [INFO] ThirdParty:1030 - CMSIS Pack Vendor :STMicroelectronics X-CUBE-AZRTOS-F4 1.1.0
2025-04-30 23:38:09,195 [INFO] ThirdParty:1030 - CMSIS Pack Vendor :STMicroelectronics LIBJPEG 8.0.0
2025-04-30 23:38:09,195 [INFO] ThirdParty:1030 - CMSIS Pack Vendor :STMicroelectronics FP-ATR-ASTRA1 2.0.2
2025-04-30 23:38:09,195 [INFO] ThirdParty:1030 - CMSIS Pack Vendor :STMicroelectronics X-CUBE-BLE1 7.1.0
2025-04-30 23:38:09,196 [INFO] ThirdParty:1030 - CMSIS Pack Vendor :Avnet-IotConnect X-CUBE-IoTC-DA16k-PMOD 1.0.0
2025-04-30 23:38:09,196 [INFO] ThirdParty:1030 - CMSIS Pack Vendor :STMicroelectronics X-CUBE-SMBUS 2.1.0
2025-04-30 23:38:09,196 [INFO] ThirdParty:1030 - CMSIS Pack Vendor :STMicroelectronics X-CUBE-WB05N 1.1.0
2025-04-30 23:38:09,196 [INFO] ThirdParty:1030 - CMSIS Pack Vendor :STMicroelectronics USB_DEVICE 3.0.0
2025-04-30 23:38:09,196 [INFO] ThirdParty:1030 - CMSIS Pack Vendor :STMicroelectronics X-CUBE-TCPP 4.1.0
2025-04-30 23:38:09,197 [INFO] ThirdParty:1030 - CMSIS Pack Vendor :STMicroelectronics X-CUBE-ISPU 2.1.0
2025-04-30 23:38:09,197 [INFO] ThirdParty:1030 - CMSIS Pack Vendor :STMicroelectronics X-CUBE-FREERTOS 1.2.0
2025-04-30 23:38:09,197 [INFO] ThirdParty:1030 - CMSIS Pack Vendor :STMicroelectronics X-CUBE-AZRTOS-WB 2.0.0
2025-04-30 23:38:09,197 [INFO] ThirdParty:1030 - CMSIS Pack Vendor :STMicroelectronics X-CUBE-GNSS1 7.0.1
2025-04-30 23:38:09,197 [INFO] ThirdParty:1030 - CMSIS Pack Vendor :STMicroelectronics X-CUBE-AZRTOS-F7 1.1.0
2025-04-30 23:38:09,198 [INFO] ThirdParty:1030 - CMSIS Pack Vendor :STMicroelectronics X-CUBE-AZRTOS-L5 2.0.0
2025-04-30 23:38:09,198 [INFO] ThirdParty:1030 - CMSIS Pack Vendor :STMicroelectronics X-CUBE-TOUCHGFX 4.25.0
2025-04-30 23:38:09,198 [INFO] ThirdParty:1030 - CMSIS Pack Vendor :STMicroelectronics USB_DEVICE 2.0.0
2025-04-30 23:38:09,198 [INFO] ThirdParty:1030 - CMSIS Pack Vendor :STMicroelectronics X-CUBE-NFC6 3.1.0
2025-04-30 23:38:09,198 [INFO] ThirdParty:1030 - CMSIS Pack Vendor :STMicroelectronics FP-SNS-STBOX1 2.0.0
2025-04-30 23:38:09,198 [INFO] ThirdParty:1030 - CMSIS Pack Vendor :STMicroelectronics X-CUBE-MEMS1 11.2.0
2025-04-30 23:38:09,198 [INFO] ThirdParty:1030 - CMSIS Pack Vendor :STMicroelectronics FreeRTOS 0.0.1
2025-04-30 23:38:09,198 [INFO] ThirdParty:1030 - CMSIS Pack Vendor :STMicroelectronics X-CUBE-AZRTOS-G0 1.1.0
2025-04-30 23:38:09,198 [INFO] ThirdParty:1030 - CMSIS Pack Vendor :STMicroelectronics X-CUBE-SAFEA1 1.2.2
2025-04-30 23:38:09,198 [INFO] ThirdParty:1030 - CMSIS Pack Vendor :STMicroelectronics X-CUBE-NFC4 3.0.0
2025-04-30 23:38:09,198 [INFO] ThirdParty:1030 - CMSIS Pack Vendor :STMicroelectronics X-CUBE-DPower 1.2.0
2025-04-30 23:38:09,199 [INFO] ThirdParty:1030 - CMSIS Pack Vendor :STMicroelectronics X-CUBE-SUBG2 5.0.0
2025-04-30 23:38:09,199 [INFO] ThirdParty:1030 - CMSIS Pack Vendor :STMicroelectronics X-CUBE-AZRTOS-H7RS 1.1.0
2025-04-30 23:38:09,199 [INFO] ThirdParty:1030 - CMSIS Pack Vendor :STMicroelectronics STM32_WPAN 1.0.0
2025-04-30 23:38:09,200 [INFO] ThirdParty:1030 - CMSIS Pack Vendor :EmbeddedOffice I-CUBE-FS-RTOS 1.0.1
2025-04-30 23:38:09,200 [INFO] ThirdParty:1030 - CMSIS Pack Vendor :STMicroelectronics lwIP 2.0.3
2025-04-30 23:38:09,200 [INFO] ThirdParty:1030 - CMSIS Pack Vendor :STMicroelectronics FP-SNS-FLIGHT1 5.0.2
2025-04-30 23:38:09,200 [INFO] ThirdParty:1030 - CMSIS Pack Vendor :Cesanta I-CUBE-Mongoose 7.13.0
2025-04-30 23:38:09,200 [INFO] ThirdParty:1030 - CMSIS Pack Vendor :STMicroelectronics USB_HOST 1.0.0
2025-04-30 23:38:09,200 [INFO] ThirdParty:1030 - CMSIS Pack Vendor :STMicroelectronics X-CUBE-AI 9.0.0
2025-04-30 23:38:09,200 [INFO] ThirdParty:1030 - CMSIS Pack Vendor :STMicroelectronics X-CUBE-AZRTOS-G4 2.0.0
2025-04-30 23:38:09,200 [INFO] ThirdParty:1030 - CMSIS Pack Vendor :STMicroelectronics X-CUBE-WB05N 2.0.0
2025-04-30 23:38:09,200 [INFO] ThirdParty:1030 - CMSIS Pack Vendor :STMicroelectronics PDM2PCM 3.1.0
2025-04-30 23:38:09,200 [INFO] ThirdParty:1030 - CMSIS Pack Vendor :STMicroelectronics PDM2PCM 3.3.0
2025-04-30 23:38:09,200 [INFO] ThirdParty:1030 - CMSIS Pack Vendor :STMicroelectronics X-CUBE-DISPLAY 3.0.0
2025-04-30 23:38:09,200 [INFO] ThirdParty:1030 - CMSIS Pack Vendor :STMicroelectronics X-CUBE-TCPP 4.2.0
2025-04-30 23:38:09,200 [INFO] ThirdParty:1030 - CMSIS Pack Vendor :RealThread X-CUBE-RT-Thread_Nano 4.1.1
2025-04-30 23:38:09,201 [INFO] ThirdParty:1030 - CMSIS Pack Vendor :STMicroelectronics X-CUBE-BLE1 7.0.0
2025-04-30 23:38:09,201 [INFO] ThirdParty:1030 - CMSIS Pack Vendor :STMicroelectronics FP-ATR-SIGFOX1 3.2.0
2025-04-30 23:38:09,201 [INFO] ThirdParty:1030 - CMSIS Pack Vendor :STMicroelectronics X-CUBE-NFC10 1.0.0
2025-04-30 23:38:09,201 [INFO] ThirdParty:1030 - CMSIS Pack Vendor :wolfSSL I-CUBE-wolfSSL 5.7.2
2025-04-30 23:38:09,201 [INFO] ThirdParty:1030 - CMSIS Pack Vendor :STMicroelectronics X-CUBE-ISPU 2.0.0
2025-04-30 23:38:09,201 [INFO] ThirdParty:1030 - CMSIS Pack Vendor :STMicroelectronics X-CUBE-BLEMGR 4.0.0
2025-04-30 23:38:09,201 [INFO] ThirdParty:1030 - CMSIS Pack Vendor :STMicroelectronics X-CUBE-EEPRMA1 5.1.0
2025-04-30 23:38:09,201 [INFO] ThirdParty:1030 - CMSIS Pack Vendor :STMicroelectronics HAL Drivers 0.0.0
2025-04-30 23:38:09,201 [INFO] ThirdParty:1030 - CMSIS Pack Vendor :STMicroelectronics MBEDTLS 2.16.2
2025-04-30 23:38:09,201 [INFO] ThirdParty:1030 - CMSIS Pack Vendor :STMicroelectronics X-CUBE-IPS 3.1.0
2025-04-30 23:38:09,202 [INFO] ThirdParty:1030 - CMSIS Pack Vendor :STMicroelectronics X-CUBE-ALS 1.0.2
2025-04-30 23:38:09,202 [INFO] ThirdParty:1030 - CMSIS Pack Vendor :emotas I-CUBE-CANOPEN 1.3.0
2025-04-30 23:38:09,202 [INFO] ThirdParty:1030 - CMSIS Pack Vendor :STMicroelectronics X-CUBE-FREERTOS 1.3.0
2025-04-30 23:38:09,202 [INFO] ThirdParty:1030 - CMSIS Pack Vendor :STMicroelectronics X-CUBE-MEMS1 10.0.0
2025-04-30 23:38:09,202 [INFO] ThirdParty:1030 - CMSIS Pack Vendor :STMicroelectronics X-CUBE-NFC7 1.0.1
2025-04-30 23:38:09,202 [INFO] ThirdParty:1030 - CMSIS Pack Vendor :STMicroelectronics MBEDTLS 2.14.1
2025-04-30 23:38:09,202 [INFO] ThirdParty:1030 - CMSIS Pack Vendor :STMicroelectronics X-CUBE-TOUCHGFX 4.24.0
2025-04-30 23:38:09,202 [INFO] ThirdParty:1030 - CMSIS Pack Vendor :ITTIA_DB I-CUBE-ITTIADB 8.9.0
2025-04-30 23:38:09,202 [INFO] ThirdParty:1030 - CMSIS Pack Vendor :wolfSSL I-CUBE-wolfTPM 3.2.0
2025-04-30 23:38:09,202 [INFO] ThirdParty:1030 - CMSIS Pack Vendor :portGmbH I-Cube-SoM-uGOAL 1.1.0
2025-04-30 23:38:09,202 [INFO] ThirdParty:1030 - CMSIS Pack Vendor :quantropi X-CUBE-qispace-sdk-base 2.0.0
2025-04-30 23:38:09,202 [INFO] ThirdParty:1030 - CMSIS Pack Vendor :STMicroelectronics X-CUBE-BLEMGR 3.1.0
2025-04-30 23:38:09,202 [INFO] ThirdParty:1030 - CMSIS Pack Vendor :STMicroelectronics X-CUBE-AI 10.0.0
2025-04-30 23:38:09,202 [INFO] ThirdParty:1030 - CMSIS Pack Vendor :STMicroelectronics ThreadX 1.0.0
2025-04-30 23:38:09,202 [INFO] ThirdParty:1030 - CMSIS Pack Vendor :STMicroelectronics FP-SNS-SMARTAG2 1.2.0
2025-04-30 23:38:09,202 [INFO] ThirdParty:1030 - CMSIS Pack Vendor :STMicroelectronics FP-SNS-FLIGHT1 5.1.0
2025-04-30 23:38:09,202 [INFO] ThirdParty:1030 - CMSIS Pack Vendor :STMicroelectronics X-CUBE-MEMS1 11.1.0
2025-04-30 23:38:09,203 [INFO] ThirdParty:1030 - CMSIS Pack Vendor :STMicroelectronics X-CUBE-AZRTOS-WL 2.0.0
2025-04-30 23:38:09,203 [INFO] ThirdParty:1030 - CMSIS Pack Vendor :SEGGER I-CUBE-embOS 1.3.1
2025-04-30 23:38:09,203 [INFO] ThirdParty:1030 - CMSIS Pack Vendor :STMicroelectronics X-CUBE-ALGOBUILD 1.4.0
2025-04-30 23:38:09,203 [INFO] ThirdParty:1030 - CMSIS Pack Vendor :STMicroelectronics X-CUBE-DPower 1.3.0
2025-04-30 23:38:09,203 [INFO] ThirdParty:1030 - CMSIS Pack Vendor :STMicroelectronics FP-SNS-MOTENV1 5.0.0
2025-04-30 23:38:09,203 [INFO] ThirdParty:1030 - CMSIS Pack Vendor :STMicroelectronics USB_DEVICE 1.0.0
2025-04-30 23:38:09,203 [INFO] ThirdParty:1030 - CMSIS Pack Vendor :STMicroelectronics X-CUBE-AZRTOS-H7RS 1.0.0
2025-04-30 23:38:09,203 [INFO] ThirdParty:1030 - CMSIS Pack Vendor :wolfSSL I-CUBE-wolfMQTT 1.19.0
2025-04-30 23:38:09,203 [INFO] ThirdParty:1030 - CMSIS Pack Vendor :STMicroelectronics X-CUBE-AZRTOS-L4 2.0.0
2025-04-30 23:38:09,203 [INFO] ThirdParty:1030 - CMSIS Pack Vendor :STMicroelectronics ThreadX 0.0.2
2025-04-30 23:38:09,203 [INFO] ThirdParty:1030 - CMSIS Pack Vendor :WES I-CUBE-Cesium 1.3.0
2025-04-30 23:38:09,204 [INFO] ThirdParty:1030 - CMSIS Pack Vendor :STMicroelectronics FP-ATR-ASTRA1 2.0.0
2025-04-30 23:38:09,204 [INFO] ThirdParty:1030 - CMSIS Pack Vendor :STMicroelectronics lwIP 2.1.2
2025-04-30 23:38:09,204 [INFO] ThirdParty:1030 - CMSIS Pack Vendor :STMicroelectronics X-CUBE-SFXS2LP1 4.0.0
2025-04-30 23:38:09,204 [INFO] ThirdParty:1030 - CMSIS Pack Vendor :STMicroelectronics X-CUBE-BLE2 3.3.0
2025-04-30 23:38:09,204 [INFO] ThirdParty:1030 - CMSIS Pack Vendor :STMicroelectronics X-CUBE-TOF1 3.4.2
2025-04-30 23:38:09,204 [INFO] ThirdParty:1030 - CMSIS Pack Vendor :STMicroelectronics X-CUBE-TOF1 3.4.3
2025-04-30 23:38:09,204 [INFO] ThirdParty:1030 - CMSIS Pack Vendor :STMicroelectronics X-CUBE-TOF1 3.4.1
2025-04-30 23:38:09,204 [INFO] ThirdParty:1030 - CMSIS Pack Vendor :STMicroelectronics X-CUBE-AZRTOS-H7 3.2.0
2025-04-30 23:38:09,208 [INFO] ThirdParty:1030 - CMSIS Pack Vendor :Infineon AIROC-Wi-Fi-Bluetooth-STM32 1.6.0
2025-04-30 23:38:09,208 [INFO] ThirdParty:1030 - CMSIS Pack Vendor :STMicroelectronics PDM2PCM 3.2.0
2025-04-30 23:38:09,208 [INFO] ThirdParty:1030 - CMSIS Pack Vendor :wolfSSL I-CUBE-wolfSSH 1.4.17
2025-04-30 23:38:09,209 [INFO] ThirdParty:841 - exiting critical section [change project]
2025-04-30 23:38:09,567 [INFO] PinOutPanel:1589 - setPackage(No Configuration,No Configuration)
2025-04-30 23:38:09,569 [INFO] PinOutPanel:1589 - setPackage(STM32F411VETx,LQFP100)
2025-04-30 23:38:09,882 [INFO] UtilMem:75 - Before build in PCC Used Memory: 727140040 Bytes (1073741824)
2025-04-30 23:38:10,178 [INFO] UtilMem:75 - After build in PCC Used Memory: 772755144 Bytes (1073741824)
2025-04-30 23:38:10,204 [INFO] IPUIPlugin:80 - create IPUIPlugin
2025-04-30 23:38:10,205 [INFO] IPUIPlugin:80 - create IPUIPlugin
2025-04-30 23:38:10,205 [INFO] IPUIPlugin:80 - create IPUIPlugin
2025-04-30 23:38:10,205 [INFO] IPUIPlugin:80 - create IPUIPlugin
2025-04-30 23:38:10,205 [INFO] IPUIPlugin:80 - create IPUIPlugin
2025-04-30 23:38:10,205 [INFO] IPUIPlugin:80 - create IPUIPlugin
2025-04-30 23:38:10,206 [INFO] IPUIPlugin:80 - create IPUIPlugin
2025-04-30 23:38:10,206 [INFO] IPUIPlugin:80 - create IPUIPlugin
2025-04-30 23:38:10,206 [INFO] IPUIPlugin:80 - create IPUIPlugin
2025-04-30 23:38:10,206 [INFO] IPUIPlugin:80 - create IPUIPlugin
2025-04-30 23:38:10,206 [INFO] IPUIPlugin:80 - create IPUIPlugin
2025-04-30 23:38:10,206 [INFO] IPUIPlugin:80 - create IPUIPlugin
2025-04-30 23:38:10,206 [INFO] IPUIPlugin:80 - create IPUIPlugin
2025-04-30 23:38:10,206 [INFO] IPUIPlugin:80 - create IPUIPlugin
2025-04-30 23:38:10,206 [INFO] IPUIPlugin:80 - create IPUIPlugin
2025-04-30 23:38:10,207 [INFO] IPUIPlugin:80 - create IPUIPlugin
2025-04-30 23:38:10,207 [INFO] IPUIPlugin:80 - create IPUIPlugin
2025-04-30 23:38:10,207 [INFO] IPUIPlugin:80 - create IPUIPlugin
2025-04-30 23:38:10,207 [INFO] IPUIPlugin:80 - create IPUIPlugin
2025-04-30 23:38:10,207 [INFO] IPUIPlugin:80 - create IPUIPlugin
2025-04-30 23:38:10,207 [INFO] IPUIPlugin:80 - create IPUIPlugin
2025-04-30 23:38:10,208 [INFO] IPUIPlugin:80 - create IPUIPlugin
2025-04-30 23:38:10,208 [INFO] IPUIPlugin:80 - create IPUIPlugin
2025-04-30 23:38:10,208 [INFO] IPUIPlugin:80 - create IPUIPlugin
2025-04-30 23:38:10,208 [INFO] IPUIPlugin:80 - create IPUIPlugin
2025-04-30 23:38:10,209 [INFO] IPUIPlugin:80 - create IPUIPlugin
2025-04-30 23:38:10,209 [INFO] IPUIPlugin:80 - create IPUIPlugin
2025-04-30 23:38:10,209 [INFO] IPUIPlugin:80 - create IPUIPlugin
2025-04-30 23:38:10,209 [INFO] IPUIPlugin:80 - create IPUIPlugin
2025-04-30 23:38:10,209 [INFO] IPUIPlugin:80 - create IPUIPlugin
2025-04-30 23:38:10,210 [INFO] IPUIPlugin:80 - create IPUIPlugin
2025-04-30 23:38:10,210 [INFO] IPUIPlugin:80 - create IPUIPlugin
2025-04-30 23:38:10,210 [INFO] IPUIPlugin:80 - create IPUIPlugin
2025-04-30 23:38:10,210 [INFO] IPUIPlugin:80 - create IPUIPlugin
2025-04-30 23:38:10,211 [INFO] IPUIPlugin:80 - create IPUIPlugin
2025-04-30 23:38:10,211 [INFO] IPUIPlugin:80 - create IPUIPlugin
2025-04-30 23:38:10,212 [INFO] IPUIPlugin:80 - create IPUIPlugin
2025-04-30 23:38:10,212 [INFO] IPUIPlugin:80 - create IPUIPlugin
2025-04-30 23:38:10,212 [INFO] IPUIPlugin:80 - create IPUIPlugin
2025-04-30 23:38:10,213 [INFO] IPUIPlugin:80 - create IPUIPlugin
2025-04-30 23:38:10,213 [INFO] IPUIPlugin:80 - create IPUIPlugin
2025-04-30 23:38:10,213 [INFO] IPUIPlugin:80 - create IPUIPlugin
2025-04-30 23:38:10,213 [INFO] IPUIPlugin:80 - create IPUIPlugin
2025-04-30 23:38:10,216 [INFO] ApiDbMcu:508 - Load IP Config File for PDM2PCM
2025-04-30 23:38:10,259 [INFO] CADModel:165 - CPN selected for project levelSTM32F411VET6
2025-04-30 23:38:10,259 [INFO] CADModel:114 - Register for checkConnection events
2025-04-30 23:38:10,321 [INFO] OpenFileManager:385 - Restore cursor
2025-04-30 23:38:10,758 [INFO] UtilMem:75 - End SaveConfig() Used Memory: 851398344 Bytes (1073741824)
2025-04-30 23:38:10,845 [INFO] UtilMem:75 - End SaveConfig() Used Memory: 869243240 Bytes (1073741824)
2025-04-30 23:38:11,057 [INFO] BlockDiagram:2775 - set Specific Code input for plugin: NVIC
2025-04-30 23:38:11,057 [INFO] BlockDiagram:2775 - set Specific Code input for plugin: RCC
2025-04-30 23:38:11,059 [INFO] CodeGenerator:882 - code generatio: config db path: G:\stm32cubeide\Install\STM32CubeIDE_1.18.0\STM32CubeIDE\plugins\com.st.stm32cube.common.mx_6.14.0.202502271554\\db\
2025-04-30 23:38:11,163 [INFO] CodeEngine:263 - oldGeneratedFile, G:\stm32cubeide\workspace\BootLoader\APPLICATION\MXTmpFiles\license.tmp_save
2025-04-30 23:38:11,401 [INFO] CodeEngine:287 - Generated code: G:\stm32cubeide\workspace\BootLoader\APPLICATION\MXTmpFiles\license.tmp
2025-04-30 23:38:11,422 [INFO] CodeEngine:263 - oldGeneratedFile, G:\stm32cubeide\workspace\BootLoader\APPLICATION\Core\Src\stm32f4xx_it.c_save
2025-04-30 23:38:11,805 [INFO] CodeEngine:287 - Generated code: G:\stm32cubeide\workspace\BootLoader\APPLICATION\Core\Src\stm32f4xx_it.c
2025-04-30 23:38:11,811 [INFO] CodeEngine:263 - oldGeneratedFile, G:\stm32cubeide\workspace\BootLoader\APPLICATION\Core\Inc\stm32f4xx_it.h_save
2025-04-30 23:38:11,926 [INFO] CodeEngine:287 - Generated code: G:\stm32cubeide\workspace\BootLoader\APPLICATION\Core\Inc\stm32f4xx_it.h
2025-04-30 23:38:11,966 [INFO] CodeEngine:263 - oldGeneratedFile, G:\stm32cubeide\workspace\BootLoader\APPLICATION\Core\Src\stm32f4xx_hal_msp.c_save
2025-04-30 23:38:12,148 [INFO] CodeEngine:287 - Generated code: G:\stm32cubeide\workspace\BootLoader\APPLICATION\Core\Src\stm32f4xx_hal_msp.c
2025-04-30 23:38:12,153 [INFO] CodeEngine:263 - oldGeneratedFile, G:\stm32cubeide\workspace\BootLoader\APPLICATION\MXTmpFiles\system.tmp_save
2025-04-30 23:38:12,226 [INFO] CodeEngine:287 - Generated code: G:\stm32cubeide\workspace\BootLoader\APPLICATION\MXTmpFiles\system.tmp
2025-04-30 23:38:12,238 [INFO] CodeEngine:319 - oldGeneratedFile, G:\stm32cubeide\workspace\BootLoader\APPLICATION\Core\Inc\stm32f4xx_hal_conf.h_save
2025-04-30 23:38:12,388 [INFO] CodeEngine:343 - Generated code: G:\stm32cubeide\workspace\BootLoader\APPLICATION\Core\Inc\stm32f4xx_hal_conf.h
2025-04-30 23:38:12,431 [INFO] ApiDbMcu:508 - Load IP Config File for RCC
2025-04-30 23:38:12,439 [INFO] CodeEngine:263 - oldGeneratedFile, G:\stm32cubeide\workspace\BootLoader\APPLICATION\Core\Inc\main.h_save
2025-04-30 23:38:12,612 [INFO] CodeEngine:287 - Generated code: G:\stm32cubeide\workspace\BootLoader\APPLICATION\Core\Inc\main.h
2025-04-30 23:38:12,618 [INFO] CodeEngine:263 - oldGeneratedFile, G:\stm32cubeide\workspace\BootLoader\APPLICATION\Core\Src\main.c_save
2025-04-30 23:38:12,803 [INFO] CodeEngine:287 - Generated code: G:\stm32cubeide\workspace\BootLoader\APPLICATION\Core\Src\main.c
2025-04-30 23:38:13,382 [INFO] ProjectBuilder:3324 - Time for Copy HAL[1] : 258mS.
2025-04-30 23:38:13,388 [INFO] ProjectBuilder:4912 - Project Generator version: 4.6.0-B36
2025-04-30 23:38:13,526 [INFO] ConfigFileManager:1590 - The Die is : DIE431
2025-04-30 23:38:13,531 [INFO] ApiDbMcu:508 - Load IP Config File for FATFS
2025-04-30 23:38:13,538 [INFO] ApiDbMcu:508 - Load IP Config File for FREERTOS
2025-04-30 23:38:13,542 [INFO] ApiDbMcu:508 - Load IP Config File for LIBJPEG
2025-04-30 23:38:13,551 [INFO] ApiDbMcu:508 - Load IP Config File for MBEDTLS
2025-04-30 23:38:13,565 [INFO] ApiDbMcu:508 - Load IP Config File for USB_DEVICE
2025-04-30 23:38:13,571 [INFO] ApiDbMcu:508 - Load IP Config File for USB_HOST
2025-04-30 23:38:17,845 [INFO] ProjectBuilder:5191 - Time for Generating toolchain IDE Files: 4457mS.
2025-04-30 23:38:17,846 [INFO] ProjectBuilder:3181 - Time for Copy CMSIS : 1mS.
2025-04-30 23:38:17,847 [INFO] ProjectBuilder:3181 - Time for Copy CMSIS : 0mS.
2025-04-30 23:38:19,651 [INFO] McuFinderGlobals:76 - Set McuFinderConnectedMode to true
2025-04-30 23:38:19,658 [INFO] ApiDb:448 - Save user favorites file C:\Users\Nghia/.stm32cubeide/favorites.mcus.txt: 0 item(s)
2025-04-30 23:38:19,658 [INFO] ApiDb:452 - User favorites MCUs=[]
2025-04-30 23:39:50,784 [WARN] IP:2250 - DEVICE_SERIAL0_CDC_FS not found: check if there is a RefParameter without a condition.
2025-04-30 23:39:50,784 [WARN] IP:2250 - DEVICE_SERIAL1_CDC_FS not found: check if there is a RefParameter without a condition.
2025-04-30 23:39:50,784 [WARN] IP:2250 - DEVICE_SERIAL2_CDC_FS not found: check if there is a RefParameter without a condition.
2025-04-30 23:39:50,786 [WARN] IP:2250 - DEVICE_SERIAL0_CDC_FS not found: check if there is a RefParameter without a condition.
2025-04-30 23:39:50,787 [WARN] IP:2250 - DEVICE_SERIAL1_CDC_FS not found: check if there is a RefParameter without a condition.
2025-04-30 23:39:50,787 [WARN] IP:2250 - DEVICE_SERIAL2_CDC_FS not found: check if there is a RefParameter without a condition.
2025-04-30 23:39:50,806 [WARN] IP:2250 - DEVICE_SERIAL0_CDC_FS not found: check if there is a RefParameter without a condition.
2025-04-30 23:39:50,807 [WARN] IP:2250 - DEVICE_SERIAL1_CDC_FS not found: check if there is a RefParameter without a condition.
2025-04-30 23:39:50,807 [WARN] IP:2250 - DEVICE_SERIAL2_CDC_FS not found: check if there is a RefParameter without a condition.
2025-04-30 23:39:56,076 [ERROR] LogOutputStream:75 - [STDERR_REDIRECT] Exception in thread "AWT-EventQueue-0" java.lang.ClassCastException: class sun.awt.windows.WEmbeddedFrame cannot be cast to class javax.swing.JFrame (sun.awt.windows.WEmbeddedFrame and javax.swing.JFrame are in module java.desktop of loader 'bootstrap')
2025-04-30 23:39:56,079 [ERROR] LogOutputStream:75 - [STDERR_REDIRECT] 	at com.st.microxplorer.plugins.clock.ClockConfigurationView.activatePlugin(ClockConfigurationView.java:425)
2025-04-30 23:39:56,081 [ERROR] LogOutputStream:75 - [STDERR_REDIRECT] 	at com.st.microxplorer.maingui.MainPanel$1.stateChanged(MainPanel.java:382)
2025-04-30 23:39:56,083 [ERROR] LogOutputStream:75 - [STDERR_REDIRECT] 	at java.desktop/javax.swing.JTabbedPane.fireStateChanged(JTabbedPane.java:446)
2025-04-30 23:39:56,086 [ERROR] LogOutputStream:75 - [STDERR_REDIRECT] 	at java.desktop/javax.swing.JTabbedPane$ModelListener.stateChanged(JTabbedPane.java:297)
2025-04-30 23:39:56,089 [ERROR] LogOutputStream:75 - [STDERR_REDIRECT] 	at java.desktop/javax.swing.DefaultSingleSelectionModel.fireStateChanged(DefaultSingleSelectionModel.java:148)
2025-04-30 23:39:56,091 [ERROR] LogOutputStream:75 - [STDERR_REDIRECT] 	at java.desktop/javax.swing.DefaultSingleSelectionModel.setSelectedIndex(DefaultSingleSelectionModel.java:79)
2025-04-30 23:39:56,092 [ERROR] LogOutputStream:75 - [STDERR_REDIRECT] 	at java.desktop/javax.swing.JTabbedPane.setSelectedIndexImpl(JTabbedPane.java:650)
2025-04-30 23:39:56,094 [ERROR] LogOutputStream:75 - [STDERR_REDIRECT] 	at java.desktop/javax.swing.JTabbedPane.setSelectedIndex(JTabbedPane.java:625)
2025-04-30 23:39:56,096 [ERROR] LogOutputStream:75 - [STDERR_REDIRECT] 	at java.desktop/javax.swing.plaf.basic.BasicTabbedPaneUI$Handler.mousePressed(BasicTabbedPaneUI.java:4140)
2025-04-30 23:39:56,097 [ERROR] LogOutputStream:75 - [STDERR_REDIRECT] 	at java.desktop/java.awt.Component.processMouseEvent(Component.java:6618)
2025-04-30 23:39:56,098 [ERROR] LogOutputStream:75 - [STDERR_REDIRECT] 	at java.desktop/javax.swing.JComponent.processMouseEvent(JComponent.java:3398)
2025-04-30 23:39:56,099 [ERROR] LogOutputStream:75 - [STDERR_REDIRECT] 	at java.desktop/java.awt.Component.processEvent(Component.java:6386)
2025-04-30 23:39:56,101 [ERROR] LogOutputStream:75 - [STDERR_REDIRECT] 	at java.desktop/java.awt.Container.processEvent(Container.java:2266)
2025-04-30 23:39:56,103 [ERROR] LogOutputStream:75 - [STDERR_REDIRECT] 	at java.desktop/java.awt.Component.dispatchEventImpl(Component.java:4996)
2025-04-30 23:39:56,104 [ERROR] LogOutputStream:75 - [STDERR_REDIRECT] 	at java.desktop/java.awt.Container.dispatchEventImpl(Container.java:2324)
2025-04-30 23:39:56,105 [ERROR] LogOutputStream:75 - [STDERR_REDIRECT] 	at java.desktop/java.awt.Component.dispatchEvent(Component.java:4828)
2025-04-30 23:39:56,106 [ERROR] LogOutputStream:75 - [STDERR_REDIRECT] 	at java.desktop/java.awt.LightweightDispatcher.retargetMouseEvent(Container.java:4948)
2025-04-30 23:39:56,108 [ERROR] LogOutputStream:75 - [STDERR_REDIRECT] 	at java.desktop/java.awt.LightweightDispatcher.processMouseEvent(Container.java:4572)
2025-04-30 23:39:56,110 [ERROR] LogOutputStream:75 - [STDERR_REDIRECT] 	at java.desktop/java.awt.LightweightDispatcher.dispatchEvent(Container.java:4516)
2025-04-30 23:39:56,111 [ERROR] LogOutputStream:75 - [STDERR_REDIRECT] 	at java.desktop/java.awt.Container.dispatchEventImpl(Container.java:2310)
2025-04-30 23:39:56,111 [ERROR] LogOutputStream:75 - [STDERR_REDIRECT] 	at java.desktop/java.awt.Component.dispatchEvent(Component.java:4828)
2025-04-30 23:39:56,113 [ERROR] LogOutputStream:75 - [STDERR_REDIRECT] 	at java.desktop/java.awt.EventQueue.dispatchEventImpl(EventQueue.java:775)
2025-04-30 23:39:56,114 [ERROR] LogOutputStream:75 - [STDERR_REDIRECT] 	at java.desktop/java.awt.EventQueue$4.run(EventQueue.java:720)
2025-04-30 23:39:56,116 [ERROR] LogOutputStream:75 - [STDERR_REDIRECT] 	at java.desktop/java.awt.EventQueue$4.run(EventQueue.java:714)
2025-04-30 23:39:56,117 [ERROR] LogOutputStream:75 - [STDERR_REDIRECT] 	at java.base/java.security.AccessController.doPrivileged(AccessController.java:400)
2025-04-30 23:39:56,118 [ERROR] LogOutputStream:75 - [STDERR_REDIRECT] 	at java.base/java.security.ProtectionDomain$JavaSecurityAccessImpl.doIntersectionPrivilege(ProtectionDomain.java:87)
2025-04-30 23:39:56,119 [ERROR] LogOutputStream:75 - [STDERR_REDIRECT] 	at java.base/java.security.ProtectionDomain$JavaSecurityAccessImpl.doIntersectionPrivilege(ProtectionDomain.java:98)
2025-04-30 23:39:56,121 [ERROR] LogOutputStream:75 - [STDERR_REDIRECT] 	at java.desktop/java.awt.EventQueue$5.run(EventQueue.java:747)
2025-04-30 23:39:56,122 [ERROR] LogOutputStream:75 - [STDERR_REDIRECT] 	at java.desktop/java.awt.EventQueue$5.run(EventQueue.java:745)
2025-04-30 23:39:56,124 [ERROR] LogOutputStream:75 - [STDERR_REDIRECT] 	at java.base/java.security.AccessController.doPrivileged(AccessController.java:400)
2025-04-30 23:39:56,125 [ERROR] LogOutputStream:75 - [STDERR_REDIRECT] 	at java.base/java.security.ProtectionDomain$JavaSecurityAccessImpl.doIntersectionPrivilege(ProtectionDomain.java:87)
2025-04-30 23:39:56,126 [ERROR] LogOutputStream:75 - [STDERR_REDIRECT] 	at java.desktop/java.awt.EventQueue.dispatchEvent(EventQueue.java:744)
2025-04-30 23:39:56,128 [ERROR] LogOutputStream:75 - [STDERR_REDIRECT] 	at java.desktop/java.awt.EventDispatchThread.pumpOneEventForFilters(EventDispatchThread.java:203)
2025-04-30 23:39:56,131 [ERROR] LogOutputStream:75 - [STDERR_REDIRECT] 	at java.desktop/java.awt.EventDispatchThread.pumpEventsForFilter(EventDispatchThread.java:124)
2025-04-30 23:39:56,132 [ERROR] LogOutputStream:75 - [STDERR_REDIRECT] 	at java.desktop/java.awt.EventDispatchThread.pumpEventsForHierarchy(EventDispatchThread.java:113)
2025-04-30 23:39:56,133 [ERROR] LogOutputStream:75 - [STDERR_REDIRECT] 	at java.desktop/java.awt.EventDispatchThread.pumpEvents(EventDispatchThread.java:109)
2025-04-30 23:39:56,134 [ERROR] LogOutputStream:75 - [STDERR_REDIRECT] 	at java.desktop/java.awt.EventDispatchThread.pumpEvents(EventDispatchThread.java:101)
2025-04-30 23:39:56,136 [ERROR] LogOutputStream:75 - [STDERR_REDIRECT] 	at java.desktop/java.awt.EventDispatchThread.run(EventDispatchThread.java:90)
2025-04-30 23:40:06,677 [WARN] IP:2250 - DEVICE_SERIAL0_CDC_FS not found: check if there is a RefParameter without a condition.
2025-04-30 23:40:06,678 [WARN] IP:2250 - DEVICE_SERIAL1_CDC_FS not found: check if there is a RefParameter without a condition.
2025-04-30 23:40:06,678 [WARN] IP:2250 - DEVICE_SERIAL2_CDC_FS not found: check if there is a RefParameter without a condition.
2025-04-30 23:40:06,679 [WARN] IP:2250 - DEVICE_SERIAL0_CDC_FS not found: check if there is a RefParameter without a condition.
2025-04-30 23:40:06,679 [WARN] IP:2250 - DEVICE_SERIAL1_CDC_FS not found: check if there is a RefParameter without a condition.
2025-04-30 23:40:06,679 [WARN] IP:2250 - DEVICE_SERIAL2_CDC_FS not found: check if there is a RefParameter without a condition.
2025-04-30 23:40:11,956 [WARN] IP:2250 - DEVICE_SERIAL0_CDC_FS not found: check if there is a RefParameter without a condition.
2025-04-30 23:40:11,956 [WARN] IP:2250 - DEVICE_SERIAL1_CDC_FS not found: check if there is a RefParameter without a condition.
2025-04-30 23:40:11,956 [WARN] IP:2250 - DEVICE_SERIAL2_CDC_FS not found: check if there is a RefParameter without a condition.
2025-04-30 23:40:11,957 [WARN] IP:2250 - DEVICE_SERIAL0_CDC_FS not found: check if there is a RefParameter without a condition.
2025-04-30 23:40:11,957 [WARN] IP:2250 - DEVICE_SERIAL1_CDC_FS not found: check if there is a RefParameter without a condition.
2025-04-30 23:40:11,957 [WARN] IP:2250 - DEVICE_SERIAL2_CDC_FS not found: check if there is a RefParameter without a condition.
2025-04-30 23:40:15,562 [WARN] IP:2250 - DEVICE_SERIAL0_CDC_FS not found: check if there is a RefParameter without a condition.
2025-04-30 23:40:15,562 [WARN] IP:2250 - DEVICE_SERIAL1_CDC_FS not found: check if there is a RefParameter without a condition.
2025-04-30 23:40:15,563 [WARN] IP:2250 - DEVICE_SERIAL2_CDC_FS not found: check if there is a RefParameter without a condition.
2025-04-30 23:40:15,566 [WARN] IP:2250 - DEVICE_SERIAL0_CDC_FS not found: check if there is a RefParameter without a condition.
2025-04-30 23:40:15,566 [WARN] IP:2250 - DEVICE_SERIAL1_CDC_FS not found: check if there is a RefParameter without a condition.
2025-04-30 23:40:15,566 [WARN] IP:2250 - DEVICE_SERIAL2_CDC_FS not found: check if there is a RefParameter without a condition.
2025-04-30 23:40:16,813 [WARN] IP:2250 - DEVICE_SERIAL0_CDC_FS not found: check if there is a RefParameter without a condition.
2025-04-30 23:40:16,813 [WARN] IP:2250 - DEVICE_SERIAL1_CDC_FS not found: check if there is a RefParameter without a condition.
2025-04-30 23:40:16,813 [WARN] IP:2250 - DEVICE_SERIAL2_CDC_FS not found: check if there is a RefParameter without a condition.
2025-04-30 23:40:16,815 [WARN] IP:2250 - DEVICE_SERIAL0_CDC_FS not found: check if there is a RefParameter without a condition.
2025-04-30 23:40:16,816 [WARN] IP:2250 - DEVICE_SERIAL1_CDC_FS not found: check if there is a RefParameter without a condition.
2025-04-30 23:40:16,816 [WARN] IP:2250 - DEVICE_SERIAL2_CDC_FS not found: check if there is a RefParameter without a condition.
2025-04-30 23:40:24,339 [WARN] IP:2250 - DEVICE_SERIAL0_CDC_FS not found: check if there is a RefParameter without a condition.
2025-04-30 23:40:24,340 [WARN] IP:2250 - DEVICE_SERIAL1_CDC_FS not found: check if there is a RefParameter without a condition.
2025-04-30 23:40:24,340 [WARN] IP:2250 - DEVICE_SERIAL2_CDC_FS not found: check if there is a RefParameter without a condition.
2025-04-30 23:40:24,342 [WARN] IP:2250 - DEVICE_SERIAL0_CDC_FS not found: check if there is a RefParameter without a condition.
2025-04-30 23:40:24,343 [WARN] IP:2250 - DEVICE_SERIAL1_CDC_FS not found: check if there is a RefParameter without a condition.
2025-04-30 23:40:24,343 [WARN] IP:2250 - DEVICE_SERIAL2_CDC_FS not found: check if there is a RefParameter without a condition.
2025-04-30 23:40:26,305 [WARN] IP:2250 - DEVICE_SERIAL0_CDC_FS not found: check if there is a RefParameter without a condition.
2025-04-30 23:40:26,305 [WARN] IP:2250 - DEVICE_SERIAL1_CDC_FS not found: check if there is a RefParameter without a condition.
2025-04-30 23:40:26,305 [WARN] IP:2250 - DEVICE_SERIAL2_CDC_FS not found: check if there is a RefParameter without a condition.
2025-04-30 23:40:26,306 [WARN] IP:2250 - DEVICE_SERIAL0_CDC_FS not found: check if there is a RefParameter without a condition.
2025-04-30 23:40:26,306 [WARN] IP:2250 - DEVICE_SERIAL1_CDC_FS not found: check if there is a RefParameter without a condition.
2025-04-30 23:40:26,307 [WARN] IP:2250 - DEVICE_SERIAL2_CDC_FS not found: check if there is a RefParameter without a condition.
2025-04-30 23:40:38,221 [WARN] IP:2250 - DEVICE_SERIAL0_CDC_FS not found: check if there is a RefParameter without a condition.
2025-04-30 23:40:38,221 [WARN] IP:2250 - DEVICE_SERIAL1_CDC_FS not found: check if there is a RefParameter without a condition.
2025-04-30 23:40:38,221 [WARN] IP:2250 - DEVICE_SERIAL2_CDC_FS not found: check if there is a RefParameter without a condition.
2025-04-30 23:40:38,222 [WARN] IP:2250 - DEVICE_SERIAL0_CDC_FS not found: check if there is a RefParameter without a condition.
2025-04-30 23:40:38,223 [WARN] IP:2250 - DEVICE_SERIAL1_CDC_FS not found: check if there is a RefParameter without a condition.
2025-04-30 23:40:38,223 [WARN] IP:2250 - DEVICE_SERIAL2_CDC_FS not found: check if there is a RefParameter without a condition.
2025-04-30 23:40:38,259 [WARN] IP:2250 - DEVICE_SERIAL0_CDC_FS not found: check if there is a RefParameter without a condition.
2025-04-30 23:40:38,259 [WARN] IP:2250 - DEVICE_SERIAL1_CDC_FS not found: check if there is a RefParameter without a condition.
2025-04-30 23:40:38,259 [WARN] IP:2250 - DEVICE_SERIAL2_CDC_FS not found: check if there is a RefParameter without a condition.
2025-04-30 23:40:38,282 [WARN] IP:2250 - DEVICE_SERIAL0_CDC_FS not found: check if there is a RefParameter without a condition.
2025-04-30 23:40:38,282 [WARN] IP:2250 - DEVICE_SERIAL1_CDC_FS not found: check if there is a RefParameter without a condition.
2025-04-30 23:40:38,282 [WARN] IP:2250 - DEVICE_SERIAL2_CDC_FS not found: check if there is a RefParameter without a condition.
2025-04-30 23:40:40,340 [WARN] IP:2250 - DEVICE_SERIAL0_CDC_FS not found: check if there is a RefParameter without a condition.
2025-04-30 23:40:40,341 [WARN] IP:2250 - DEVICE_SERIAL1_CDC_FS not found: check if there is a RefParameter without a condition.
2025-04-30 23:40:40,341 [WARN] IP:2250 - DEVICE_SERIAL2_CDC_FS not found: check if there is a RefParameter without a condition.
2025-04-30 23:40:40,342 [WARN] IP:2250 - DEVICE_SERIAL0_CDC_FS not found: check if there is a RefParameter without a condition.
2025-04-30 23:40:40,342 [WARN] IP:2250 - DEVICE_SERIAL1_CDC_FS not found: check if there is a RefParameter without a condition.
2025-04-30 23:40:40,342 [WARN] IP:2250 - DEVICE_SERIAL2_CDC_FS not found: check if there is a RefParameter without a condition.
2025-04-30 23:40:40,366 [WARN] IP:2250 - DEVICE_SERIAL0_CDC_FS not found: check if there is a RefParameter without a condition.
2025-04-30 23:40:40,366 [WARN] IP:2250 - DEVICE_SERIAL1_CDC_FS not found: check if there is a RefParameter without a condition.
2025-04-30 23:40:40,366 [WARN] IP:2250 - DEVICE_SERIAL2_CDC_FS not found: check if there is a RefParameter without a condition.
2025-04-30 23:40:40,382 [WARN] IP:2250 - DEVICE_SERIAL0_CDC_FS not found: check if there is a RefParameter without a condition.
2025-04-30 23:40:40,383 [WARN] IP:2250 - DEVICE_SERIAL1_CDC_FS not found: check if there is a RefParameter without a condition.
2025-04-30 23:40:40,383 [WARN] IP:2250 - DEVICE_SERIAL2_CDC_FS not found: check if there is a RefParameter without a condition.
2025-04-30 23:40:42,359 [WARN] IP:2250 - DEVICE_SERIAL0_CDC_FS not found: check if there is a RefParameter without a condition.
2025-04-30 23:40:42,367 [WARN] IP:2250 - DEVICE_SERIAL1_CDC_FS not found: check if there is a RefParameter without a condition.
2025-04-30 23:40:42,367 [WARN] IP:2250 - DEVICE_SERIAL2_CDC_FS not found: check if there is a RefParameter without a condition.
2025-04-30 23:40:42,370 [WARN] IP:2250 - DEVICE_SERIAL0_CDC_FS not found: check if there is a RefParameter without a condition.
2025-04-30 23:40:42,370 [WARN] IP:2250 - DEVICE_SERIAL1_CDC_FS not found: check if there is a RefParameter without a condition.
2025-04-30 23:40:42,370 [WARN] IP:2250 - DEVICE_SERIAL2_CDC_FS not found: check if there is a RefParameter without a condition.
2025-04-30 23:40:42,404 [WARN] IP:2250 - DEVICE_SERIAL0_CDC_FS not found: check if there is a RefParameter without a condition.
2025-04-30 23:40:42,405 [WARN] IP:2250 - DEVICE_SERIAL1_CDC_FS not found: check if there is a RefParameter without a condition.
2025-04-30 23:40:42,405 [WARN] IP:2250 - DEVICE_SERIAL2_CDC_FS not found: check if there is a RefParameter without a condition.
2025-04-30 23:40:42,425 [WARN] IP:2250 - DEVICE_SERIAL0_CDC_FS not found: check if there is a RefParameter without a condition.
2025-04-30 23:40:42,425 [WARN] IP:2250 - DEVICE_SERIAL1_CDC_FS not found: check if there is a RefParameter without a condition.
2025-04-30 23:40:42,426 [WARN] IP:2250 - DEVICE_SERIAL2_CDC_FS not found: check if there is a RefParameter without a condition.
2025-04-30 23:40:45,148 [WARN] IP:2250 - DEVICE_SERIAL0_CDC_FS not found: check if there is a RefParameter without a condition.
2025-04-30 23:40:45,148 [WARN] IP:2250 - DEVICE_SERIAL1_CDC_FS not found: check if there is a RefParameter without a condition.
2025-04-30 23:40:45,149 [WARN] IP:2250 - DEVICE_SERIAL2_CDC_FS not found: check if there is a RefParameter without a condition.
2025-04-30 23:40:45,149 [WARN] IP:2250 - DEVICE_SERIAL0_CDC_FS not found: check if there is a RefParameter without a condition.
2025-04-30 23:40:45,150 [WARN] IP:2250 - DEVICE_SERIAL1_CDC_FS not found: check if there is a RefParameter without a condition.
2025-04-30 23:40:45,150 [WARN] IP:2250 - DEVICE_SERIAL2_CDC_FS not found: check if there is a RefParameter without a condition.
2025-04-30 23:40:45,176 [WARN] IP:2250 - DEVICE_SERIAL0_CDC_FS not found: check if there is a RefParameter without a condition.
2025-04-30 23:40:45,176 [WARN] IP:2250 - DEVICE_SERIAL1_CDC_FS not found: check if there is a RefParameter without a condition.
2025-04-30 23:40:45,177 [WARN] IP:2250 - DEVICE_SERIAL2_CDC_FS not found: check if there is a RefParameter without a condition.
2025-04-30 23:40:45,196 [WARN] IP:2250 - DEVICE_SERIAL0_CDC_FS not found: check if there is a RefParameter without a condition.
2025-04-30 23:40:45,196 [WARN] IP:2250 - DEVICE_SERIAL1_CDC_FS not found: check if there is a RefParameter without a condition.
2025-04-30 23:40:45,196 [WARN] IP:2250 - DEVICE_SERIAL2_CDC_FS not found: check if there is a RefParameter without a condition.
2025-04-30 23:41:13,693 [INFO] UtilMem:75 - End SaveConfig() Used Memory: 987117728 Bytes (1073741824)
2025-04-30 23:41:15,149 [INFO] UtilMem:75 - End SaveConfig() Used Memory: 1010720696 Bytes (1073741824)
2025-04-30 23:41:17,666 [INFO] UtilMem:75 - End SaveConfig() Used Memory: 681994304 Bytes (1073741824)
2025-04-30 23:41:18,110 [INFO] BlockDiagram:2775 - set Specific Code input for plugin: USB_OTG_FS
2025-04-30 23:41:18,110 [INFO] BlockDiagram:2775 - set Specific Code input for plugin: NVIC
2025-04-30 23:41:18,110 [INFO] BlockDiagram:2775 - set Specific Code input for plugin: USB_DEVICE
2025-04-30 23:41:18,110 [INFO] BlockDiagram:2775 - set Specific Code input for plugin: SYS
2025-04-30 23:41:18,111 [INFO] BlockDiagram:2775 - set Specific Code input for plugin: GPIO
2025-04-30 23:41:18,111 [INFO] BlockDiagram:2775 - set Specific Code input for plugin: RCC
2025-04-30 23:41:18,113 [INFO] CodeGenerator:882 - code generatio: config db path: G:\stm32cubeide\Install\STM32CubeIDE_1.18.0\STM32CubeIDE\plugins\com.st.stm32cube.common.mx_6.14.0.202502271554\\db\
2025-04-30 23:41:18,128 [WARN] IP:2250 - DEVICE_SERIAL0_CDC_FS not found: check if there is a RefParameter without a condition.
2025-04-30 23:41:18,128 [WARN] IP:2250 - DEVICE_SERIAL1_CDC_FS not found: check if there is a RefParameter without a condition.
2025-04-30 23:41:18,128 [WARN] IP:2250 - DEVICE_SERIAL2_CDC_FS not found: check if there is a RefParameter without a condition.
2025-04-30 23:41:18,226 [INFO] CodeEngine:263 - oldGeneratedFile, G:\stm32cubeide\workspace\BootLoader\APPLICATION\MXTmpFiles\license.tmp_save
2025-04-30 23:41:18,402 [INFO] CodeEngine:287 - Generated code: G:\stm32cubeide\workspace\BootLoader\APPLICATION\MXTmpFiles\license.tmp
2025-04-30 23:41:18,453 [INFO] CodeEngine:263 - oldGeneratedFile, G:\stm32cubeide\workspace\BootLoader\APPLICATION\MXTmpFiles\gpio.tmp_save
2025-04-30 23:41:18,609 [INFO] CodeEngine:287 - Generated code: G:\stm32cubeide\workspace\BootLoader\APPLICATION\MXTmpFiles\gpio.tmp
2025-04-30 23:41:18,662 [WARN] IPConfigManager:3174 - Warning: the RefConfig PWREx_EnableUSBVoltageDetector is not available in your config.xml file
2025-04-30 23:41:18,673 [INFO] CodeEngine:263 - oldGeneratedFile, G:\stm32cubeide\workspace\BootLoader\APPLICATION\MXTmpFiles\usb_otg_fs_vars.tmp_save
2025-04-30 23:41:18,795 [INFO] CodeEngine:287 - Generated code: G:\stm32cubeide\workspace\BootLoader\APPLICATION\MXTmpFiles\usb_otg_fs_vars.tmp
2025-04-30 23:41:18,801 [INFO] CodeEngine:263 - oldGeneratedFile, G:\stm32cubeide\workspace\BootLoader\APPLICATION\MXTmpFiles\usb_otg_fs_inc.tmp_save
2025-04-30 23:41:18,868 [INFO] CodeEngine:287 - Generated code: G:\stm32cubeide\workspace\BootLoader\APPLICATION\MXTmpFiles\usb_otg_fs_inc.tmp
2025-04-30 23:41:18,873 [INFO] CodeEngine:263 - oldGeneratedFile, G:\stm32cubeide\workspace\BootLoader\APPLICATION\MXTmpFiles\usb_otg_fs_HalInit.tmp_save
2025-04-30 23:41:18,982 [INFO] CodeEngine:287 - Generated code: G:\stm32cubeide\workspace\BootLoader\APPLICATION\MXTmpFiles\usb_otg_fs_HalInit.tmp
2025-04-30 23:41:18,990 [INFO] CodeEngine:263 - oldGeneratedFile, G:\stm32cubeide\workspace\BootLoader\APPLICATION\MXTmpFiles\usb_otg_fs_Msp.tmp_save
2025-04-30 23:41:19,112 [INFO] CodeEngine:287 - Generated code: G:\stm32cubeide\workspace\BootLoader\APPLICATION\MXTmpFiles\usb_otg_fs_Msp.tmp
2025-04-30 23:41:19,183 [INFO] Middleware:1452 - No code input for Bsp Dependency
2025-04-30 23:41:19,206 [INFO] Middleware:1452 - No code input for Bsp Dependency
2025-04-30 23:41:19,216 [INFO] CodeEngine:263 - oldGeneratedFile, G:\stm32cubeide\workspace\BootLoader\APPLICATION\USB_DEVICE\App\usb_device.c_save
2025-04-30 23:41:19,335 [INFO] CodeEngine:287 - Generated code: G:\stm32cubeide\workspace\BootLoader\APPLICATION\USB_DEVICE\App\usb_device.c
2025-04-30 23:41:19,338 [INFO] CodeEngine:263 - oldGeneratedFile, G:\stm32cubeide\workspace\BootLoader\APPLICATION\USB_DEVICE\App\usb_device.h_save
2025-04-30 23:41:19,423 [INFO] CodeEngine:287 - Generated code: G:\stm32cubeide\workspace\BootLoader\APPLICATION\USB_DEVICE\App\usb_device.h
2025-04-30 23:41:19,428 [INFO] CodeEngine:263 - oldGeneratedFile, G:\stm32cubeide\workspace\BootLoader\APPLICATION\USB_DEVICE\Target\usbd_conf.h_save
2025-04-30 23:41:19,495 [INFO] CodeEngine:287 - Generated code: G:\stm32cubeide\workspace\BootLoader\APPLICATION\USB_DEVICE\Target\usbd_conf.h
2025-04-30 23:41:19,499 [INFO] CodeEngine:263 - oldGeneratedFile, G:\stm32cubeide\workspace\BootLoader\APPLICATION\USB_DEVICE\Target\usbd_conf.c_save
2025-04-30 23:41:19,628 [INFO] CodeEngine:287 - Generated code: G:\stm32cubeide\workspace\BootLoader\APPLICATION\USB_DEVICE\Target\usbd_conf.c
2025-04-30 23:41:19,646 [INFO] CodeEngine:263 - oldGeneratedFile, G:\stm32cubeide\workspace\BootLoader\APPLICATION\USB_DEVICE\App\usbd_desc.h_save
2025-04-30 23:41:19,717 [INFO] CodeEngine:287 - Generated code: G:\stm32cubeide\workspace\BootLoader\APPLICATION\USB_DEVICE\App\usbd_desc.h
2025-04-30 23:41:19,722 [INFO] CodeEngine:263 - oldGeneratedFile, G:\stm32cubeide\workspace\BootLoader\APPLICATION\USB_DEVICE\App\usbd_desc.c_save
2025-04-30 23:41:19,850 [INFO] CodeEngine:287 - Generated code: G:\stm32cubeide\workspace\BootLoader\APPLICATION\USB_DEVICE\App\usbd_desc.c
2025-04-30 23:41:19,867 [INFO] CodeEngine:263 - oldGeneratedFile, G:\stm32cubeide\workspace\BootLoader\APPLICATION\USB_DEVICE\App\usbd_cdc_if.h_save
2025-04-30 23:41:19,931 [INFO] CodeEngine:287 - Generated code: G:\stm32cubeide\workspace\BootLoader\APPLICATION\USB_DEVICE\App\usbd_cdc_if.h
2025-04-30 23:41:19,935 [INFO] CodeEngine:263 - oldGeneratedFile, G:\stm32cubeide\workspace\BootLoader\APPLICATION\USB_DEVICE\App\usbd_cdc_if.c_save
2025-04-30 23:41:20,044 [INFO] CodeEngine:287 - Generated code: G:\stm32cubeide\workspace\BootLoader\APPLICATION\USB_DEVICE\App\usbd_cdc_if.c
2025-04-30 23:41:20,087 [INFO] CodeEngine:263 - oldGeneratedFile, G:\stm32cubeide\workspace\BootLoader\APPLICATION\Core\Src\stm32f4xx_it.c_save
2025-04-30 23:41:20,229 [INFO] CodeEngine:287 - Generated code: G:\stm32cubeide\workspace\BootLoader\APPLICATION\Core\Src\stm32f4xx_it.c
2025-04-30 23:41:20,234 [INFO] CodeEngine:263 - oldGeneratedFile, G:\stm32cubeide\workspace\BootLoader\APPLICATION\Core\Inc\stm32f4xx_it.h_save
2025-04-30 23:41:20,303 [INFO] CodeEngine:287 - Generated code: G:\stm32cubeide\workspace\BootLoader\APPLICATION\Core\Inc\stm32f4xx_it.h
2025-04-30 23:41:20,337 [INFO] CodeEngine:263 - oldGeneratedFile, G:\stm32cubeide\workspace\BootLoader\APPLICATION\Core\Src\stm32f4xx_hal_msp.c_save
2025-04-30 23:41:20,461 [INFO] CodeEngine:287 - Generated code: G:\stm32cubeide\workspace\BootLoader\APPLICATION\Core\Src\stm32f4xx_hal_msp.c
2025-04-30 23:41:20,465 [INFO] CodeEngine:263 - oldGeneratedFile, G:\stm32cubeide\workspace\BootLoader\APPLICATION\MXTmpFiles\system.tmp_save
2025-04-30 23:41:20,532 [INFO] CodeEngine:287 - Generated code: G:\stm32cubeide\workspace\BootLoader\APPLICATION\MXTmpFiles\system.tmp
2025-04-30 23:41:20,559 [INFO] CodeEngine:319 - oldGeneratedFile, G:\stm32cubeide\workspace\BootLoader\APPLICATION\Core\Inc\stm32f4xx_hal_conf.h_save
2025-04-30 23:41:20,693 [INFO] CodeEngine:343 - Generated code: G:\stm32cubeide\workspace\BootLoader\APPLICATION\Core\Inc\stm32f4xx_hal_conf.h
2025-04-30 23:41:20,772 [INFO] CodeEngine:263 - oldGeneratedFile, G:\stm32cubeide\workspace\BootLoader\APPLICATION\Core\Inc\main.h_save
2025-04-30 23:41:20,859 [INFO] CodeEngine:287 - Generated code: G:\stm32cubeide\workspace\BootLoader\APPLICATION\Core\Inc\main.h
2025-04-30 23:41:20,878 [INFO] CodeEngine:263 - oldGeneratedFile, G:\stm32cubeide\workspace\BootLoader\APPLICATION\Core\Src\main.c_save
2025-04-30 23:41:21,028 [INFO] CodeEngine:287 - Generated code: G:\stm32cubeide\workspace\BootLoader\APPLICATION\Core\Src\main.c
2025-04-30 23:41:21,397 [INFO] ProjectBuilder:3324 - Time for Copy HAL[1] : 194mS.
2025-04-30 23:41:21,402 [INFO] ProjectBuilder:4912 - Project Generator version: 4.6.0-B36
2025-04-30 23:41:21,479 [INFO] ConfigFileManager:1590 - The Die is : DIE431
2025-04-30 23:41:22,910 [INFO] ProjectBuilder:5191 - Time for Generating toolchain IDE Files: 1508mS.
2025-04-30 23:41:22,911 [INFO] ProjectBuilder:3181 - Time for Copy CMSIS : 1mS.
2025-04-30 23:41:22,915 [INFO] ProjectBuilder:3181 - Time for Copy CMSIS : 0mS.
